,AAPL,MSFT,AMZN,GOOGL,META,NVDA,TSLA
2022-10-19,100.34531191237997,100.9385907220083,98.88281359931361,100.79258144389713,100.09187427757504,99.79609944167433,101.12540939554948
2022-10-20,99.34687516631236,100.99053238288013,99.08281777218806,101.49201874628717,99.50943680033456,99.52067828887154,101.17395042696992
2022-10-21,100.1352755843068,101.28260175115456,99.84841643716983,102.16571741724675,99.0264924574818,98.9141679134668,102.02009340555651
2022-10-24,101.12199657815688,101.36793016219437,98.31555132248596,102.16852777676397,97.95793201585164,99.17304324171252,101.56218449106305
2022-10-25,99.20786773183546,101.20292207498305,98.37960383000944,102.41152404543979,99.24542974693198,99.60555810250497,99.77776693572864
2022-10-26,97.9635556016898,100.15343486434594,98.20274287328094,101.24541287015639,100.3488607451659,99.96786655058504,100.08591550585547
2022-10-27,98.12811608923045,100.04227432879627,98.57811044142952,99.09539580707207,100.92998522949257,99.69221115875588,100.85483571362886
2022-10-28,97.85741850068665,99.33836564191839,98.60479050230893,99.28393658899894,102.98146498414107,98.63945491523202,101.47735662277
2022-10-31,97.88012292255472,98.14330455974162,97.22071955003489,99.64597894395257,102.82788421424156,99.33814773737582,101.94745696315107
2022-11-01,97.08754091284992,98.68578562739893,96.03953790499173,100.89862901821338,106.03552586285491,99.3903276329057,101.6333453019258
2022-11-02,97.98427777140552,99.11230159043497,96.10623513530292,102.53761408011879,105.8368643936927,100.31732146924116,100.85705532691544
2022-11-03,98.78887075713324,97.39613144351715,97.13890891918552,104.20182908332418,106.1497493616977,101.1534966683713,101.45562423880561
2022-11-04,98.89367283727954,97.31563308977101,95.04972075919626,103.20831761198244,105.77064757839574,99.7654081454267,101.92996679592126
2022-11-07,100.05476372061537,98.32876993013568,95.4170608048332,102.88653678889237,106.20766734634945,98.38410824004208,101.40039499037543
2022-11-08,100.56384171036947,99.41558543514756,96.59757302618847,103.42328595962884,107.14172092464882,97.68264251417234,102.57263978479088
2022-11-09,99.7432956606773,100.4808603338035,96.4884544506112,106.11773509781833,107.06255489102905,96.69495487296201,101.71172365604022
2022-11-10,100.15183154176019,100.5601842974404,97.05961556274639,107.74315262481193,109.02535689690349,97.46698895747397,101.1603963127651
2022-11-11,99.23576900255372,99.75387914762702,96.41817221829884,108.99959317240177,109.33012558264588,97.84913391362628,102.8705695369187
2022-11-14,100.15139858680726,98.71816335924363,96.34167913843727,108.6211641624541,109.6701071686441,98.9701889010927,103.80949193145806
2022-11-15,100.1414581414801,99.09856931847474,94.83057659357667,107.70912148088054,108.72120540441254,99.40312489572433,103.47989244301023
2022-11-16,99.99649588155604,99.51494210798491,92.67033977341211,108.60564140890791,109.22083564978296,99.65059789292955,103.81922079393877
2022-11-17,99.35763829655829,100.84464012077406,93.58556206018379,107.45979097789404,109.11818660006378,100.89368557427521,104.02164967824605
2022-11-18,100.62002184150765,102.00082611813639,92.70534878140856,107.24676312216148,108.49989207315099,101.40928122334807,101.24495816143747
2022-11-21,100.50484821810169,101.90679549481254,92.32093147700779,107.16659616966481,107.70375341241582,101.51896490724408,100.37148664025362
2022-11-22,100.11531674888971,100.68698711506723,91.08621447619247,108.93089802048533,110.6643855989869,103.07430725085479,100.36060031982028
2022-11-23,99.803310447628,100.40635490538105,89.84686964202308,108.58863425221463,110.4173520078724,103.23438304254056,100.04334963232444
2022-11-24,100.37613155119848,100.66496384060014,89.72670109143705,106.0143273502008,108.8637871161772,102.96185301238188,100.33098936801102
2022-11-25,100.78392675069875,100.50193495718088,89.11009465572627,106.59309077481703,108.14957543341546,102.14366757816467,101.51123044675087
2022-11-28,101.2412428828587,99.96279227881031,89.48332846885432,105.89292865745112,108.1370655877085,102.905447638231,101.22584193150341
2022-11-29,101.71903180074027,100.25599728488824,89.92515543070667,105.98046523041067,108.773334667099,104.22802925827743,100.20093614273277
2022-11-30,103.96256664459005,99.79192919661514,90.25023620970953,105.93097892828793,109.42224260608535,104.21699480255506,100.56718865298609
2022-12-01,103.58232923788553,99.20680884012411,90.50202466105122,105.68370305706623,110.20919465820636,105.63126211028988,100.27935232448841
2022-12-02,103.09432241475913,99.55608739678688,91.97804474107657,106.56489109994244,109.54459496156596,103.61211051449392,100.16303211329138
2022-12-05,102.29968497218651,99.19635324563674,91.03772369905695,104.98583716501273,109.96214065720594,103.5961001838098,99.91116512261686
2022-12-06,102.97295569939256,99.47857515149447,91.02412835207704,104.48623232796321,109.04662423698322,103.59600185861768,102.21718562147682
2022-12-07,104.18374412333023,99.79063448684087,92.09784240241596,105.24549763141813,108.41637150388428,102.886742232193,99.99225947966245
2022-12-08,104.10673137125683,98.69951633627765,93.30716632567513,104.64303024419624,107.46895514277324,105.4110430762233,99.64455847120689
2022-12-09,103.27703846475617,98.2649728783882,92.0267483662551,103.0141934223028,106.24185307722902,105.38343676446469,99.68074695107335
2022-12-12,102.47001909429466,99.7278927106588,91.7764495152923,103.74669802975953,107.42148652646237,104.99662109532564,98.9447015207145
2022-12-13,103.18011878229716,98.61512122389111,93.06860733396677,104.96041495952888,108.20703035356978,105.06590193267414,99.87899286388426
2022-12-14,103.99145462958231,96.58834334483568,93.58009732876765,104.95517209980565,109.31274494377092,103.0237612471498,100.73486424142044
2022-12-15,104.59965689106328,94.84458580502304,93.80051588262526,102.95838429646311,109.39947862436512,102.28478923687251,100.7270529398858
2022-12-16,103.94741791909799,94.91015550258545,93.63399470866932,103.72929449853994,110.29672137373862,103.33678110485276,100.49496984452837
2022-12-19,104.23070791503588,94.97748707348126,93.31263290704703,102.0625325120712,108.41444180826419,102.72997257189478,100.4226828564993
2022-12-20,104.39415065545757,94.90380283048651,93.61940592488224,102.41914746103696,109.39795340088749,101.92274951092328,100.35764343148168
2022-12-21,104.66455602198383,96.10157212253085,93.42079350607662,101.55484971484321,109.6357360946197,103.30754622156677,100.3191405525741
2022-12-22,105.62285939839097,93.6043943670008,93.41838456889421,100.42394260054238,110.36957163745875,104.74333917817762,100.17077893991437
2022-12-23,105.90164382450038,94.01333834504113,93.52924328977662,100.02113871248513,110.83412448552711,105.3283773886588,100.46415647754851
2022-12-26,106.66572836829178,95.53102382221275,92.93435972716547,99.87791350841665,109.78941897370946,104.89204730394299,101.26421918964161
2022-12-27,106.7805401119638,94.49748721798784,93.46758842206722,99.2762623579898,108.20025902093317,104.68302655722394,100.06605631790293
2022-12-28,107.13255453963164,94.17692355949453,96.27004149240994,99.90238162773926,107.47553267688434,103.88613983249313,99.05981821901132
2022-12-29,107.85414202046861,93.50793131263443,94.61228293662316,99.49753119073053,108.12764111698883,102.89898294828473,97.38173932454038
2022-12-30,106.33646012847322,92.71245290639064,94.95731108779243,100.51779137315005,108.91996055086265,101.87062175745545,98.26841722044364
2023-01-02,106.03948313016191,92.44743188801351,94.2758946370604,100.84114653278276,107.48312761675916,101.28345285203817,98.55412786708112
2023-01-03,105.58409881967623,93.81408755567966,94.85975697642871,100.18023362814476,106.47634940489749,100.28095935915935,99.092979267696
2023-01-04,104.95366867803284,95.59197745017515,94.941900730923,99.35621276576352,105.7513445549392,98.76455534946248,97.72560588087885
2023-01-05,104.70716818574071,95.30950147767093,95.70625731388742,97.77183385624471,105.41632199023248,99.02108582240845,99.52542038032752
2023-01-06,106.32675985841253,97.18147516116169,96.87667198907442,98.09573307526016,104.0318365950248,99.2933670131987,98.96087635192035
2023-01-09,105.4522961577027,97.25494925743968,97.1020956976422,97.78762100981857,102.6039525363216,101.03699116574496,99.16713328820296
2023-01-10,106.52092716857192,99.01514156868984,98.24687865485268,95.53341095240302,101.80488638085443,100.4041273293399,100.05804707604378
2023-01-11,104.78522376791342,98.9623818966266,96.00886220961307,95.06100947541083,101.9335001281855,100.7421539297927,99.11498995374473
2023-01-12,104.47668297327408,99.13180966411711,97.58707192588699,94.24601555791656,100.77745780503147,101.09811156398419,98.61441495266585
2023-01-13,104.68872754111196,99.5345798599106,97.99296068919968,95.78109488603556,100.70109390167114,100.88215680635568,98.83078694248061
2023-01-16,105.34636873024421,102.79057406701426,99.09451383812909,94.20163517616749,101.81344731276054,101.67652060599535,101.73627193862289
2023-01-17,106.14073867628562,103.71082657290562,97.9321921645704,92.89074633633557,100.53685668255153,102.5088051820859,102.08391214092114
2023-01-18,107.0289554119612,103.02110470725492,97.16082776277698,93.96512740862552,100.36965653634104,102.88612664187526,103.77849319729444
2023-01-19,106.6990397203063,104.06584731144635,97.34165500994749,95.28680656524286,101.44405894851043,102.66450234272241,105.07931921699642
2023-01-20,106.24934472919523,103.73146791426878,97.36400927489892,94.61741316314757,101.06105299153334,102.33902864893987,105.5089292156539
2023-01-23,107.20773483479664,103.2659829918768,97.67907046272558,94.05885208614268,100.52315735207328,100.98919924274912,104.51218095071788
2023-01-24,107.04564754884305,104.2502264034979,98.78368556108666,94.67812930286998,101.74025853370475,100.21865962805909,105.66790082170911
2023-01-25,105.73103807458696,104.32435963558974,97.09406608657257,92.53732053383253,101.46978401445683,99.63707356766956,104.13832478519724
2023-01-26,104.58139008254412,104.65724187814484,98.08343095680007,90.8672900995,102.63777167570036,98.56286838390803,105.86120111894735
2023-01-27,103.66567917899448,104.71375657579074,98.13079894478275,90.6488052702771,103.12023771823182,99.03703211412292,106.11557875878903
2023-01-30,104.22402878749774,105.10883434549969,97.97021003958109,92.10153991798994,102.80841599825943,100.2693555771874,103.38156213563127
2023-01-31,104.41433376903085,105.5986925346281,96.57812834432042,91.73778662818168,103.34409232481107,99.40272187305355,103.07136056103062
2023-02-01,105.17985780114564,103.61440044163331,97.10402121897475,91.86717007448702,103.71726775365751,99.7247519724962,103.78910954300382
2023-02-02,104.77333366417207,104.34910402662143,94.82581753974918,92.95185053955828,104.8234436700688,98.73828849988509,103.58482153374715
2023-02-03,104.98155695169771,103.37073067084175,95.48084478623433,94.9689950352241,104.2919304779251,98.47705506786886,104.36985274213934
2023-02-06,105.68263467499068,101.93128009792707,94.10437991750268,94.46052152276712,104.37665624921408,97.83870758111475,103.52784654191858
2023-02-07,105.39836516231516,101.91251500887613,94.19236901663848,94.48240420860594,104.35420131802562,98.46874993164538,102.2254636173829
2023-02-08,105.92326083762869,102.03894552620407,94.11782752394629,96.25820059497381,105.13364768883963,97.8417479415015,102.1933234618967
2023-02-09,105.26654087354572,101.37428887846652,95.26313102969706,94.84198374882553,104.1029781724649,98.87614048760143,102.26648497189679
2023-02-10,104.92702197381935,102.26114803584498,95.13113530495463,95.85992280851447,105.20915849582084,98.67294081006087,101.95159691815363
2023-02-13,104.56905857535273,100.93816125832566,94.51087675217839,94.92668275393855,105.74321363269361,98.07325660819095,103.25184202345177
2023-02-14,103.36736613659723,100.5684537096671,94.0709136912508,95.06202343451292,104.40153636130654,96.89051824749797,102.41866776177686
2023-02-15,103.91352149056495,100.02197238721993,95.31409742316875,94.86960467255217,105.71290959351475,97.17502250288165,102.78101473763124
2023-02-16,103.4682710395763,100.0153838865036,95.8649755000132,94.00267603716512,108.1444626571903,98.08808410079753,102.89204729973143
2023-02-17,103.52260005514266,100.33480621609128,95.53420934568224,93.1203023690977,109.27703793804797,98.39589688804449,101.34324238131805
2023-02-20,104.06309662363485,99.36835734083738,95.3467200299009,93.41541502502962,110.8919315997689,100.6639177848312,100.05528595608185
2023-02-21,104.57062968357182,100.13072208271208,93.90166909369918,94.387794382169,111.03104553280964,102.15438997237496,100.10723915538232
2023-02-22,105.31086301225304,100.23391223291391,94.30487672339487,94.3031323511444,109.24518966651813,101.8814638556714,102.15119328895679
2023-02-23,105.24928945133212,98.39471706923636,92.69687361931165,94.4070297007895,107.29194725967028,101.59859883957154,102.78574756512342
2023-02-24,104.84664286318008,96.52491870107107,93.43375764956707,94.98578779120784,107.60901410414479,102.11776552873624,101.0676760947649
2023-02-27,104.80500792131376,96.55164117938178,93.59144004556195,94.10499156240931,107.0166714579809,101.30608914732366,98.01156404263033
2023-02-28,103.0926616950812,96.37707226804058,95.89064664857155,94.84158899757227,106.08480989534723,102.53553306530378,98.7721821649338
2023-03-01,101.65219028791847,96.31596919721477,94.87944533370222,95.66011558448378,106.06068186316921,102.9481442709872,98.71667448403673
2023-03-02,100.35662490663717,96.32754470621336,94.82001051278394,98.2227353582451,106.75828428054612,103.25379606036591,99.8896955752882
2023-03-03,99.40054760883872,96.58369194089845,96.5791950002425,97.89315879919472,105.26065242518644,104.00713822458549,99.05342526649095
2023-03-06,99.83864821915307,97.54232658066692,97.77581360045185,97.48473967509786,104.83114385504908,105.85686298750312,99.44069921570848
2023-03-07,98.97829409246997,96.50312136454454,97.13629751376294,98.27655639436816,106.46854705998139,106.08040941430654,100.32583241891031
2023-03-08,98.64415185560395,95.41689294174486,97.39304441534217,99.12449149509725,105.3719766908699,106.00295617935687,99.91787283998104
2023-03-09,99.9741079479314,94.41711871780252,97.43395745819562,98.63495169611343,106.3349839279324,107.65742322190776,99.53284809163307
2023-03-10,99.65842532243477,94.7281836496882,97.74815732211052,98.27739601251605,105.86312956258872,108.74760890002067,99.59782724748256
2023-03-13,100.43630524459162,95.95324480224787,97.1064251356565,98.85017896496072,106.48508909103491,108.44247891972731,100.17985424866758
2023-03-14,99.54278692860338,95.5784757010021,97.05854366436914,98.07470828439207,107.70308648090352,108.49149129743142,100.20556970546184
2023-03-15,99.37824192002661,93.25434444812221,95.55804038702259,97.71198058626163,108.54784673998046,108.74716034339131,101.22681947986594
2023-03-16,98.47798050234492,91.71543796789283,95.72553154122578,97.83869033155327,109.58304411619176,109.18499956879417,100.80060770854458
2023-03-17,98.18393862850597,90.99097728079715,96.19575759704038,98.85750722122589,108.37167132835388,107.75689188839364,99.51022795697321
2023-03-20,99.0520753627944,90.52110808023588,96.01563691644887,98.3009317905579,109.62915120653798,106.14996333073779,101.53770284401516
2023-03-21,97.39477080480037,90.1882520910408,94.51518919861083,96.54504254186902,108.74181319434399,105.25425954517591,100.96600224454669
2023-03-22,97.85793243047769,90.25915088521678,95.49232449461829,94.750174614897,109.06802867338887,104.28541946669884,100.43386266152665
2023-03-23,98.13009652188322,90.0142079169531,95.87939723178923,93.6017945830015,109.39380547710374,103.65761638127395,100.40795073269177
2023-03-24,97.58781255637307,91.00012860158999,95.22390106326169,92.41764087753678,109.96976795859945,104.35937009163258,100.51562678235233
2023-03-27,96.22527294833847,90.42318869915655,94.99506732969007,92.31178099322446,110.38508863828574,104.22490713583106,100.16775889510193
2023-03-28,96.3332303879533,89.68267145495108,93.61758814650992,91.25729823217436,109.50135879356621,104.47158063993231,100.19036540540634
2023-03-29,95.86283845513393,90.14922226167569,92.69960134726306,90.6544857532568,108.07638915921616,103.24161776991619,100.19060362689048
2023-03-30,96.12459031647768,88.81094543047507,92.23927893295993,89.99144060717688,109.0669344114185,102.80722397576338,100.40606374947491
2023-03-31,96.1840638288897,89.1933797522629,93.41671276561789,89.63173861165978,109.31352359898136,103.45411688664147,98.10592151273914
2023-04-03,97.77622762723017,89.32061842461475,92.85835177378237,90.86133254602679,110.62143591755289,104.1130912177975,100.00863075613711
2023-04-04,97.58149938047536,89.2247016650735,93.49214007995946,91.50137523359774,110.61620040169097,103.40279427105501,99.90139072110917
2023-04-05,96.62649171690346,90.68941862072317,93.02741246571168,91.55274883698868,109.11636833632645,103.61152921275769,100.52332929853307
2023-04-06,96.8386025388386,90.16295212410468,93.29566866406917,91.16809801252377,110.2197619824771,105.95739591686299,99.18718470152403
2023-04-07,97.09070728421787,92.07666949495312,93.20111899500526,90.81029923060335,109.85622911636905,105.98113522660438,98.76060761086775
2023-04-10,98.45873672776916,91.906088596502,94.05599477416727,91.14486570152066,110.27668627893586,105.29113623086548,98.13809880435781
2023-04-11,99.32414130900729,90.77619804066946,93.59174457627691,91.71554290775724,109.60883068031433,105.1503904447054,99.63095364116354
2023-04-12,99.7191133270046,90.87603371662509,92.16835939936588,90.92324483016569,111.47060905921458,105.289467082839,99.08863570846428
2023-04-13,101.22951817578978,89.93919752218603,90.93976895920828,90.99281021351527,110.54197488374473,105.17248352365725,99.8826063254797
2023-04-14,100.07328477719986,89.30132277263425,90.49355501529108,89.19850675813444,110.21367862705962,105.18157639271104,99.27475956570673
2023-04-17,99.47488995263858,89.6924533534041,89.4060213806554,89.42331451227336,110.37630713373747,103.71571925070484,98.86597704247413
2023-04-18,98.59686742996557,90.22823947977489,89.80944548212203,90.14350760178031,109.22103557656655,102.76320725725697,98.66296657898566
2023-04-19,98.25256846893987,89.70448585448388,89.42787832637788,89.92736087490785,109.62647148848359,102.6509122611667,99.97779540001804
2023-04-20,96.9479785574354,90.63086504247421,91.61349051228676,91.6124805569071,111.45244284059544,102.52240405378363,98.14535447606923
2023-04-21,97.604738317705,91.72270104530391,90.07128309447654,90.84503370271126,110.95152083751178,101.98435896851731,96.9013017917014
2023-04-24,97.42704228147134,93.08684959058972,90.29099416043283,91.07920683356525,111.43537036781466,101.84472222355805,95.07061217305723
2023-04-25,96.04297529889261,93.61841054586283,89.3139948431084,91.08300970057431,108.45663666579554,101.94765250114222,94.0799431930581
2023-04-26,95.11055576315319,94.94154107911761,88.90996063375422,91.02810532498002,108.45779802515302,102.89958454195218,93.3568157169199
2023-04-27,95.4473797571131,93.20984608953343,89.0714070193938,90.96047639836414,108.16206629422756,102.83867394729414,91.89844119810363
2023-04-28,96.28921935615045,92.95116942945756,87.05887904253697,91.09438230147863,107.32329633959574,103.29123473819438,91.2627391476416
2023-05-01,98.27047961239576,92.18562826846437,87.30021464257632,91.9068647499173,108.53364801270315,102.77442284200148,89.4782380116037
2023-05-02,101.21655167494545,92.33252854949306,89.01296169433735,93.21914200991014,108.22342151652416,103.40542990267323,88.60741614434589
2023-05-03,101.67753581827942,91.84312965263452,88.6457077275825,93.25433865099922,108.07474090078098,103.83621243045695,89.71336564114559
2023-05-04,100.71663812085674,91.72733539940913,88.91187331737727,94.05537882672309,107.71093428471426,104.78105129328416,90.11220738176594
2023-05-05,98.63148665521013,93.50754980397097,89.86377465008037,93.43500639234331,105.70825050369459,105.57351679499338,90.31741682633174
2023-05-08,98.93545447719674,93.38633064035189,89.75245436309436,94.19109369180366,104.56021037143553,106.23938618892228,89.45203265582221
2023-05-09,98.17368948161783,93.81107363074761,89.26824020051151,93.51349103946329,105.61221280459843,106.17734201660005,88.12371540302773
2023-05-10,97.80587814568939,93.6308769950269,87.2945827570166,94.57681055355184,103.44856262224158,106.48031435276802,87.16040208809369
2023-05-11,97.24793136713043,93.7392830693612,87.89107950266468,96.7295290245599,102.69992187041552,107.66184126635112,87.15760443496494
2023-05-12,97.14996369462028,93.7824287020269,87.82679451851729,96.65016224444585,102.33115331852574,107.00488310293022,87.95275478038293
2023-05-15,98.23038670674177,94.24151086309665,86.97665874045774,94.59195682249083,104.17272869518104,106.37710680072223,88.78551053055871
2023-05-16,98.42413910701596,95.38428402584658,87.12167975921051,94.11257951722966,105.01848811503207,106.61292010140131,89.38291804570883
2023-05-17,98.30744302476985,97.0074487881015,86.64930157711147,95.31721852720426,104.47676546890956,107.09941368673148,88.76159093991886
2023-05-18,97.33349788545108,97.34719988296389,86.22711561835763,95.8842024875308,105.89095557706341,106.26292399413431,88.81890489415031
2023-05-19,95.75533789481968,97.96197928028823,86.78619854648956,96.1616255510032,105.15176477782245,106.22599069764827,88.56937072743479
2023-05-22,95.32892651011255,96.87977645234382,85.66666544703241,97.1753480925332,106.26071858078252,106.16864544901823,88.42672096752197
2023-05-23,95.31578865775813,96.83340467285339,86.60321458952424,97.68632629788189,104.8684713391018,103.8841175391024,90.28266550007888
2023-05-24,97.0547031256576,97.78732026537523,85.43536056375316,98.92271068906443,106.04245039157021,103.6977153418805,88.74130697281107
2023-05-25,97.2201033342159,98.67726795573513,84.90500634561914,99.87636607953019,105.65490320545983,103.57613076366935,88.56871627353611
2023-05-26,98.21951371461162,98.92586217844888,86.58811111318644,101.44837885626856,104.61564502460536,103.45161089723283,89.68434206139543
2023-05-29,97.76943020929689,99.84656346609421,87.60482433061557,101.85375880074776,104.43048913549964,104.96879532032794,88.41461463623615
2023-05-30,96.65640910430088,100.37792468183669,87.72545504381752,102.82110579798764,104.7624196170913,103.74180163241289,87.88242184353571
2023-05-31,95.76634786269055,101.63067125087608,86.9390072293335,102.54680931075183,104.28709574116056,102.9310050471403,87.45369214920703
2023-06-01,95.11237504105193,101.9659530104186,86.5146776532855,101.97266247598135,104.90835577408548,100.31717853949664,87.29354533110428
2023-06-02,97.19738278509391,101.64455580402705,86.61273295229947,103.7695358593594,104.34025359466081,99.87583706932924,85.9458074650922
2023-06-05,96.44085493661495,102.0272967788711,86.67990397571195,104.03573912982813,105.03156793739336,99.52126597101552,86.49354721432273
2023-06-06,97.29180973559465,99.12031836219066,86.63582031659492,104.91844050671506,105.53927648756411,99.05463612115304,87.10660255597065
2023-06-07,96.45586425504332,99.54037159701912,86.64376300728745,105.09037470044366,105.51719675696387,100.19801231830155,87.5855857834509
2023-06-08,97.39757067648675,96.01257556082446,86.49280950141154,104.51760591623767,105.09451823855566,101.10448899104011,86.86130939853618
2023-06-09,97.81234325991542,94.40976817610101,85.28865939194013,104.57090560069757,105.29601002297657,101.22371767556221,86.97126786794337
2023-06-12,97.69832350713465,94.87518923155463,84.88321652467408,106.12581285199605,105.91936153141425,100.88961145536572,86.22700462508891
2023-06-13,97.69757853472433,95.3674689167576,85.69741219811262,106.75940003092137,108.16913380166675,101.97104086886822,85.97507603592823
2023-06-14,97.0987883732851,94.3030220033042,84.56659124849718,104.98977590995946,109.23376950741692,101.99168407913102,87.88174640993105
2023-06-15,97.57190751032934,93.67133463659752,84.44021177765212,104.8059482686266,110.34923051816092,101.20099420199318,88.00107882353402
2023-06-16,97.16783920095057,95.00196972072034,83.78434630040348,106.73332848734287,113.85608988722562,99.518752541513,86.9970150243929
2023-06-19,96.02261404155995,94.58106750745026,83.9112502789309,106.54799041441282,114.4908453236282,99.12016968375124,87.1889115240831
2023-06-20,94.84124143714706,96.76511306454044,83.6192171757524,104.68865041060997,115.09309255877712,99.91095960503723,86.05264001061036
2023-06-21,95.04307692037163,96.80196837850296,84.89772534979218,106.73201923161464,115.95259596951315,102.25245171505802,85.06103845257913
2023-06-22,96.59443613932315,97.2366492534232,85.363032501666,107.50583497245725,114.83448059150116,102.3564035892186,84.21372113862012
2023-06-23,96.78781021229211,98.86115928260024,84.28425724166269,107.47357423941773,114.37159767034153,101.61664196506104,83.87392448188858
2023-06-26,96.71172781734445,99.03038334062107,84.8858472910923,107.11797733387681,113.83967322959705,100.45980211356267,84.69736253717313
2023-06-27,97.02735382341942,98.0819413642591,84.2645169402424,108.32699001690658,114.62514815718592,101.05624241812868,85.22275232705483
2023-06-28,98.34217258690003,98.01357516374814,83.81323231739475,107.78456907961554,114.47145349907575,99.32835279731277,85.7039056055994
2023-06-29,98.59758607980457,98.01787733254768,84.11030471410628,109.0729657146384,114.67565035395654,99.91646710634795,84.80115406001727
2023-06-30,98.23253823357204,96.7279566078749,83.7311955355239,109.70983549304378,115.97588226115114,100.77714804497471,84.37709751740249
2023-07-03,99.36504522814347,96.5194117898189,84.51594144625143,110.02260455243145,117.02806353797027,101.25827373657756,84.640766106181
2023-07-04,99.83191866999579,95.84403411048179,83.89743761987727,110.22690221570608,116.88570246443228,101.07651475351088,84.14426948986534
2023-07-05,101.41748563561761,96.77278452888464,83.41311962102003,110.07823148140898,116.15164296723732,101.68982088114815,83.94393664795219
2023-07-06,101.64413727705508,96.84501546019783,82.90056666660018,111.27979545478794,117.52479723924583,101.90455012648457,84.34898216265984
2023-07-07,100.44729604801306,96.61016509811694,82.46595241673094,110.36513537228309,118.48522431328308,101.15513754502645,84.08893722933357
2023-07-10,99.12201643831257,96.5462477788683,83.41076900039884,108.63297840011165,116.64389899256118,103.08557586275435,84.3129617974774
2023-07-11,100.81234918017081,96.80061671830687,83.97048673137252,109.34624761168091,116.32571635001551,102.7647795670848,85.70086301379374
2023-07-12,102.60611353259903,97.43850950625607,85.45285567122782,110.0826904140299,116.5650295119603,103.60651418744347,85.58793335531027
2023-07-13,102.46305810832526,96.50785316957166,87.44773234460192,110.65687815678493,117.52341703947397,101.17119311102142,86.6379278680499
2023-07-14,102.11202058671864,95.54606705345303,86.58565021471762,111.153431168083,118.64532999805533,102.51188797597177,87.15876899829958
2023-07-17,103.65674324737735,96.64604663220722,86.68131013778215,110.84203790789363,119.03025239887684,104.07027681651854,85.92363756984818
2023-07-18,102.5565586194674,96.28686685938972,85.70201075408318,111.76304191992156,119.77681762173486,104.14297841427762,85.01584035779808
2023-07-19,101.68371552994489,94.97023352717363,85.0721932835579,111.75683016101725,119.90161433797337,104.76842703766644,84.34382820605516
2023-07-20,102.38092700747934,95.43082488844131,84.57167533665782,111.25826562362712,119.14401948170554,105.39736223786869,83.65935768311103
2023-07-21,102.01852192872158,95.91240589640798,83.71581053311039,110.95617493050544,118.8806876297814,104.7639552101024,83.61729618173518
2023-07-24,102.05411029068749,94.49322925056875,82.87297237854631,113.26630187183342,118.95083744717067,105.38085697100779,84.16648749714683
2023-07-25,101.92820946268439,94.74821464094273,82.78659386181798,111.36264399457467,118.95716669221218,104.57397254719349,85.26366661081387
2023-07-26,102.31379191217893,95.48592284619356,81.81813793837976,111.96539161593944,116.78186063009517,103.98088903853613,85.56105086621167
2023-07-27,103.80553580707397,95.88242453100524,82.54307050252329,110.14511413965096,116.36513025474189,105.20139434468871,85.21465028814323
2023-07-28,103.94117871467347,96.52890635641188,81.82171626884252,110.06998408606057,116.47713395657915,106.27426214639533,83.49201164480337
2023-07-31,104.65450934992818,95.22093472953094,84.18682010152253,109.63756998449759,116.19633212977752,105.56843085371284,83.58439618040605
2023-08-01,102.5717769849033,95.57489890185938,83.84120001494253,107.41822115665845,115.95625881537019,104.83876650578665,83.6393878817646
2023-08-02,102.56283475493433,95.32422962983917,83.9351695715689,107.8800757608696,116.5701169888476,104.20578508927909,83.82605211345376
2023-08-03,101.74231874807391,94.90307642274014,82.88808282593219,107.51386542189252,115.36527312427553,105.01403863791379,85.64460608609228
2023-08-04,100.55000836885381,95.77116793875227,84.34809428421704,105.32257214227971,113.54769404578744,104.01074329562383,86.74842057397889
2023-08-07,99.71076806304947,97.2373039965719,85.33180304544324,106.25304193820429,113.19831297450689,104.42418660893847,87.46710861952172
2023-08-08,99.41792619067978,99.03745623207013,85.61978428753156,107.83189634602705,114.11222644639561,105.24908608241942,86.66430135376122
2023-08-09,100.37282133706972,100.38835385541913,84.50818180825762,109.49454630738099,116.10070221579201,105.19832043395215,86.25535167661175
2023-08-10,99.08990205438802,100.31837326143918,84.72028154985945,109.93225440378787,117.0591332422402,106.30878992135916,86.20805823816559
2023-08-11,99.15991545406328,100.71311835490104,83.80902630235563,110.02690077523512,115.39910308861847,106.02817598748135,85.57640350016155
2023-08-14,98.72045411845691,101.52898168886276,85.0776413112562,111.54258593362903,115.17732640097779,105.84400021123723,86.04016570906644
2023-08-15,98.43687002646101,101.69275596805096,85.80319247022152,113.4804176659709,115.51948918562647,104.85661564857374,86.38234536209197
2023-08-16,99.46869857854523,101.86655913149023,85.91948222217937,114.82003361334053,115.77112299954113,105.9710162530806,85.48152245186277
2023-08-17,100.04540789659337,102.75024566729807,83.88500290320842,113.78953995892529,116.44373674605876,105.2039051359011,86.54533736394635
2023-08-18,101.43296561087907,102.73043461124456,83.09733969445372,114.06449682076787,115.42693362805045,105.61476048829428,86.66858800084056
2023-08-21,101.31688557642222,102.02476199434052,83.70429575039353,114.61276797171087,115.54812979844364,105.58169127726329,85.2169876798889
2023-08-22,100.6544798269533,101.6434211951083,84.75961034885965,112.6024013383381,116.08125031562184,104.51777446895561,85.20732218587253
2023-08-23,100.46958771351659,102.33072004680197,85.73926034337164,113.17741688080116,117.09049404413562,103.92464987478915,85.48145363391433
2023-08-24,100.75381234872806,102.3747248501375,84.41884885812514,115.82571062381935,116.19733476529453,105.41393505385533,86.35160222807714
2023-08-25,100.97225472251259,102.76470466910462,84.70767635148458,116.61593498583676,115.8432910877425,105.66898382707947,86.09510828135792
2023-08-28,99.92320017363575,103.49701241091522,85.60651410449418,118.39423839714654,112.79817524941629,104.64983900928,86.8456129196169
2023-08-29,100.05367484888342,103.15104105153274,84.23226342702749,118.6584509691202,112.14419991171592,105.01184920810125,87.0430999733253
2023-08-30,100.32240739746743,103.97565796338144,84.2593025191182,118.61904116644344,111.60227035920407,104.90047600300427,85.9402985164214
2023-08-31,102.92121721550147,104.41206560874177,84.52415933403542,119.11980329326887,110.51436896420917,108.63053279368455,84.76656497983828
2023-09-01,104.91308655269526,103.17195981058399,84.3040373856277,118.19921581534129,110.7418337019852,108.98429131981007,85.75777760381258
2023-09-04,104.06334775778502,104.71267354001384,82.79007096962118,117.11234862192832,110.72417684591498,108.61369527360429,86.82430766070932
2023-09-05,103.80623051372856,104.23132514587141,82.55387886038508,118.652228431615,108.29403530114278,110.21111858373862,87.13997353128441
2023-09-06,102.3390758486056,102.56141151598447,82.31703747552902,120.33989384787094,108.57108898801309,108.24394441140855,88.48851628932397
2023-09-07,101.77703639567812,101.53578712110125,82.22812352815122,119.2007592948448,107.61089692856788,108.3894355368942,89.46423018367648
2023-09-08,102.13960490341324,100.54454540976843,81.79880745166187,120.40837768793402,108.17808504908987,110.61712463526543,90.11396706202754
2023-09-11,103.42007469679228,100.63726337805154,81.46981170813244,120.35184721753058,106.84298130956581,110.53286728374034,89.33220445361235
2023-09-12,102.709873428396,100.40219758726762,81.47005099970274,120.80982301795761,106.91780456997537,108.6769703924784,90.92875997986971
2023-09-13,102.0810174221015,100.10461364924328,81.86405669749092,121.41565023805722,106.65813551511805,108.29085706262549,91.454296608959
2023-09-14,99.95238235786292,100.76718886089844,81.64787217325845,122.67803105063714,107.02471009105696,109.9214377693385,91.13855847737685
2023-09-15,99.82985001601409,101.1507065669863,81.34661882165555,122.82867173728953,107.20112210800912,110.3797402191576,90.56775721532516
2023-09-18,98.81437526807856,101.51149340965372,81.45435563793558,124.62286436127144,106.97071166726528,109.50147761865034,90.83694688807965
2023-09-19,98.3319203809336,101.96914955655664,79.93658641855716,125.05907429357745,105.38205349005085,108.79720179857031,89.36736010784396
2023-09-20,97.51245279078871,102.64040425666772,80.3509569473448,125.89246154618831,103.87832595483282,108.23324914685799,90.03083734436126
2023-09-21,97.45955439649802,100.53964481345592,80.38265112538723,124.89775427961706,103.31487895369801,108.66835087813239,89.21208751438107
2023-09-22,95.79976015028895,100.21398431626191,80.4467364273685,127.67424089727193,103.34765575136444,110.17638182994378,89.579152663677
2023-09-25,94.44236260216981,98.09198317679503,81.25583623542532,128.3268180849625,102.76205024051987,111.38657214326616,89.14875851124499
2023-09-26,96.51343292856613,98.16662024824656,79.7163328507409,129.2967629681417,103.44791435462359,111.94043558986499,88.94891634047092
2023-09-27,95.31698049575174,98.20134500429128,78.1895615965068,127.2849650699036,103.20074106597987,110.50386051500472,88.31351313309968
2023-09-28,94.31498817239522,99.27315921818007,78.4353088279073,126.29259180229306,102.25052267499952,109.08977117145295,88.20651603256489
2023-09-29,96.10191603200377,100.49938202980975,78.46110506521418,127.91682000279991,102.00735756937567,109.71692636208152,89.92487806921311
2023-10-02,98.97427079207726,100.74366586313957,78.62618563731559,128.33565291702698,102.27891498433934,108.29391232712047,91.21553567941277
2023-10-03,97.86062368517186,100.28094714321354,78.29498275988685,125.95331504605814,102.65279681971418,108.09314088042603,91.57607242460998
2023-10-04,97.5399238437157,100.80896894995561,78.84840307787856,127.31880570098242,104.64107705233434,108.46578476706397,91.5895403488811
2023-10-05,97.91280375714878,100.31830220864512,79.61905502793181,126.67900839870474,103.98504463217341,107.28178049286336,92.40296701980343
2023-10-06,99.65999089227479,100.35703992256589,80.03733969064922,128.53092847441013,103.95023765775608,106.23102590947411,93.49040331428878
2023-10-09,98.72080659741684,101.39214165059258,79.86078947556734,128.46945953577287,104.43590563628133,106.17354810255407,92.75490728814968
2023-10-10,98.5183625096582,100.86851894800222,78.22647094888899,128.7842178530069,104.45321945398732,106.7523327587871,92.72018740095956
2023-10-11,99.32688980339131,101.72515957448765,78.8620761813004,130.363645670315,103.9731953588751,107.93472995005466,91.08258640701965
2023-10-12,99.79958138074058,102.45756125022763,79.8634053478985,129.25056568379975,102.4157549008331,108.63538970442079,92.14815470272934
2023-10-13,99.46466226971434,101.52456187131406,80.41199256495126,128.02485464252484,101.93467955606104,108.758931182535,94.10845573269016
2023-10-16,99.3713853393601,102.55914939109287,79.73964596237973,127.8246544632119,100.88640566469154,107.99358690776768,94.22153151492202
2023-10-17,98.05369534306409,103.31942085122472,80.31085930390738,128.93793515515358,99.19911775923887,106.88599240915192,92.27734175179472
2023-10-18,97.85957107908992,103.46616196327716,81.03734866735904,127.28420148044847,98.45231627943583,106.38387386861505,92.8780675900291
2023-10-19,97.63827983474947,102.7214942966731,82.3433998225819,125.22874778837567,97.465787118115,106.86361121903303,92.07897567559601
2023-10-20,97.90438379637104,101.88343105214628,81.65778871013103,126.31505928621525,98.0756657773518,107.26684377069422,91.50678711469857
2023-10-23,97.4011536129624,101.37765491688013,81.50567587419052,125.60593088942117,98.70644062778364,105.07985417819445,92.11878721068264
2023-10-24,97.90067456689636,101.96999932888808,82.1498797717675,125.16429236653049,97.85740871532008,104.29921199615765,92.39052691256265
2023-10-25,98.93673426790654,101.04059776233181,82.22994101586642,122.91082706428679,97.64213581748649,105.60533410220829,91.97744307757473
2023-10-26,99.13027471830547,101.52423278197584,81.34881002010981,122.1279561594979,95.88280774396955,105.73130662592456,91.41844896475567
2023-10-27,99.51938560795088,100.31146156974656,81.71947687568178,122.16757198114323,95.44816197539629,104.28535539620889,91.57017949144931
2023-10-30,99.61213643199022,100.14701691261807,82.22661103117936,123.35882955097036,95.86808314564759,106.81401617309223,91.23248344128609
2023-10-31,99.65207335602643,100.29699686752875,82.33189793392796,122.460082535871,96.70087891198115,106.8258286060392,90.26218847169318
2023-11-01,98.97519592094261,102.82073700022293,82.54589676541299,124.5564318690318,96.05222180100952,107.28008998516403,89.99850045653409
2023-11-02,99.3286664916821,101.45485263623459,82.36556129163174,123.75617769771272,97.1067189667244,107.75265028796433,90.3407773432234
2023-11-03,99.27178077290188,103.00052070237373,83.62564182189016,122.96286546202113,95.68424444435907,107.40023505429039,90.21609970964379
2023-11-06,101.4121627523032,103.19624510247476,82.90897104800507,124.91780718364045,94.53568403491315,106.66431220901758,88.98544474612308
2023-11-07,103.06157047488492,103.66288947343448,82.4564325834399,125.23232096460217,95.24704507727786,108.99514976739337,89.90589034346111
2023-11-08,103.5013904341694,103.82716752698255,82.49848413821867,124.59273931796655,96.89086122062854,110.13814509876721,87.51194917357894
2023-11-09,102.75571524633236,104.33166738780922,83.26010137742202,124.44937434209558,97.40908903562871,111.09156980231667,87.15705268186551
2023-11-10,101.65963889682006,104.21312521801877,82.05549015980492,126.19517762233528,97.4087555205959,111.77832917815884,86.65283296114679
2023-11-13,102.91895043360506,105.7818109002058,81.01973444875628,128.1103197015398,95.33187850057,110.7067188856141,86.8160488105698
2023-11-14,103.23100889751005,105.34217629305593,79.41724015431572,127.11902262482626,93.46058447441037,112.17496438090222,87.33996233263235
2023-11-15,103.76935705802066,106.58429977945023,79.47499368542222,127.11592882688988,93.61904980754305,111.2776587084727,88.36498243528044
2023-11-16,102.01550952496208,105.94208194778211,78.62261409378887,127.28148660631564,93.32175560007295,111.6379868211487,87.77280513273546
2023-11-17,103.00723625935684,105.92062889246496,78.3521859382153,126.08277839976559,92.3323814114741,109.86666307512729,88.32450063497822
2023-11-20,103.51778607628306,104.83318830748725,78.90366279013234,126.06300380045971,92.42987359047758,107.69023248464929,88.53303182929295
2023-11-21,102.41560947270673,105.353424039185,78.43044827088683,126.12015210939931,92.57337259456952,108.07676916371065,87.06546697460331
2023-11-22,101.97461290026565,106.92973118700122,78.64350483882241,127.61745235938047,93.48917984468011,107.24873978957412,88.7715070706723
2023-11-23,102.28479814826177,106.88979378434544,78.4398166532908,129.21935489497747,93.65442974525526,105.1785236671902,87.53843735080999
2023-11-24,102.37942136710312,106.72223046033832,79.00039141404811,128.8461802642836,94.84990288733553,105.79097642961256,87.94159963314846
2023-11-27,102.12157520971681,105.58151540466683,79.40839457070433,128.62224311229627,94.89543610349288,108.1010064056503,88.32052732073934
2023-11-28,102.05676056731853,105.38184639150394,78.89238832579535,129.53131718089756,94.82397355316601,109.65747424809844,88.59973980815802
2023-11-29,101.84065245306482,103.75812230266321,78.79095714540088,128.82704894084688,95.87692950837143,109.41942769657791,88.19789990096405
2023-11-30,102.036948307228,102.85638176638349,79.64949269976016,129.6394583873209,94.98138983482413,109.47288700674144,88.96612493708338
2023-12-01,103.59094325939566,103.13115460529114,79.99542423058902,129.57736755052,97.73164931680225,110.49319926163905,87.62374333505811
2023-12-04,101.00634345140698,104.54228763074215,78.91724843812449,128.37865637029202,98.13833110299332,111.7847619604024,87.60111410611758
2023-12-05,100.80770776872751,107.56375746815043,79.46812484820508,127.20701295293344,98.55219613028629,111.44596971750202,87.14339403952016
2023-12-06,101.02620542968039,106.97743385133403,78.64231314243531,129.11279079932362,99.11068714178415,111.52866846033278,86.58979688797427
2023-12-07,101.3662182994638,108.5673714388494,79.79293928711904,128.962563244051,101.02910486108054,111.90919932322274,86.99663742812241
2023-12-08,101.03032678521926,108.87587152955183,80.64654859718584,131.1479002343565,101.87369038759005,112.57577892830544,87.97425836294295
2023-12-11,99.31071982441182,108.75481703222518,80.91302914648834,130.52820493298208,100.29172174306338,112.47104614704672,87.70787547040622
2023-12-12,99.67685205005485,109.27000267401432,81.07277369715918,130.96123785459022,101.7499019254801,112.38100949195862,88.43063915459626
2023-12-13,101.45415038948727,109.38142358695058,80.93585031369825,134.18616843280898,101.44420010480735,113.98801277677417,88.51003301759275
2023-12-14,99.9498301980181,109.5460523389112,81.51948806098753,132.8278972931938,101.59359028201666,115.42125225913182,87.75848834345211
2023-12-15,100.8572995665481,109.14330008997055,81.2502848687756,130.38298266751906,100.34235667321714,116.02000168294857,87.56742516983813
2023-12-18,100.56672021687814,107.6710345083774,81.47449495952627,132.12415401730857,100.91210857299757,118.07897676940084,87.3404946103173
2023-12-19,100.54527730803164,106.06417653271716,82.22088700917439,131.08866813365316,100.29703998704498,117.67060496017221,86.76884355064351
2023-12-20,99.53199610990828,106.80201557023976,81.79297045984293,131.11396234398882,100.43772456040739,119.64379723598681,87.1762944437942
2023-12-21,99.23934907397218,106.54951405671733,81.32304045365137,130.40013756964802,100.19285605612616,120.34277468140317,87.41604990197189
2023-12-22,100.57815084321302,105.95864842813121,80.3896729476371,130.8026020643439,102.18112944047577,124.39405475012873,86.0709887331236
2023-12-25,101.20635972987976,106.0100568015876,79.5703069147669,129.61700285888176,104.26853308587256,122.96866520640542,84.69504896652332
2023-12-26,103.01604101501083,106.89887430579338,78.15992447402228,129.4357435679552,104.35877813067749,122.17276089719648,85.08952952678294
2023-12-27,104.27783558031929,107.13470062291846,78.76394404935712,130.07129492128834,104.46734443238694,122.7345746800693,84.43239259031581
2023-12-28,104.77861542658637,106.4767208503007,80.23376808881808,128.81788126553295,104.11958553125362,123.27238692769768,84.7216805811665
2023-12-29,106.66456939967254,107.83360097330326,81.41811279626535,127.9703752072696,105.3196658962162,125.75025346812394,85.42005025707275
2024-01-01,107.17671097225188,109.59383931206158,80.13693983926954,127.57762018179686,105.01581560736864,124.9625481733789,84.37501486678548
2024-01-02,108.11104122377225,110.18124909419737,80.75222097100574,125.81804937973007,104.61611374863757,126.1489388175159,83.22567989982441
2024-01-03,107.83401523051306,111.30379602500614,81.9415779657255,125.33763813239244,105.68717161657683,127.67498984932185,84.66482868499114
2024-01-04,107.94896909020333,112.73985132524255,81.60074809029656,125.53682807645518,105.16184333657903,128.62926748784008,84.9970013386701
2024-01-05,107.24161455669578,114.06676753432856,81.71625192120433,125.0862722096095,105.16420421023554,127.45003531773868,84.67526860890518
2024-01-08,108.35146058555661,114.81532280016368,80.1238829257813,124.79718654693433,103.5557246696705,129.3086259175267,83.92169539566842
2024-01-09,107.12508516406038,115.5505872956917,80.37002917068843,124.82227121690119,104.32925105889208,130.96043377107233,83.52782065967575
2024-01-10,108.00966083924794,116.19909139322857,79.55158967159616,124.05604764886937,106.41647905667149,131.80072074075758,82.57228029506749
2024-01-11,107.84706564942417,114.97694710436086,79.74245173258628,124.96629817028966,107.22963936072969,132.1231665376036,83.33829407288118
2024-01-12,109.16130336271861,115.83177000372984,78.53858705395987,126.82445263809228,108.85216624434062,132.47522508713053,82.72655449620855
2024-01-15,110.02804915282358,114.31762291660745,78.99769233469576,126.2873749608217,107.97823373363265,132.4239196965884,83.66962351392083
2024-01-16,112.09444637670633,113.45822932461247,79.84312466646578,126.9523787862772,108.27701642719707,133.3285177468338,83.36843007621374
2024-01-17,112.96178030076175,114.9929010307585,79.25194612389514,126.69921282439911,107.30350460924328,133.42339453309714,82.53613517848676
2024-01-18,111.24434980836013,116.0095595839725,78.38736419698988,127.21400510208409,107.10221463413463,132.34898236366485,82.2179118242767
2024-01-19,111.21436996685756,117.79508897288238,76.74609555952443,129.2732709427551,107.9756533971992,131.02083065800974,80.12048113457494
2024-01-22,109.96251421632688,117.52250380341683,76.57252857602056,129.98449038288288,108.12889376838189,130.09122832423662,80.05579508885394
2024-01-23,109.43784137904483,116.22260358004317,76.15893740923075,127.75073636835512,106.65481228358351,130.43268671915428,79.95169487769554
2024-01-24,111.14870770659797,115.98988355772289,75.01681168203422,128.38338075643253,105.30356508798997,130.44970168185753,80.64606930916862
2024-01-25,111.90433470528731,116.1547425419707,75.38757184158021,130.027970753011,103.90070004241214,130.7832225296437,79.17075823675184
2024-01-26,111.16938704910413,116.29303583948251,75.07913780153083,129.79205920619486,104.45435290186109,131.4924313923249,80.12802596409422
2024-01-29,110.09216448400893,117.66598576131113,74.30552936000176,131.14321539240495,106.6752429973861,130.72241228190177,80.820582986658
2024-01-30,110.17232103168126,117.28856634188453,73.92415567344263,130.29339835740632,108.18185887190681,132.70553968981713,81.87159527450352
2024-01-31,108.88367313113247,117.74928044241004,74.75025993593275,128.42350385126687,106.19253744321068,132.4036986006979,81.86118074347793
2024-02-01,108.1986284848266,116.63756017690416,75.23240525694906,128.65637833766033,107.7554811490995,131.88381008300382,82.72847530313742
2024-02-02,108.58016904065444,117.21085862926346,75.16470696315173,126.46686654146345,108.81275935109214,132.57455556501662,81.55286195141109
2024-02-05,109.88582867771855,117.26139742356678,75.66175756217919,126.21447458811772,107.1870674111852,130.21410648768423,82.1693119604449
2024-02-06,110.60104310688237,116.43200742670203,74.81839140164885,127.9003009744619,106.90532026103199,129.24046309509066,81.57071158778297
2024-02-07,108.13891226306535,116.20422247689275,74.87255714440579,125.53108695590456,108.12617253914907,130.56686253654118,80.26681338057328
2024-02-08,108.511948635964,116.03680488843386,75.0129416080176,123.98473643556274,108.76647411330622,128.3692957342417,79.40130845618154
2024-02-09,108.63358657434672,115.77004732592506,74.69120057447225,122.76084858925248,107.39484621210187,129.8638994625682,79.43746900753887
2024-02-12,109.12778458038912,117.88614495733141,75.04717169041055,122.73222426928683,108.09598858982439,131.89396977191404,78.81687839189838
2024-02-13,110.95021952790385,117.81726534897845,74.49354945588965,122.33311514899412,105.85228766420383,131.46015305678515,79.14549773637181
2024-02-14,108.72798853742576,117.57728526598213,74.90425846368882,124.10638479502569,105.65894300112006,131.89707911605163,77.75831778426249
2024-02-15,108.13043295548181,115.18290633368575,75.34890041588325,125.34659032145706,106.91091906427505,133.4347755301166,76.15224430363651
2024-02-16,108.81479125371798,114.20319581639899,73.21188221520488,126.01933561376546,106.97336708806505,132.86650385867424,77.23544048979278
2024-02-19,107.15017232847947,113.94872277304403,74.11817583705738,126.2534829595898,106.48355097280225,134.0781245332718,77.96783943157813
2024-02-20,108.78688889610706,113.21515333638466,71.9221629802423,126.80163716853004,107.47776455226618,133.2345569493499,77.18487038269677
2024-02-21,109.23203562513042,114.83623800505069,71.50904707867508,125.76362207968816,108.57394949079682,132.6527933065256,77.21343434398304
2024-02-22,110.20477506475383,114.69285375313703,72.27493977358863,126.89706339102973,110.0496799647082,131.64932694059863,78.03586529576096
2024-02-23,109.62120039413435,116.2266496282494,72.07480855679151,125.54393673160655,111.06052513172146,132.15404443073095,78.39503047710426
2024-02-26,110.56111300662965,116.344917648757,71.05418304882548,126.64774365836217,112.31293886851195,133.74672987655637,78.54272698658895
2024-02-27,111.79346903595251,116.4348030152381,70.30938976116332,128.2101847735586,113.1843785618946,133.55412236202358,79.43938756871705
2024-02-28,112.09894544032836,116.37800082731766,71.06354056620654,128.53222251388502,113.53071807853215,131.91982016473494,78.89258041510732
2024-02-29,112.40696836287334,116.42898119232161,69.73897676986022,128.35726402705194,113.67784582721391,130.55142974806634,78.94875491965705
2024-03-01,112.75635766228129,118.49484217198676,70.55900288002783,128.92367985600183,113.4538262506938,131.12004020023315,78.9662450810059
2024-03-04,111.83179492551591,115.82417707589838,70.5483477941207,125.3369131343335,112.13149600033687,133.61391437069733,78.78265537844985
2024-03-05,111.71160830146914,113.57437048910847,69.74001844884438,125.76662396117024,111.1098263751702,134.19468989375284,78.50755075398558
2024-03-06,111.58597826506964,113.00433271983057,69.36227661217968,125.67440294258377,110.84124963288502,133.72997964128845,78.59621086822601
2024-03-07,112.05942802186917,113.06596839174641,68.68775273523339,125.66104683471902,111.15365415211329,134.81244677150463,78.65471410336956
2024-03-08,113.23072830382459,113.89448888188527,69.31304747033371,126.60265774811607,112.81187876415648,134.54376587606643,77.86552411707083
2024-03-11,112.08328595709641,114.4803686753906,69.85051382227275,126.55864702081576,112.8098512958436,134.08939317636822,78.52375952670162
2024-03-12,111.98804552977131,114.08695223370138,68.68740371767534,125.17387177309445,113.99315837535977,132.86347532986764,77.79190648721743
2024-03-13,113.70492149471072,115.30160339676226,68.43811520266996,125.04700645722109,115.27626927855906,134.80193974464817,77.65337878072974
2024-03-14,112.90771486620852,116.54218232494915,67.8770549029938,125.18157372461016,115.05578767235964,131.47470937764768,77.45539767935806
2024-03-15,112.02793975385572,116.80359696180335,68.78826422707262,125.37567275714498,115.78835781062504,132.58091005695076,77.76436501271773
2024-03-18,112.29971952509372,117.98062800634834,67.8929473589345,125.62908628169805,115.55293568971099,132.0202937924866,76.16425465361797
2024-03-19,113.29728627790195,118.35006606594601,69.01849085900264,126.99243228156743,117.1376924707836,131.53227309827128,76.87658561088612
2024-03-20,113.35556558738259,117.73449699833343,69.02311888375505,125.67097107992356,117.9320410142216,133.83067692188274,76.38844553410672
2024-03-21,114.91802896016266,118.60637441647988,68.25305266116537,125.94233650082067,116.58302701397749,132.93151688176192,77.35700081660586
2024-03-22,115.95324185424917,118.7851457733331,67.81947657833862,127.6284683690273,116.81820744731968,132.08338047158847,77.01879107170953
2024-03-25,116.98026239057853,118.83426152205104,67.30491266220177,125.48388417740375,118.80696884773481,131.96403865226293,77.0119801500591
2024-03-26,117.67733007942462,120.64583832861173,66.4790623651013,125.75980828204976,118.63929496816543,132.5643151310904,78.53142447877359
2024-03-27,120.49676656280701,117.77200288237259,66.56875444818883,125.07580821361456,119.21932995046393,132.03266671089534,78.3452604091972
2024-03-28,120.2979163255306,116.16060213537833,65.78265222166291,124.66285274706628,119.91986090260562,130.02292456889234,79.35361259436445
2024-03-29,117.95887883216744,114.83577111998872,64.38962369859395,123.58940735112071,118.73064793584712,128.95374780703273,79.41636252243816
2024-04-01,119.91445611604559,114.46515161886516,64.17127834106373,123.4294000570436,119.38631078883462,130.66896424853525,79.77886441609849
2024-04-02,119.41461875086232,114.21976345765815,63.049943781645325,125.773401776943,117.78090871615127,130.81902799279587,79.86663637762057
2024-04-03,119.59134025574951,112.5560236647405,62.602521827730904,124.24278385741192,117.09317106623207,131.46304364913777,80.5788908100551
2024-04-04,121.2162256718875,111.49720301267871,62.06079897653098,122.84722198650387,118.40692174988318,131.17227861742035,80.06040389555302
2024-04-05,119.33722923790948,110.58573347862573,61.54707766589349,121.30671098773504,118.87764184839793,130.36218123149595,79.30815123700461
2024-04-08,117.90000763524502,113.38230398854992,62.81613727812556,123.46976679552077,118.56365226674342,132.62058150754075,78.8348494756712
2024-04-09,116.07355592298352,115.48986175664169,62.87672850429276,122.9494045676576,119.14182336873564,132.4241941559447,78.94506691522021
2024-04-10,115.20149550966154,115.06132590137173,63.056416725950996,122.96706252534445,119.11788750311165,131.89111071533353,78.80244838337896
2024-04-11,115.75537128646212,114.6896084093376,61.97095740153884,122.52176721541697,119.1805343723435,133.39812621171495,79.39590685668391
2024-04-12,116.41029478080362,113.42449599811042,61.591644182713054,121.41864827115776,120.01390659002706,132.49096884000912,80.47077966481976
2024-04-15,116.77905332191143,111.32524788972778,61.74909016648574,121.18193004764404,119.1917984019347,131.75803996574825,79.7212160806514
2024-04-16,115.18690356583483,111.23969372294577,61.1441353842069,124.24748291735584,119.28759128161295,131.82426064721173,79.16990677954142
2024-04-17,112.60149842354461,110.17926886836248,61.72657680553323,126.03959653170666,118.96325084872244,131.87735710446958,78.07218656797227
2024-04-18,112.70779211257809,110.12986396050381,61.01304017578704,125.01912649947275,117.13868740832056,132.27306913472776,79.70542071195702
2024-04-19,112.22219597647707,108.42494608041144,60.862909717572734,125.88168761238754,116.1118601056017,135.12296047406915,79.98061496919637
2024-04-22,112.7840193212236,107.64496468452565,60.53147253355723,124.88923830094802,117.99427450952751,135.63231586274998,80.39743845193682
2024-04-23,113.62393648722798,107.84820387648126,60.65527727363145,122.73942036754654,118.49648946028381,132.49794356710441,79.35887061999738
2024-04-24,113.82664201773818,108.2871846189982,60.292139749130094,124.0467714605526,116.98520248530568,132.98417211581372,79.38969166170283
2024-04-25,114.7410600425584,108.78370297373262,60.1530896315298,125.54441648225148,115.24311133067937,133.08778052160312,79.8269376260981
2024-04-26,115.05037219190592,107.39962006690726,60.03522694151112,126.91532536192184,115.15997740688297,133.19888866029373,79.65728022076652
2024-04-29,115.70810673245155,108.36482045857021,59.619793703538605,126.37093140078035,117.0187449118454,133.58031237409165,80.55099733201433
2024-04-30,114.94157616793261,107.54414181834682,59.933676954330494,126.21082523425943,116.84713634001172,133.5954368089381,82.4678732485643
2024-05-01,114.78121657455902,108.27020102239283,60.100757802506436,127.21154131091545,118.43171491900965,133.57858869060252,81.72322016727838
2024-05-02,115.05331306145902,108.30199525361624,60.07154755371404,127.76164004432118,118.89679605488446,134.45377048124726,80.92455505833021
2024-05-03,116.0476517299891,106.8642889881751,59.837450513367955,127.31062496038057,119.50621296505493,133.78039577566588,80.24943656141731
2024-05-06,115.63786861952048,106.56953950799712,60.34011671429846,125.31608778893602,117.96773516438974,132.57158381338326,81.58143571088378
2024-05-07,116.28861465255515,107.00241053960917,60.22206573286598,125.50906659749333,119.12655143567412,136.69614860456838,82.46923260942884
2024-05-08,116.02628618131037,107.7033853074022,60.06166909869191,126.92141255695317,118.77572667220595,135.77539251303457,82.39048916809962
2024-05-09,115.93635175739207,107.59467282556787,60.14863524616237,125.46065623285881,119.85323944148772,135.96580549649252,82.45359120237559
2024-05-10,116.94883590460263,109.29918365987787,61.2022907772537,126.31512883325911,118.9289540257445,134.0009408829193,81.81578273093008
2024-05-13,114.68691477803492,110.45012195848898,60.411595061794976,126.78531513232592,119.18736888689247,134.2107741498562,82.58024105451013
2024-05-14,113.25492057467716,110.21108625654212,60.90282898965088,127.79107536362812,119.65550384561163,133.0173073337128,82.30002580696629
2024-05-15,111.6332961701358,111.08533736456494,59.78458878135512,128.96182904084034,119.51913447414688,132.48302455540988,82.11910191674149
2024-05-16,109.1019970054447,113.29971423931273,59.93859650636851,128.12057455626453,120.05163376432955,133.92837837391102,82.6536143063784
2024-05-17,108.40785534126547,115.58908043582701,60.91451421142734,126.1160122204051,119.78014781085527,134.61586297754639,82.53138161247198
2024-05-20,109.26705062860378,114.22400688892276,61.2374028281028,125.49513840202084,119.05283227983021,135.43737525485605,82.37063024053872
2024-05-21,108.99980039198587,113.21584867806966,61.36652008483343,126.66658168754275,121.02803308508481,133.11285601219,82.4122998924463
2024-05-22,109.25929951596795,114.9555290690303,61.047968027319655,126.03230388469777,122.35317330188215,135.63483822305366,83.10361896676291
2024-05-23,110.5000669398154,113.79089836981781,61.091356310813495,125.21068780666111,121.47434380278041,134.08144964246637,84.51704087644104
2024-05-24,112.0217431891344,112.34080220942812,60.961941529466,122.99999533814956,122.21570061494877,136.20117988874338,85.04734007634733
2024-05-27,111.98910712169379,111.84066077422669,60.50887170440965,125.22483392333687,121.35992692120097,137.65471647388046,85.76758910473211
2024-05-28,113.56069680790442,112.3565676271167,60.3578635336912,126.31362851465636,119.97865913657736,138.50713252384338,85.63059565355225
2024-05-29,113.71083992959335,112.28648269687413,60.50191693918613,127.34079137660441,121.2739433016604,137.38290782597548,85.06066148768494
2024-05-30,112.8077172392121,111.60299098208439,60.06353260723508,128.63052442826412,119.27252306485796,137.64637183043575,85.65302384663656
2024-05-31,112.18404128581156,110.89743064635691,59.60503560910728,129.4262507613445,120.43130937734516,137.05450030968345,85.83414923853871
2024-06-03,110.57957342825078,110.15432699652403,58.82327595855001,129.16206558005535,120.17539739841732,137.1491548202005,84.65554831344015
2024-06-04,109.64567657653888,109.23344168391695,59.07718897015361,129.00230818826924,119.9694173128753,136.8616186255573,84.41203231042081
2024-06-05,109.29753888865221,111.79910862289218,59.42399547915615,128.50330880872377,120.51019639912717,134.1534410436822,84.37582982654851
2024-06-06,110.2234565134935,112.17708048161433,59.58564644070351,131.9868189329939,121.26113430133991,135.7211032524744,83.97980938235476
2024-06-07,112.18142495581492,113.22152399391369,60.187604058490784,132.77569242830012,120.31134484198678,135.6653236315834,85.26753305920089
2024-06-10,110.68580601912963,112.71421160599262,60.264613750359885,132.21417914609552,121.2264372786369,135.06322379402425,85.71194108426572
2024-06-11,111.16592288033216,112.54981768914982,60.52552665346972,132.88420962113145,121.41250556821505,134.3622782458252,86.93179980498287
2024-06-12,110.0592048095061,111.79428124039275,60.73399425560426,131.60032065741217,119.94500387180555,134.8987256638102,87.19597342807329
2024-06-13,110.62713664278061,108.91233846220618,60.702700008394764,133.64867421136455,119.78932703157568,133.75192166496,87.30188300133236
2024-06-14,110.52641596776948,107.46478705184903,60.40548789412396,132.82119586486067,121.50402404954745,130.8216568645756,86.52263480499714
2024-06-17,108.56461141567475,105.57874206442828,61.78258237487824,133.54181984464753,123.60776046224909,131.40790915911268,86.56757727355784
2024-06-18,109.62094525283659,103.2712691275738,61.52859193864387,135.02696001920052,124.54745582219498,132.14467243230402,86.61351695698879
2024-06-19,109.00333253189002,102.08498138874458,61.144700793447186,135.60173193249346,123.12294138766404,131.9338957585702,85.47165064025506
2024-06-20,108.46629212630334,103.48794930289276,61.43522068417513,135.78419822403916,123.7779765071114,130.48026361903965,85.04576087023065
2024-06-21,107.35508900737385,103.48335850573636,61.614783992551494,135.85319695255433,124.88559244073036,130.6486075569523,84.80518194890453
2024-06-24,106.69764599751004,104.86947168414638,60.77958296909084,135.83086303284014,125.84552182992743,128.80066934251155,85.19062940348175
2024-06-25,107.19804382748661,105.34348278026751,61.49037808640704,135.10381362024327,126.88798386496565,127.535365734815,85.61880515233932
2024-06-26,107.03817613989186,106.21356847266985,61.45706266551234,134.55171703394754,127.4007093774063,126.63218775740874,85.15658690110374
2024-06-27,107.43351350482058,105.3031037579714,60.8024115591329,136.61196600093442,127.35942251919003,127.75650094242341,85.5910273165337
2024-06-28,107.86618118457308,105.89863930223096,61.55415110275813,136.51836883742823,126.63760618646577,127.34500859706479,85.46950684923561
2024-07-01,109.3439055670014,106.71583413860539,61.96526888714975,135.50400717300616,124.30648355578808,126.82666886532571,83.08494075126357
2024-07-02,109.01332808810193,106.14468041553285,61.211105099239546,134.8601394237268,124.77929982222891,129.38187042246795,82.71628065851002
2024-07-03,107.45816108741435,106.78297212217596,62.33359071712312,136.40684725325977,125.06168602854189,129.89064346068395,83.64706441265513
2024-07-04,108.65457318413982,107.4322433405509,62.77070168990922,137.38648469501084,125.81126186434508,130.38385590269831,82.2849542916253
2024-07-05,108.33831910041121,106.88621186895534,62.789412585410545,138.2137364820323,124.18935102707258,129.9546872330706,82.41069214698553
2024-07-08,109.59643422198681,105.73512475829804,63.82140642086953,137.91341905083084,125.0429892520505,129.23366381747613,83.7610246542728
2024-07-09,110.061424077088,104.53227344189277,63.948727901777126,138.76192776144578,127.68969248498425,126.48934164819481,83.15960143043819
2024-07-10,109.96116250837606,104.66459624108329,63.956349077748996,137.9269370836036,127.84103070518799,127.77174810850424,83.19465982560502
2024-07-11,110.38949709231464,105.04943139795337,63.56085566139976,137.62436254644254,127.81333653793196,128.3971957737624,82.14968404540453
2024-07-12,112.60939170227809,104.2618742938314,63.95734061560705,139.021140026863,128.26018740029664,128.21863481788805,83.53079028569364
2024-07-15,115.01872315743584,104.33132053664605,64.28860104894379,140.29800744151592,130.94590317679072,128.09403265121924,83.4946020411366
2024-07-16,115.14460077307285,104.97025035570108,64.32376375856379,138.98273078013938,129.66417093104923,129.09209532877438,83.56696211588732
2024-07-17,115.3753403149021,105.66343352786444,63.84314883405313,137.85389906267164,129.97990697522607,127.1514589684572,84.7402975597619
2024-07-18,116.67042085268808,107.35892803623743,63.951729633230414,138.0590432674377,128.9962459219106,126.45419565012632,85.33682223846506
2024-07-19,115.73422906525555,108.78217591996626,63.93267563339711,140.51900789980036,128.34388401563817,125.0754461272794,84.62669438085047
2024-07-22,116.16680559058163,107.74147229398987,63.11104811859338,137.90804404122173,128.33157603220963,127.36184609337138,84.11433245303056
2024-07-23,116.1832294294193,109.61458544133191,62.21385472712729,138.3477502652799,130.12435689149194,128.5333973842259,84.56549196982435
2024-07-24,116.59513988122802,109.07772259492586,62.59148544117329,136.51165718504276,132.54212119155446,125.78345860294124,84.07296699734512
2024-07-25,115.67377017491654,110.26751937329362,61.00832744745074,135.70273232333227,133.19069684214838,123.9433033149244,82.34458045856859
2024-07-26,113.89514313678919,110.38665786233499,61.1582321710808,135.2631874852994,132.74313763790695,123.82889986834329,82.33367810027545
2024-07-29,111.60305160631805,109.97661805473624,60.89089432597571,134.74947774534883,136.14811221928332,123.29457007228118,81.1563960756655
2024-07-30,110.40711205831182,108.04964651589619,61.7174129773326,134.08573042289746,135.62148525149328,121.72112271976306,82.51176806071325
2024-07-31,109.94583107585436,107.90758499942767,61.43817773000653,134.14904329751195,134.90306043078303,124.16113168856813,82.69083740353697
2024-08-01,109.6678095937238,106.28044777073396,61.869434613292626,133.48630517135592,132.58275535391033,124.59962170744505,81.97850281803328
2024-08-02,111.85777469060163,107.35641994090952,61.64900763884997,131.60096026928633,134.50050246922967,125.24273490367518,81.44034002814975
2024-08-05,113.14703065641653,109.04081404633618,61.743864751581214,132.68435168214575,135.86345727696485,124.42878995420776,79.94802628536887
2024-08-06,112.1085073622252,108.2185878278421,62.2253815261517,133.74055059728587,139.2440913778873,125.38090269601751,79.10547853482251
2024-08-07,112.54400520663597,108.58929723376629,61.96299936532772,134.92694403174215,137.37758266116165,124.95479075108817,79.94551700864716
2024-08-08,112.13163797542691,107.84758013336217,62.60862018822254,132.91716726461016,139.4512280899066,124.65109146318298,81.78249529217943
2024-08-09,111.85796331834517,107.21477739244388,62.01436132784619,133.3684119154507,139.6048980298906,125.46521963146601,82.41168143516411
2024-08-12,112.11029217467254,108.09160207397741,62.2222044624291,134.32672812198678,140.79110655466366,123.48733622248729,82.36880346238551
2024-08-13,112.85173183321615,108.0931821017169,62.82407238101661,133.00185574275903,138.54559907552516,125.5254954204756,82.04658311356276
2024-08-14,112.51451827325015,110.03407964740416,63.26540739452315,133.06727315798605,140.6508143566466,125.80496121973826,81.29806492248608
2024-08-15,113.76339168076323,109.54854759107913,64.5153475417582,132.96582590286891,141.81813430037474,127.47779887107409,83.02318229625682
2024-08-16,112.51667104153964,110.69306282651064,64.05030234009017,135.49214303972542,141.81968007712965,126.1646784419866,82.89977819409849
2024-08-19,112.56882229416907,110.84527449772312,63.198290781730705,138.18019773591007,142.79464067476505,125.0553418505858,84.70619037294117
2024-08-20,115.57752600210294,111.77557714396316,62.59803608120921,135.9537902097125,141.76242114613024,123.66018645251597,85.92921534456394
2024-08-21,115.88198737253632,111.32139955943956,63.03803855510801,139.44277752942875,140.9997567284031,124.01969065950362,84.48009256302338
2024-08-22,117.60181489001478,111.3107590362588,63.37804829712053,138.2276637251485,140.4039631714156,124.15120049961901,83.95293898613475
2024-08-23,117.75658676230437,111.22675237668092,63.46827195094037,139.64574123242127,137.88175090020468,123.62540469000463,83.42649463902963
2024-08-26,118.48986634217586,110.34483882584306,62.78464619383063,141.06401236013366,139.1307342439973,122.42705356794647,83.39325883628433
2024-08-27,118.46998162626396,111.12227548979541,63.29328422665922,139.72229890463194,140.85485476829436,120.93454016541858,83.37631983917815
2024-08-28,118.31558848088291,111.89194916791219,62.54786986266543,140.469383134868,139.92639297455943,120.92428063460663,85.94664744731486
2024-08-29,117.4438925228389,112.60309623918039,63.302300873588834,140.37455092636444,140.47064717429882,120.41073644612659,85.05979216884326
2024-08-30,117.99753361571024,114.39288346653498,65.16327617735384,141.211323132439,140.1541860180932,119.63586033072721,85.28888539495327
2024-09-02,117.04381487349531,116.10933816604133,65.42867204743158,141.59406082076777,140.67128898532016,121.54973577674717,85.8506555456016
2024-09-03,117.87257913205032,115.72108668027867,65.8376362473973,143.35551041513355,139.84716007434946,121.49829991279519,85.88365257131954
2024-09-04,119.20647494938939,116.20006384387385,65.5401581677079,143.52103750961328,138.67261411700414,123.10045132780903,86.0127300373527
2024-09-05,119.69207309522602,115.52389445410749,64.39016624277964,143.33762860967107,140.1953223330747,122.49475070855082,85.15279406746582
2024-09-06,119.39769548039165,115.59710817256918,64.02884786711284,144.9753211464792,140.16186088319748,122.84408388039571,85.27762256102649
2024-09-09,119.98893806377609,114.95186156328138,63.35822783353443,145.8775379534531,143.08215752916726,122.82507398102993,85.74914129590074
2024-09-10,119.66699280131341,116.87607070945714,62.473016752035385,147.00779646322022,143.20570499817626,120.80587969500374,86.06493571576696
2024-09-11,120.84011357899536,117.34885090547462,63.58377520567598,146.0924668483677,141.94239591140803,122.59280565673838,86.59171028854298
2024-09-12,118.69465078307041,117.14012162395655,63.783016519015845,144.63121069048458,143.7521622734471,122.47620966163862,87.85872843729588
2024-09-13,118.34429873814804,118.59413396309905,64.05126843412961,143.86997014971732,144.7196934864027,123.44318212940793,88.72128540411555
2024-09-16,116.05799719228757,116.09407694462939,63.87918776837176,143.03676465573514,145.8337758820894,122.56735299449093,88.82008238345627
2024-09-17,114.38150927307342,113.82473403577077,63.79436716363471,144.22342871392593,147.63949512696732,122.41443001836049,87.82052066382771
2024-09-18,115.99859233058396,114.78011231040793,64.4384435347424,145.69618456027334,146.73753219282838,121.40641654946762,87.3300956006104
2024-09-19,117.08848204461688,114.89548805639937,64.44338156538042,145.5285406441321,146.609554680893,122.96548628212489,87.17336435512748
2024-09-20,116.29558579094986,115.22968284388742,64.81220746994327,147.6849683989689,146.41696327658983,123.39835862654256,87.428584933448
2024-09-23,114.60713574500983,113.75686613257872,64.71117646760504,149.7797837642671,144.5970630732039,123.90167969530752,87.04619548414084
2024-09-24,111.30395369309672,113.77594053667227,64.51594487476493,150.2048600947996,144.2741194523573,125.64622086764801,86.26997543282818
2024-09-25,110.74495174188445,116.12488125945728,63.64006717117173,149.0350001326412,146.2736075014255,127.15840590724434,85.28508974832394
2024-09-26,113.50353428854314,117.13278090139482,62.4187535780127,151.462026758658,146.67984301336884,128.18660132864002,83.92200569081187
2024-09-27,114.04382658663981,117.37867374603424,62.280610493696855,151.43019679784388,144.77657031723535,126.42759234225609,83.75855852256444
2024-09-30,113.45282314433052,116.91120290949657,62.34073822854829,151.68203025364255,142.59853943570135,125.60134474458091,82.56961059651789
2024-10-01,114.02730046550924,116.4974015703226,61.56871178135541,151.22826336169652,145.05036488264375,124.39650426938185,81.78030508899032
2024-10-02,112.30611515052166,114.08878827244142,61.57211362975525,149.94858520055118,144.97739533498006,125.35496289449344,81.49139458903961
2024-10-03,112.0174967790087,114.42886847909499,61.62986613236612,147.82159030773926,144.09945688290634,125.61930387987059,80.44214687645393
2024-10-04,112.17384496275284,115.44661612248161,60.33947378091127,148.81958880680642,143.76267020075474,123.9342039160086,80.78051420376092
2024-10-07,112.12214400720669,113.68733805131606,59.813731969865024,147.7173644650514,141.7111369354376,123.74999599301776,81.41324756248592
2024-10-08,113.05754193461684,112.98305625764011,60.08185636128414,152.36760586119405,143.7997476291073,121.96355196499123,80.99956109170702
2024-10-09,113.49324980012223,111.72753861133387,60.338989838339884,150.7820361593642,143.2929535479738,121.94750690033413,80.67860827189828
2024-10-10,114.30000587576303,110.69843525126632,59.6707376290899,148.9575699739488,145.32391916188118,119.99342574121457,81.14581818058298
2024-10-11,113.56131364471594,110.80196633313591,59.78927061893723,149.7793014953391,145.45717208025945,120.67792630511696,80.60073831366533
2024-10-14,114.63131863569431,108.55972683821584,60.427862365888494,152.14834853017635,147.61049486557164,121.18337048301306,80.00430698792995
2024-10-15,116.56049667001977,109.27232967169111,60.92362470084428,152.3075632124801,148.04909741692654,123.56710167529033,80.99970035589766
2024-10-16,115.48133645246746,110.1432459334743,60.889951904443926,153.24291511244343,149.37744409333757,124.66910592695672,81.75175952136101
2024-10-17,114.50654365557365,109.91097594100145,60.629914179943846,150.50388061279654,150.51567252471082,124.19264295225429,82.2779239357097
2024-10-18,116.09279341497461,107.26084197743207,60.27364597954074,149.54745290497436,151.51734787299372,125.26288803928576,83.07628474317144
2024-10-21,115.91722684139188,106.23986947460693,60.5805059661204,148.00966799348032,152.10627749625127,123.57373153212788,81.48235483600578
2024-10-22,117.60300508813286,107.60084237688261,60.72310069985771,145.28933055289534,151.81322212136368,122.43903937198262,82.62603686949865
2024-10-23,117.13056250738269,104.69470396765395,61.1309471157241,145.51758519447066,154.81104524666412,122.89676495706637,82.98380500697904
2024-10-24,118.8948735652795,104.37323778685467,61.23610554954695,142.34713164956014,153.47473190524377,120.32088277110718,83.86038076365003
2024-10-25,119.09893632969397,103.19013854680088,61.764243632598905,140.5336137419637,153.54274800759643,120.32429898823513,84.21936643702934
2024-10-28,119.45465384853806,104.06534246497256,61.84742966109987,139.8366234679386,153.62704441995388,119.15056628796606,84.29429166960873
2024-10-29,121.38702731190814,103.406503359801,62.35958738551386,138.73448236689774,154.30825894671443,119.31905345847969,84.09617262341449
2024-10-30,120.99706741893417,103.86660124500729,62.93016724798869,139.341254482982,153.7084393126771,118.0872388073691,84.4392634249389
2024-10-31,119.91163399416101,104.49738003530075,62.45088382016407,139.8236232630415,154.25468263867793,118.63673113112698,84.21011298906322
2024-11-01,119.42271742555408,106.47649515864761,61.35636706713849,141.1354096941314,154.05606489736206,118.70713612990119,84.97811746813198
2024-11-04,120.0121257462876,106.30314155909555,62.335673920450866,142.25818619616376,151.69881407576068,120.42932640603159,83.67407692359869
2024-11-05,118.1949281313314,106.74633108754952,62.520872707847886,143.94794586802,151.7740029337203,120.4856216442832,83.25543872292101
2024-11-06,118.99838289094677,105.21487919567372,61.482685916322644,144.00277398801072,150.17284613913108,119.61090249029675,85.00938730004566
2024-11-07,118.40633080902951,106.51745443790563,61.06979621905655,144.49822622306704,147.64977446172944,119.3637002524221,84.51262103584206
2024-11-08,119.82116233666609,105.75274496187174,61.5676243297037,145.29735536750724,147.9111586120803,117.81702351388866,84.34487491121416
2024-11-11,117.03320690736676,105.20346458037926,61.420237695069346,145.56153762439757,148.69402146272878,118.34382339966496,83.63718668678962
2024-11-12,116.1627304219225,105.22214217303052,61.13097972405519,145.04252758356998,149.5390597171972,119.09156461581571,83.95212490397152
2024-11-13,114.26580703385324,103.63187037639163,62.018181335901645,144.618981156843,150.44977909614713,122.1176113915191,83.3696259547912
2024-11-14,113.37093806049101,103.91077642441961,61.39661589674043,143.49884462470607,147.62915866376386,121.40915021726777,83.24831900262028
2024-11-15,113.69753712290456,104.96293361587266,60.932895468973555,144.16279070664538,145.69177722969633,121.13290152035377,83.99158387473496
2024-11-18,113.53935002358155,105.3129731006009,61.08626522167686,144.08494195124234,148.65504529977304,120.4856570564467,83.44009653810465
2024-11-19,113.2973408072154,103.69435078623862,61.34978081417031,143.18983434894741,147.16529370968473,120.78980113913748,84.13436286761177
2024-11-20,113.16238795496407,103.607481689858,61.67971007555061,142.30160935583328,148.1262295149386,121.30023576802414,84.86293045667475
2024-11-21,113.43814734688912,104.4208985743895,62.269230368984175,140.6458216904344,147.1710382858136,121.28401313509889,85.79724813523202
2024-11-22,112.34476146985534,102.51918437213641,62.41796879840287,142.0861041039957,147.34726732676683,122.6577884787512,85.95228725309806
2024-11-25,113.18694893985469,101.46382038536534,62.74927566918254,142.25474332759768,146.4757112989991,121.9521159301381,88.81938570689364
2024-11-26,113.98507591240374,102.39805533686999,62.61187410026427,141.08907341410492,147.35947843055058,123.20999989581074,89.79688357559498
2024-11-27,114.47058680010439,102.7160798661074,62.67620846208452,142.2913754106253,147.62020222602789,123.92483275350142,90.125130797331
2024-11-28,115.15548291866484,103.18137807312493,62.76874553745051,141.55274540365383,147.01871278202233,123.95949947641674,89.37489290531488
2024-11-29,115.54353907150498,105.16003574935766,62.929071844960696,139.63158249692944,145.54104678539753,123.61915746948489,89.32391091899323
2024-12-02,117.96620128102839,105.69619219676186,63.44247859668033,141.12127446413177,145.98967460035672,126.70635023402798,90.64334146365466
2024-12-03,117.91065915599117,106.43641320205558,63.82117956199528,140.4215055631753,144.28762587078532,125.72564594435624,92.24313173555325
2024-12-04,117.59615974728175,109.404847948231,63.874950485589984,139.90444620669956,144.9637222477765,126.15123330939872,93.65437257675426
2024-12-05,116.76006514411841,109.21486248524789,63.385556085813455,140.01806677696072,148.88115478910407,125.2584572786172,94.43039870455551
2024-12-06,115.60722765047586,108.39027053424475,63.453840866425324,141.68373493853844,150.96530909472057,127.56620291045373,93.2893953384994
2024-12-09,114.22312351414293,108.89850413828074,63.46144449766249,141.76882355448782,152.1145032636051,128.75401604529264,93.7824799457945
2024-12-10,113.25770373542541,109.42136944351076,63.609597562212464,140.13504384354894,152.04514376689252,127.93473266916735,92.66251610857972
2024-12-11,113.22296116951745,108.89009274786896,65.05477563501107,140.95565348344604,149.18541808032904,128.6436505150528,91.33091341296156
2024-12-12,113.64754329693716,107.81481504965879,64.74081837154714,140.3298088146378,147.28464647208568,129.02718776206603,91.58622778978102
2024-12-13,113.75117122453162,110.37829642247164,65.04080092472543,143.06150877576994,149.2458600529571,128.41367547269223,92.10349617753411
2024-12-16,112.92885306023788,110.78395560781289,65.76576407905974,143.11714230263007,148.13106448883786,129.44272878488064,92.97649080867156
2024-12-17,113.99559954002197,110.01966307339302,65.856584745026,140.00989754775483,147.15771926281244,129.99962794167988,93.47724489772821
2024-12-18,114.8875672278344,111.07641724063527,67.44131892457402,140.5673546743231,146.97293100652652,130.33246066153188,94.01307764301066
2024-12-19,114.75018840031788,110.99963983057258,67.2137256618005,143.3849174590729,145.4784498173677,130.32995867864764,93.12916221294736
2024-12-20,114.04901696110754,110.76359353042642,67.45888962982079,145.7207249980507,143.7621613903922,130.94533203824685,93.06866962603382
2024-12-23,114.72209155768067,111.43270552365516,66.94894489167676,148.47275750923262,143.7471044255285,131.2985581662486,91.71321094537765
2024-12-24,114.98392596869347,110.04639483630916,66.74070689326665,147.02518350163876,142.52825229847193,131.42873076928294,89.93010384056286
2024-12-25,113.37615227897264,110.4793162468357,66.93382228109212,148.4317731207183,141.53259671118496,130.6411921659762,90.63488396836995
2024-12-26,113.3444337790054,112.65813377563427,67.5296961937147,147.42292060262469,140.48744786474177,132.92595403530757,89.99084363523573
2024-12-27,113.6872920767874,113.22982976149716,67.77262776048305,147.81305907431064,141.2797189978267,131.5896064167713,90.81576671690391
2024-12-30,112.71411751313296,112.84977661908388,68.65881586869959,146.00178340151743,141.0085449430985,132.2064081467649,91.86465830848587
2024-12-31,112.9734814162487,112.32387855855204,68.6210877069586,145.1219290490048,140.81328194860504,131.8364305832739,91.33400898352147
2025-01-01,111.3863611407562,111.90866765716608,68.42089108202418,144.20152668798983,141.71304884304197,134.23036485602697,91.91151550710326
2025-01-02,112.92984097783017,111.66948085137662,70.32434597128623,145.56130890289296,141.56851915449204,133.07629884568502,91.34237041564522
2025-01-03,114.39372767616518,111.2928904815152,70.63038474511163,146.79022930658303,141.23162830958722,132.15427718278286,89.70764287060629
2025-01-06,114.15087931432974,112.36230243062413,70.15209111360986,147.25602719393976,141.9543887557542,130.9311779529756,89.85426357803328
2025-01-07,114.61235628706147,110.47579006785757,69.69460960278214,145.33894106134755,142.96327491409514,131.40793291961901,89.46793791234187
2025-01-08,111.92806630431062,111.47678947072122,69.06832130238787,144.94467891270614,142.81028105518885,129.6678226472456,89.11070163283067
2025-01-09,110.68550849174468,111.09876025887138,69.74612559054553,143.9248056280134,142.98262526789628,129.10043727893202,90.92480684662209
2025-01-10,110.40496813024482,111.56295112399377,69.52025153658285,145.24002775143333,141.92591824363598,126.40196490820674,89.58378178452897
2025-01-13,109.27130252947089,110.35684233691443,69.63669976877807,147.0201402867397,140.7659227525703,126.75692046283051,89.9634078384662
2025-01-14,110.09875861778701,111.87760343154274,69.62033102785226,148.64091665708625,141.90954726512535,126.17490656482113,89.10851847709318
2025-01-15,112.36480143569025,113.32522664972049,70.15952383751475,147.581600688389,142.5993976860836,124.36098730736605,89.95751918136922
2025-01-16,111.09487730708855,114.46369541208357,69.59579301338786,143.65088074457677,143.3074422954792,125.76871416388444,90.2624792746004
2025-01-17,110.21245947282716,112.78802299700715,68.8787971812856,141.19138318699757,143.76798890293955,124.18444862643166,90.64178462280145
2025-01-20,110.51645637917184,113.7725596809831,69.06108276929501,143.27023001797906,143.89197505133004,125.22816409612739,89.82527634532732
2025-01-21,112.35635910360138,114.27981012924684,69.50515784129905,142.75359298572766,144.95552390930305,124.40308486807463,89.17587383926505
2025-01-22,111.0357092728678,112.50494806054974,69.76456991040749,141.74260498289385,146.37591183143556,126.46210420074485,90.04261294312093
2025-01-23,111.35710683510037,112.52261566788452,69.22982377602068,144.14783065455262,147.77492384572787,127.46453858146876,91.68795447178438
2025-01-24,113.449205086163,112.9787304049146,69.72832345915498,146.04152136734984,147.68513661489143,126.23657406134284,92.16625731083322
2025-01-27,111.63533402763592,113.65417977495453,69.23925623088387,146.13567359803903,149.8077011803849,125.13421645563525,91.3793829556905
2025-01-28,110.25842414851583,113.90137483197287,68.90664392587857,145.76583007935537,150.21041628024477,125.94460217116166,91.72631154719546
2025-01-29,109.83627576152679,114.27927749029135,68.2865667166061,145.6316397869143,151.22379841033063,125.66484009924608,94.01778714075866
2025-01-30,109.30968173558122,116.02217875436796,69.20856662650398,146.02123354416847,151.71165719835483,125.5024071147097,94.15178531511292
2025-01-31,110.2456418237834,117.50039650488269,69.67620484337831,148.4357966823241,152.1477052748422,127.16015146798436,95.57646674243742
2025-02-03,110.55659710196859,114.22511092406526,70.12706419247036,149.12385368130288,151.09280857503356,126.26216733833526,94.90945504459837
2025-02-04,108.65502555921272,113.90864562841895,71.03558250336604,150.2705721865747,152.2170986959477,126.42805057401381,94.90747520500862
2025-02-05,109.26018588046409,113.76674578935899,73.09115830374975,152.09878101146631,156.6729836928412,127.69181355442862,95.53552079777627
2025-02-06,108.67444559427175,111.83552632325484,71.8812279400319,150.39022632066525,156.14932733688389,128.78068342451243,95.95423959523399
2025-02-07,110.11234332030364,111.98569137816598,71.38097513550139,151.5903844004265,156.32274106063048,128.62673750158393,95.25976420962962
2025-02-10,109.46723406175573,113.43825559229181,70.97087831430665,151.20497342277343,155.6890377964361,128.30697610514164,94.52953691109177
2025-02-11,108.81608018660475,112.2572381231661,70.39775912803827,147.50696636451173,154.9930801011639,126.14568748646886,95.5065841987628
2025-02-12,109.45028582609875,112.68057163706166,69.67110013781557,144.45870798615513,157.4684256642087,124.87023011667895,96.6900689623136
2025-02-13,110.33262869796626,111.69799782320713,69.49043164868569,143.05261973058634,156.4748440269209,125.31851686626507,98.20254517538653
2025-02-14,110.87247798553972,110.99439017673957,68.67759595300171,143.87210784854423,155.7970893478497,125.19591237257639,100.03012975329297
2025-02-17,109.06289353464351,112.69145500231052,68.93564963768097,144.0935527720751,153.4046993450383,125.33987908967535,100.20495439650132
2025-02-18,109.69514016167633,112.12653599391187,68.99889146267917,144.41721368957687,152.30778971983955,126.69994031247849,99.93356748345931
2025-02-19,108.6098371200295,112.69106584433996,69.35933365372392,147.32129214652062,149.78776720067367,125.25458989265302,101.33334718667683
2025-02-20,108.90922594035104,110.64622650763592,69.74027677255746,145.5216636230999,150.79743616396817,125.00910593395962,102.09933809771097
2025-02-21,107.41259009075725,112.7712170572536,70.19015636004274,145.53995196424484,155.14100702007653,125.29534266711568,101.14161764900231
2025-02-24,107.93623357067284,113.49827777683987,69.95652579498193,146.04210756338048,154.63502117410084,124.46593853127676,100.14161488303633
2025-02-25,107.11195906314205,113.33665809084525,71.48484170273235,145.0287874610973,152.13983405291998,126.31096763082684,100.67571764430379
2025-02-26,105.78918439464817,114.0364494954828,71.68128778322837,145.12791477237886,153.57669062593294,127.51483764763182,100.53761020865623
2025-02-27,106.58965784332015,112.48500629877259,70.38673954629658,142.88155938818838,152.52534910467952,127.93650226844085,100.55125413358661
2025-02-28,106.89028492644141,113.86861034048339,69.71260369962053,144.96829933061366,154.5819343486083,130.30480795906695,101.67616629321373
2025-03-03,106.27851687093342,113.54569954880628,68.5371613314697,144.04113920339526,154.20825355529445,128.4175969551011,102.4918511019483
2025-03-04,107.87519471015703,113.35955841238392,68.57646812587556,147.05592393077328,153.29832013709307,128.4590487780158,103.90552018247827
2025-03-05,107.44385479418435,112.84871808961255,68.5203919322325,147.06699129971042,153.08697933545403,128.98208731295045,101.95858132682518
2025-03-06,107.52135799822182,112.24024625020344,68.22746090884284,148.64616373573867,154.31315625455971,127.85898618601223,102.25816495201758
2025-03-07,107.85401948569788,113.06787881789029,69.64120357435183,148.62639084652648,154.0242124185283,128.2953633230048,103.01221050445852
2025-03-10,107.23063499545617,113.40294992126118,70.05258864125327,148.6401485912785,153.3223498021596,126.93425899094841,101.4921718851532
2025-03-11,107.78013283365311,114.1901322401794,70.59132135133753,147.83369823427475,153.079018750704,127.86498210281137,100.87001570985439
2025-03-12,107.24959928006396,114.22577118585441,69.96509501400882,148.06912428374721,151.20487399605292,129.27646201478814,100.06578935159949
2025-03-13,106.85175839121645,114.85941898952277,69.29723636553433,148.60015979845875,151.86713316647953,129.6808668023163,100.12754716324714
2025-03-14,108.36106707425365,114.42509875125492,69.35048089853248,147.4982959089799,149.23746299843148,127.35119480233912,101.81153260485326
2025-03-17,107.28222770971405,117.05194000724606,69.49835981464112,147.37291016916302,148.6355793820501,126.17636471364379,103.93329286956272
2025-03-18,104.76661907021342,115.27706179458393,68.24744768655346,146.5351292382843,149.82851192933205,126.94167744194537,103.13165780461189
2025-03-19,106.51060639736967,116.78654152043637,68.15175886929681,150.00398050297386,150.34337868270603,127.01938780300972,103.71761601645069
2025-03-20,109.3045311385211,118.4424171861152,68.1886199097004,149.92940091461045,151.2940168150933,123.69263129891858,104.34053803399719
2025-03-21,108.90600357298577,117.48437235373797,68.06929264164025,152.32506825897238,151.25612895563134,125.28961937930248,104.7876804314467
2025-03-24,106.85970193710503,120.1808942259027,67.54488174429004,152.08820079448236,153.09705702631382,125.51114725769072,105.24868813290509
2025-03-25,106.57105411538986,121.4318211434775,67.20831263682418,152.54406381425787,154.58113001631284,124.53712083206065,105.61109512387353
2025-03-26,106.30897450475116,122.66589423665724,67.11639479549092,150.60188872763746,155.3344418694519,125.832717596159,107.45145180258496
2025-03-27,106.14971142331828,122.74936264595217,67.20424049430268,149.99007582197083,156.8446679854117,125.03303552737404,108.68608788151806
2025-03-28,105.01640637603036,122.53201132488502,67.63896781654702,150.36632408401857,158.08931770712758,124.22487924589831,107.58295889352895
2025-03-31,105.66906695108973,122.32460701196143,68.40136810797264,152.8312720397041,157.45906821085867,124.72071928587974,108.48581980505352
2025-04-01,106.26726347060756,122.85238718430797,68.22761185154297,153.2321885881992,155.41928836707925,127.01273747789284,109.50204283868325
2025-04-02,104.73289146201611,124.63573876909496,67.94426840194795,155.42939034754113,156.13642936319295,129.1433784902348,109.89142995911033
2025-04-03,105.50994200056181,124.91188083764524,68.26958438140747,156.49105287667783,157.05421505548313,129.66061245730415,111.1862943219827
2025-04-04,107.74119786162926,123.82807346149004,68.71536258961933,159.12226223749911,158.83974239549084,130.3136477838778,111.44017079213356
2025-04-07,107.96980865930148,124.90311662711608,68.44501952941357,159.09196471529467,157.4223894980226,131.4017217663076,111.70847088947926
2025-04-08,107.64926401679959,126.10941173551132,69.01574887696508,163.00561638404233,156.06432486389983,129.81227553088408,111.8887355271786
2025-04-09,107.53951429085646,126.98849255472366,69.72302283935487,162.28120999495707,156.84644411886063,130.7034289851838,109.69705312256738
2025-04-10,108.24648795223246,127.98991370219551,70.65772473405923,161.10657075906823,156.79756742219857,129.79939213185224,109.65274622518383
2025-04-11,106.43177892728555,127.69468999618138,71.95426078564111,159.23252378693985,153.9300037219092,130.26552948438456,108.96601168274876
2025-04-14,106.64953805232109,126.56452898266366,71.36206951454552,163.05308039728868,154.5703077916105,130.02155254701114,107.72390669323431
2025-04-15,106.27642406608275,125.52065846824118,71.40054275942013,164.46047538678562,151.79407465233763,130.72714766392582,109.32353723532997
2025-04-16,108.30179455666433,123.53391352952453,71.43716470176219,163.97747368272627,150.42614980250914,130.9339952876292,109.9201059580737
2025-04-17,108.156580518755,123.87651318134256,71.39569063486236,166.10486234078607,152.53423741652423,127.02234816111562,109.93128421301847
2025-04-18,110.01963753227724,123.82270203465251,70.96202558726418,167.31800305488434,155.4055060350433,127.30069408018905,109.35587236055937
2025-04-21,108.85551646418091,123.32841565248218,69.94360419942872,170.70851072186025,153.5891691670563,128.17204812792554,109.72411215073781
2025-04-22,109.54046863660925,119.78454310288824,70.03646657703455,168.153820380613,153.1453376243149,128.79638813845006,110.86170292214092
2025-04-23,109.93486567731902,118.34705835107123,69.52820523105774,167.77529543118848,153.271922452826,128.71580491976647,109.99268311606505
2025-04-24,109.02722129802433,119.72888399374304,69.61586144589205,167.06790442254544,156.08892612856937,130.8993265755667,110.03137613717739
2025-04-25,109.26450006498258,118.98335705621766,69.09290168867417,163.86837536128297,155.38364605375122,131.36008064429802,111.03508447467128
2025-04-28,110.64166513207583,119.46095044338634,68.364618461295,165.68142009525994,154.70628045816096,131.9890536988728,108.94969004179266
2025-04-29,110.32811838521093,117.85825683134847,68.5523989104211,165.30013521203693,157.1837667950817,133.42825418798455,108.9305495216321
2025-04-30,108.5205106874928,119.61398234958509,68.68340521690935,166.59390340511487,156.65841249931296,133.96650976158395,108.50731663151352
2025-05-01,108.54486235459406,119.48961542186656,69.1100689248363,170.6401331054573,157.85702772669117,132.82197052082728,108.40555212087833
2025-05-02,107.61277145422972,119.88463091915398,70.66561282844776,170.10644995356404,155.6046204810914,129.67434769128388,107.90627442643978
2025-05-05,107.28790533998922,122.75465262853187,70.89018350133503,169.4593182102921,155.4005502005017,129.10875108405833,108.09811284606307
2025-05-06,107.24329596968047,124.6802014020636,71.26339390193775,169.72840284455063,152.90395972593075,130.1469941798112,110.24173430363686
2025-05-07,105.47179015375858,124.34828942672335,70.5278151245896,171.48091929849775,151.3591776595183,129.74014596136558,109.92917716424691
2025-05-08,103.82293933746227,123.66226894162358,69.65385858806896,170.58008145838699,152.69579677735845,130.83609499019477,110.29442980380264
2025-05-09,104.36638180354348,123.30966116806776,70.79344366741876,169.57499145768006,152.6806724105909,131.0832527204919,112.56162942398183
2025-05-12,103.86379977069902,123.98960662572027,70.17075263206357,171.4457944260718,152.25512602762038,132.83573623522233,111.98900904644469
2025-05-13,101.27433065005576,123.90876184625739,69.46980198475585,172.16503840923096,151.17983346164192,132.49714949207524,114.08542232720092
2025-05-14,102.11314060817539,123.46936415403368,69.47042796522273,168.74796320238585,150.90696446239963,133.171434605407,114.13714099006403
2025-05-15,102.4326098785169,125.34436560250393,69.43556783014678,166.7594478186523,151.42260695047037,133.90038538368944,116.2356596234066
2025-05-16,101.7446628631576,125.25138219015277,68.83925684705325,169.34951246708337,152.979482528132,135.98058926605628,117.15779367184894
2025-05-19,100.45381477590958,128.2162980504272,68.65709270212894,170.0995720018182,149.07541881586138,133.73306708147587,117.56516477166328
2025-05-20,101.33746109171449,128.3840409574406,69.53416405376485,168.8755450705509,147.8997578844085,133.1746858342746,117.53503587955637
2025-05-21,101.73278823229377,130.74897661323172,69.00357154785746,168.6554585892748,148.1945140714429,134.36323678022353,116.85058325271204
2025-05-22,104.22746512255874,131.26950107995305,68.07578296348818,168.74526904785498,148.10730783144837,136.51108493019893,116.9859647192257
2025-05-23,104.70821335966629,132.59270694496632,68.74798837964498,170.05937277444147,148.7654383668976,136.8939494876999,118.08770162657558
2025-05-26,105.15701275776973,131.68806279993984,69.11490748197812,167.83225421065913,149.22365626286683,136.5484495067852,118.11945798893626
2025-05-27,105.0236238099358,130.62078745922716,68.71484491675844,166.49337225554123,148.82893373077508,137.64125195811852,117.7931641405886
2025-05-28,105.92730661367997,131.2751408725021,67.66327655443028,167.01523902559,148.10611626803316,138.89770174747446,117.54513821362211
2025-05-29,106.63416144190381,132.63234340070602,67.18818108659444,166.91533604919957,147.80206851104967,138.45440792016095,118.76505109673936
2025-05-30,108.02051624208066,132.73883220642006,67.17830216927376,167.93975366071882,149.56953881384948,138.96806518495595,120.27716592285336
2025-06-02,107.5018380005612,131.09465201010076,67.99315456206173,165.95393203031063,148.5380787489509,140.6746014920344,119.52520747909733
2025-06-03,107.07760697287505,129.37523922035868,67.31891230826733,166.6142930574198,148.50420594335262,143.41664888261977,118.77624295442986
2025-06-04,106.60845658624586,127.59301768063958,67.28894867865398,168.5103807817475,148.83624918312472,144.54343809222422,119.27538759598878
2025-06-05,107.49785091445287,125.40762451592975,67.77188679666172,169.40046723322945,151.23731295920373,144.6651065242979,121.15979832753013
2025-06-06,109.16435605528292,125.59523074119632,66.20359631965104,169.7041552465087,150.84414169468346,144.64474608880636,122.60529658459957
2025-06-09,108.7080877133405,127.067027233144,66.91831177012244,169.60934494502624,152.35833235253352,145.5114350294985,121.1284681484258
2025-06-10,108.29061123679836,127.1008114928528,66.15815361790013,168.26654680446677,154.308676652148,145.40136404265385,120.85735222474332
2025-06-11,108.6747232520542,124.30974758609365,66.40471728645052,168.21271249151286,154.27202611339789,145.73564813955764,119.78577120198138
2025-06-12,108.45134240605773,124.1224788374757,66.59536156339526,170.41325225628788,154.0088791702152,144.25976364980878,119.51355335528922
2025-06-13,109.53259233220156,123.97015122639874,67.34851090687992,170.27863040980495,153.56435361791785,146.20155168158325,121.49509384633362
2025-06-16,107.13657034052714,126.64663517795671,67.74766787439874,168.83772691469534,153.23328360820534,144.601880344401,119.82686096454849
2025-06-17,106.29702822463072,124.86453492908336,66.1825697688931,168.07588720741015,154.60970177759452,144.03598955296178,117.94981326470746
2025-06-18,105.51078393893727,124.42742983427183,65.69148673628979,168.4811863675899,155.02927778483482,144.23430977412931,117.02337265682543
2025-06-19,103.13198802225394,126.61882304075091,65.8086567056419,167.92021400908754,155.456645412428,147.19363975981793,117.40703009624438
2025-06-20,102.18380695569572,127.2407502597924,65.70674551574372,168.8046252932307,153.77871446612554,146.6314311700895,118.18537133917538
2025-06-23,101.29344084917733,128.01073070176474,66.04773241177546,169.75741042508682,152.35902606011754,145.71636244860878,118.7509947504503
2025-06-24,101.13038378277625,128.2087683974422,66.59778805097545,171.34177606624573,155.7222882811119,144.97391650205677,120.20344397848079
2025-06-25,102.30313030623492,128.68394685618935,67.03104577947873,173.86790547152458,155.50781074441426,147.4579148066257,118.14997804567815
2025-06-26,102.09356178576294,129.7403919824974,66.9143291963727,175.67829167305078,154.36937049213924,143.4260170732397,119.61020730078582
2025-06-27,101.08699958089393,128.74588860693893,65.71648205034312,174.11431104667895,156.65708301583354,142.05182583234176,119.28519589535543
2025-06-30,101.06986219671197,129.93329347859108,65.44400881957114,172.61724712857205,157.16203094812994,146.04354764240682,120.20903348910485
2025-07-01,102.17670525425567,128.2127715377821,65.74335697595961,172.55551043337186,158.1365446689824,146.96782268113446,118.67609827001624
2025-07-02,101.22483487955127,128.6859372856922,65.05637221219838,171.84746135612596,157.981572397288,145.40948837198982,118.72946311857552
2025-07-03,100.34742170176894,128.9677342348446,65.49454823626884,169.9703420798434,157.54193312962897,145.40669947066783,119.05793144331437
2025-07-04,100.94985126942045,128.22663958613302,66.11864892849685,169.28895461815867,157.33791247335836,145.5630295854987,120.49011349498917
2025-07-07,100.76675707191987,128.24884359796283,66.2290712222807,168.55496800335484,155.23939658232547,146.85863219251206,118.64254602087189
2025-07-08,101.4618998623393,127.50391445098563,64.25642444996029,167.49331479571197,155.165012187825,149.64494551094015,118.72651834860632
2025-07-09,101.48864185158975,126.19521740439667,63.46577768890259,167.03202223406757,155.68729498278634,150.28762756965452,117.49200987731278
2025-07-10,102.24414439588266,125.80007054267936,64.70009812844076,169.07967481623592,158.65850235746234,149.53838146798142,118.13467540734894
2025-07-11,101.23178055114815,124.46866763696016,64.37319631887127,169.48466196691874,158.85853658114564,150.7803190124272,119.10404704784602
2025-07-14,101.26004370089719,124.92105693899242,63.13377627384546,173.79570906733824,155.25552822854723,149.79106297048517,120.69529645563324
2025-07-15,101.08735034484573,123.5419949519786,63.94404358244478,174.1619486087382,155.1717354796851,148.31049785474812,120.09929559522013
2025-07-16,99.90563482596832,124.47450410082277,63.97817040863052,173.72697327293437,159.54523958023304,145.78150298887593,121.26656375466416
2025-07-17,98.39512983134672,123.06173227892931,64.71489184878187,173.80366091517766,160.99787692401816,143.5750165377587,122.97734416770783
2025-07-18,99.11182911012628,122.4157659738607,64.92033672834333,174.31973951579926,159.7615336305952,142.35062586458423,121.02143454998824
2025-07-21,98.80411718317454,121.70220701101458,65.2448111747631,175.15017274631631,160.77298739504812,140.7401542735308,121.81349239620853
2025-07-22,97.83833493241177,123.37501285718781,65.50828435148193,178.89711233817945,159.64829181587626,141.23817899187253,123.03590664185253
2025-07-23,97.78338583229859,123.83270499621852,65.99318614115468,177.4622028461354,157.56453877801582,139.61011709270906,122.7670887443039
2025-07-24,98.93221040113295,123.62022488544329,67.54039078347655,179.064863318457,157.07940639735355,135.3436360782313,121.33814527586964
2025-07-25,96.74005091614075,124.28798814025521,68.22669184146643,179.50904759484345,157.28614327438882,133.99170284235876,122.53672667104074
2025-07-28,95.3411113885194,121.74509021020961,67.1838217702285,176.78152244080576,154.43065491629181,133.41429444083406,121.12410805378966
2025-07-29,94.5030625958391,121.74127527844693,67.51157645636205,178.22051314902123,152.7272372309269,132.66203283023955,120.95664698186795
2025-07-30,95.93242439599258,124.24721375467698,68.3139433200398,180.56626997905616,152.8041326971794,134.74714664438983,120.95649692580179
2025-07-31,96.24238959438621,124.46153412066727,69.16817804224746,179.09673754142997,152.2425832403445,133.9765264408437,121.87383032379219
2025-08-01,97.02251580779443,124.59591700190562,68.90128665935848,179.1523846137647,152.90599239544213,135.216046463079,121.16097293985504
2025-08-04,95.96096211267877,125.33086003550527,69.73653089445794,176.15833331907152,151.12036228032142,135.24446834752587,120.38250071891991
2025-08-05,94.93060066762756,126.50896474436146,70.41467693277184,174.02433524336467,152.26428954438867,135.2413513694621,120.54984685407166
2025-08-06,95.39481649273834,124.05667358995754,72.27851316073084,175.9281095158232,150.5326745106185,134.16993488447494,121.81789175269249
2025-08-07,95.48861119090091,122.03589728011988,71.76715194725406,175.17952020663526,153.08717188478496,134.14473657960843,124.6863942676101
2025-08-08,96.05244784659932,122.34172507352045,71.43249456989454,173.31716645795905,150.54317606271565,133.17557620863602,122.87000505467549
2025-08-11,95.91071092296984,121.51884926676644,71.24265181096358,173.7848173102478,148.96693737034002,133.45557122520754,123.30739045671659
2025-08-12,96.21633073011229,123.17297168636283,70.92262257407364,172.94847667515475,149.64982913136873,133.1939219837759,122.02366446323119
2025-08-13,96.40714259903513,122.83449712425704,70.32232052639147,172.20497990339067,152.22206749430296,131.99444613690986,123.32252886870528
2025-08-14,97.19876115959926,120.5292654335985,68.43350181236958,173.55226116713996,152.76348190271466,133.3635410131008,122.2193845536476
2025-08-15,98.02553921295353,119.05820020960505,68.16392749504129,171.61634576230514,153.68721023958588,133.98759153498636,121.44617757471872
2025-08-18,96.489030565671,115.87542489835265,68.44353393133511,170.13764491594793,153.7756625425426,133.44195213822138,120.78093776856717
2025-08-19,94.38259144020783,115.65069930264758,68.13403477240712,170.4681686803423,152.26627829420693,133.68970739461412,120.73722426330895
2025-08-20,95.37095693034505,115.47921927784482,69.49332303646167,172.19760493007848,151.58240971626574,133.63113402894547,121.17653626273679
2025-08-21,96.54906728036165,115.03609710774705,69.53042556342243,174.41269238428012,149.81636913551318,132.5297785195924,121.81280408940279
2025-08-22,95.60691194748338,116.33043944506261,70.46208228608552,173.32590549157223,147.9720254551587,132.67629986255818,121.85451073950372
2025-08-25,93.88275946491382,117.78017410761794,70.67478979621299,175.02825862160418,148.62713618545774,131.90767004156706,120.29281409058137
2025-08-26,94.01337997444676,117.62670247193923,71.2897816614116,173.73063340068575,147.02592739686025,130.7193776427207,121.21996035271681
2025-08-27,94.93054268447348,115.18840991818453,71.51773193057753,177.0032527032459,147.55551651865127,128.66668159275667,121.20425288352328
2025-08-28,96.69110761801376,115.94801575937812,72.5323931614678,175.07779167431357,145.70532505631763,128.25739244253958,122.66959367753391
2025-08-29,97.23049681561044,116.64038312582095,72.60201365948896,177.49016290269316,146.19627830795824,129.03824455772832,121.85320991876607
2025-09-01,96.90850137507803,117.04862756238306,72.99229333949688,176.3993265894018,145.5417904751193,128.1962427492919,119.96432124919723
2025-09-02,96.08526192201953,118.25038298445791,73.28948845827729,180.0586787088345,147.66252306399633,131.52136675544068,119.97148812860239
2025-09-03,96.13471175058042,116.92772222802594,73.10774702823367,181.19902229683248,148.20057747167706,132.7444935997752,121.58500435826977
2025-09-04,95.88579119583216,119.34799329561665,73.43378845162339,179.4390924621443,150.10340726588444,134.5410667068399,121.82956549472826
2025-09-05,94.95538304694556,118.25570382340457,75.12309428582627,178.57585122457675,149.03303178231604,135.66951765839266,121.63519568840393
2025-09-08,96.95962799715612,119.19269757188518,74.95021220777036,180.04832009620256,149.1763860188719,138.26201729268038,120.62938311496193
2025-09-09,98.74555298178588,117.24526395816595,75.29537446245521,182.02639499754395,147.7790913997606,137.23304528658034,122.81762854910383
2025-09-10,99.9137043080509,116.20610327933161,76.27891023921637,181.9704930989647,147.22801104017077,133.81699630170863,121.60821616808941
2025-09-11,99.03747882949614,118.02884614238548,77.18452836110541,182.12461141803809,146.90137428187995,133.27463329439897,120.77757028898328
2025-09-12,99.92786201033942,117.768408389339,77.22445575782709,183.5844282688774,145.89728637582263,134.0742963890824,121.516606664367
2025-09-15,100.60931118231402,118.80925182909759,75.43582571386702,183.9000945060552,144.19230031640058,134.33131746234724,119.32975686840624
2025-09-16,101.0959702426442,119.13875653423358,75.85695020021292,181.60928558135578,142.2253333314061,134.7557651329484,120.90881102220419
2025-09-17,102.40821344158297,119.06139132513442,74.22155375490136,180.2109045013697,138.9918326050856,136.6022055179515,121.71455189507432
2025-09-18,103.10218978322425,120.74462243269319,75.35075629932106,180.7073832822989,137.58634842262552,137.17996385198194,122.86311818770541
2025-09-19,103.9095461955094,120.50740081246569,75.50876187793932,182.99043436871202,138.50780079892772,138.33562502056904,123.6001854640391
2025-09-22,104.6153024019609,118.42783497330961,76.29790199197237,186.04595340348297,136.36589291237752,137.09678968374024,123.45056720156558
2025-09-23,105.01442792052038,117.5273869182313,75.64295651613422,187.57691951798375,134.56676012672057,135.657487330174,122.19392394265802
2025-09-24,103.19925542914017,118.22425699810972,74.50746002743956,188.19184719722188,137.0532339631653,137.92007804112907,122.07169900289698
2025-09-25,103.32691034851766,118.74025720163026,74.73188178996534,189.68220095106494,136.23815022431137,138.11454652072803,120.93536214751994
2025-09-26,102.79491937454554,116.94079866564422,74.73666221254561,188.49708388898915,136.73092165916597,137.3113666452705,121.57334690072041
2025-09-29,101.52829415637086,116.14325513515986,74.39995642468543,188.28376762366224,137.6670502332636,136.51536212601016,122.60717643414874
2025-09-30,103.29156175363232,115.5157834350061,74.49276219764296,186.81315007562708,138.63760243291415,135.6863429277855,124.48106841926725
2025-10-01,105.13504213582492,115.1404258522711,76.61373186726806,184.5686523562142,136.59771365506836,134.7816861616261,124.99469793196852
2025-10-02,106.61645323881383,113.61247801263761,77.28667677393611,185.25939606281247,136.33697965869322,133.1165222607265,126.20619951491001
2025-10-03,106.93166435718256,112.94597768721218,78.13331773592047,185.6776520868698,134.2021627104212,131.18658828733706,125.88208381662653
2025-10-06,108.42907046564108,112.17089156710436,78.8270284214322,187.03366769291523,137.58068136331755,130.9834008479912,125.331578672711
2025-10-07,108.48552593767513,113.08489938238262,80.03392119666,188.13311298908454,135.4580185255014,130.2611583118661,125.97702808955287
2025-10-08,108.74924586332556,114.04921567614512,79.91390303139121,188.66561264078985,134.0996746010123,131.7640651710378,125.5413071247182
2025-10-09,107.60961706379423,113.9286034999925,78.31993982952216,189.79458760577006,132.7645628198497,132.20367221731973,125.93006368578037
2025-10-10,108.08089069560451,113.52823461917573,78.20365367350263,189.78949530266604,130.84465115146364,132.6079302238578,124.65061962152824
2025-10-13,108.18944317777121,113.73268338564797,78.87258684571813,190.65098492961837,132.67953236325874,131.67880705952447,123.60592787449423
2025-10-14,106.8319749687733,112.85288424946872,78.14262806033669,189.34732148935856,135.9872550582356,131.57215302411922,124.44359947954449
2025-10-15,106.82001354275978,111.61067956255812,78.03614074556604,190.1246800401746,135.3959809633516,132.10081807774807,125.6021658340898
2025-10-16,106.77758284659085,110.61044546832777,77.52917869885464,191.47633894021024,133.67339123657328,133.10354534837003,124.41999962809274
2025-10-17,108.75782459948888,109.95447281783295,78.73396653017495,190.27443604567816,130.7687100872111,133.03183274197346,125.30729484012957
