,AAPL,MSFT,AMZN,GOOGL,META
2022-01-03,100.34531191237997,100.91471377823966,100.21084704897278,101.07377761799043,101.35867283534678
2022-01-04,99.34687516631236,102.4595910499614,99.69065507021108,101.0603328000626,102.767379884068
2022-01-05,100.1352755843068,104.35642337969493,99.76150765619622,101.06968754692349,103.3413814816392
2022-01-06,101.12199657815688,105.77987314999689,99.55017475282216,100.52133176030087,102.9132826648299
2022-01-07,99.20786773183546,105.70613413476389,98.8103167507966,100.68141258291912,102.70820504700457
2022-01-10,97.9635556016898,106.12207965343548,98.56372208194308,101.04249667800971,101.92635140926947
2022-01-11,98.12811608923045,106.98176025043477,98.79895969628035,100.29327084579471,100.95781701538262
2022-01-12,97.85741850068665,107.15433029279957,98.08308294170665,100.20801327799597,99.948855624757
2022-01-13,97.88012292255472,107.33746783690306,97.33436242621578,99.63835388435857,99.37276352732555
2022-01-14,97.08754091284992,108.26861419075942,96.05775758268294,101.99704174084727,98.38918184640615
2022-01-17,97.98427777140552,108.24773914982262,96.47239471599889,101.94633043730845,96.90138445379918
2022-01-18,98.78887075713324,107.50416724098307,97.03872590084035,103.57529375748665,97.15307553766114
2022-01-19,98.89367283727954,107.10234591589392,97.30270012914187,103.41423282709248,97.4202202056541
2022-01-20,100.05476372061537,107.82655726667474,98.28569024627176,103.72420246456637,99.13095128474394
2022-01-21,100.56384171036947,107.87292541931448,98.41144621943944,102.40359675321243,98.51002628081513
2022-01-24,99.7432956606773,108.28384973669907,98.8375140979911,101.98758708288483,98.84167608625583
2022-01-25,100.15183154176019,109.05548725300949,99.17793938140773,102.2434216918087,99.190918660558
2022-01-26,99.23576900255372,108.69093494087856,99.1268362226122,103.91949321125809,98.9790378403635
2022-01-27,100.15139858680726,109.55983924085666,98.64149213461242,104.19210132335175,99.7584161474161
2022-01-28,100.1414581414801,110.01968486632026,100.89027215655403,105.68611554090259,100.57499986408804
2022-01-31,99.99649588155604,108.71297717579837,100.47550858967429,106.40800596631634,100.9452032402724
2022-02-01,99.35763829655829,110.33643743389037,99.84861860501198,108.19712896228428,100.72775983316622
2022-02-02,100.62002184150765,109.8292374438729,100.32303436614973,108.17652779139158,100.40842612666366
2022-02-03,100.50484821810169,108.0696383952094,100.61625925826414,110.83766312445347,99.08406094551627
2022-02-04,100.11531674888971,106.9889311794447,99.25238524517917,110.34509413756979,98.32805738557752
2022-02-07,99.803310447628,105.94445322499209,100.41310579257315,109.54638381820587,97.7574428140709
2022-02-08,100.37613155119848,106.0421507620773,100.35870207955443,108.27210265180243,96.70350226702314
2022-02-09,100.78392675069875,105.79446038190794,99.2896640796623,110.86993686095062,97.16872100620569
2022-02-10,101.2412428828587,105.48089421604546,100.51724642134883,111.82691230259051,98.3777969671445
2022-02-11,101.71903180074027,106.1790541036172,101.18859720600841,111.49848938471425,97.52751211092509
2022-02-14,103.96256664459005,106.5831692498739,99.95705610027736,112.94503332993196,97.84346718571251
2022-02-15,103.58232923788553,106.96333273483864,101.79006267149732,113.76992320044408,96.87561312237077
2022-02-16,103.09432241475913,107.44556804706846,102.50386004466989,116.07534036918614,96.61930779969279
2022-02-17,102.29968497218651,108.15287356909495,102.53441472961278,114.33824741673632,95.99300259323277
2022-02-18,102.97295569939256,105.93928943420971,104.21964922323727,114.08086474637686,96.6111593379771
2022-02-21,104.18374412333023,105.59613881204932,104.42756379019728,113.59986557559662,95.99598559791164
2022-02-22,104.10673137125683,103.3601721611743,104.4400090860784,111.42430664630427,97.01086456366117
2022-02-23,103.27703846475617,103.43881773755064,103.79417272123548,112.65710859455527,96.81149820186697
2022-02-24,102.47001909429466,103.47540744291493,104.44162825640937,112.39784927344358,96.22312690620676
2022-02-25,103.18011878229716,104.60478517679834,104.98257287201727,113.27756278471092,95.06270063594978
2022-02-28,103.99145462958231,105.89686427249335,105.03999318704712,116.02884617235878,95.34183778319989
2022-03-01,104.59965689106328,106.15426776512793,104.25515434295085,115.66596178397441,96.23767468153439
2022-03-02,103.94741791909799,105.6666979861833,104.43246558438621,115.22593663791487,96.53968065049028
2022-03-03,104.23070791503588,106.22307806009157,104.40135061387255,115.40890402704854,98.76491584839243
2022-03-04,104.39415065545757,105.70605926596434,103.05964198996162,116.60054903077044,100.22727061677908
2022-03-07,104.66455602198383,105.74687745161324,101.59453512711087,115.9880133202418,99.95949318925364
2022-03-08,105.62285939839097,106.83757099606264,102.21120189710116,115.30459007766072,99.6819643574107
2022-03-09,105.90164382450038,106.28582628732643,99.62592244270206,116.57666544403524,100.19133708494789
2022-03-10,106.66572836829178,107.18847418745302,99.87071519469197,117.06572418985087,99.39497279404385
2022-03-11,106.7805401119638,107.96021068256681,99.43415545708272,114.74224209733876,100.60122353186208
2022-03-14,107.13255453963164,106.97710305941919,100.78385125276657,113.39012673402031,101.00605092090262
2022-03-15,107.85414202046861,108.0672547792331,100.32786318921347,115.15127287942066,101.30593665872402
2022-03-16,106.33646012847322,108.86835785069229,101.03210089912528,115.66128503653772,102.0450671941879
2022-03-17,106.03948313016191,109.02297993206591,100.67214609329949,114.82899294947599,103.85989731974234
2022-03-18,105.58409881967623,108.23831868116294,100.82704670689591,114.67934245392215,104.0792265939977
2022-03-21,104.95366867803284,107.3552458914109,101.61335826214287,114.74041017400434,104.00323449672663
2022-03-22,104.70716818574071,106.82230622883009,101.18489110203075,115.63395108007242,105.62649039444318
2022-03-23,106.32675985841253,107.44646345780062,102.23918274909344,114.11959456533032,106.6961099674474
2022-03-24,105.4522961577027,106.46714687335574,101.26876461747464,113.20920539962738,106.3967361949015
2022-03-25,106.52092716857192,106.97675629580455,101.60817015230168,113.56405509461109,106.4448239652367
2022-03-28,104.78522376791342,105.6988512394636,102.59101379163269,113.49612484356868,106.69566987273693
2022-03-29,104.47668297327408,105.52557481542443,103.31170897647812,114.19269013158191,107.12524936063717
2022-03-30,104.68872754111196,105.68360968696287,105.35284738129211,112.84240641879333,105.72408260713676
2022-03-31,105.34636873024421,108.34289137500035,104.59343372200705,113.2914269782494,104.14746839159932
2022-04-01,106.14073867628562,106.90364997685636,103.20210829177756,114.58069502376456,103.26866185443278
2022-04-04,107.0289554119612,108.53233065234262,102.22189901966581,115.18592019605902,102.31809872389906
2022-04-05,106.6990397203063,108.73856674866174,102.94041818210302,115.39241657610691,101.70213900103306
2022-04-06,106.24934472919523,109.23027301209316,103.49565032179216,115.32794915167361,102.39065428709628
2022-04-07,107.20773483479664,109.40337388483654,103.64298454834827,114.41489712776776,102.25872794440365
2022-04-08,107.04564754884305,109.93496872858996,102.52663126499834,114.3782918280481,102.5007480088985
2022-04-11,105.73103807458696,109.81006005938897,103.35723153434087,115.87457576323143,101.29398810895654
2022-04-12,104.58139008254412,111.46299454930941,102.13997814087772,115.78303799170757,100.8677890550287
2022-04-13,103.66567917899448,110.99974865284182,103.37195561882714,114.80327803172227,101.50247847812824
2022-04-14,104.22402878749774,112.30858239481802,106.41090766091308,114.2852558021571,102.14902140825733
2022-04-15,104.41433376903085,111.63187321332913,106.8442961748295,114.56084392468406,101.45212405202344
2022-04-18,105.17985780114564,111.60926798689621,107.51213017999417,114.17940390640074,101.65692125647907
2022-04-19,104.77333366417207,110.46342464233089,107.02635177341402,114.78077017923134,103.95853371823264
2022-04-20,104.98155695169771,111.01160047741172,105.14842770769827,115.42862808632239,103.98182519128976
2022-04-21,105.68263467499068,112.67256575612899,104.5583988054585,116.50593688767678,103.30484286982582
2022-04-22,105.39836516231516,112.6304834505166,103.46328372446645,118.22360948229105,103.16675222094179
2022-04-25,105.92326083762869,112.45392086653807,102.01774384096764,119.45460372887679,103.3032052098976
2022-04-26,105.26654087354572,111.25194185946113,103.83160008297476,118.3911559677238,103.18842851897914
2022-04-27,104.92702197381935,111.0415492982406,104.15695893906334,117.37320904103652,103.1973498531243
2022-04-28,104.56905857535273,109.33062047480821,104.59501134286427,117.33123041982819,101.7591457730341
2022-04-29,103.36736613659723,108.38045050111529,104.3140055232006,116.84978378725039,100.82460270191551
2022-05-02,103.91352149056495,108.66998046080141,104.17549441590374,115.57341357004975,100.71442612541115
2022-05-03,103.4682710395763,110.15690067312963,105.22726399031835,115.11009582915975,100.58834219616108
2022-05-04,103.52260005514266,113.34064344659811,105.23532773961202,114.61101265059112,100.06044720917524
2022-05-05,104.06309662363485,112.72283036938589,105.83761635331787,113.88912856344113,99.92344467968177
2022-05-06,104.57062968357182,114.39815813266418,105.672633846431,113.57546704254666,100.02443320096684
2022-05-09,105.31086301225304,114.72322672088173,105.35382281947065,114.96779346744472,100.95840726012224
2022-05-10,105.24928945133212,114.59567079552117,103.92352423863136,115.243169435297,100.89864572999248
2022-05-11,104.84664286318008,115.13852531742761,101.92913267929735,118.17451865399006,101.34266906440197
2022-05-12,104.80500792131376,115.25593027112997,101.70354655392948,118.42354771085954,100.83560670720222
2022-05-13,103.0926616950812,115.42940067711271,101.8017344784243,118.12778090964895,101.45470996305004
2022-05-16,101.65219028791847,115.00501796569607,100.54102384809266,118.179925610214,101.87736587632831
2022-05-17,100.35662490663717,113.45368197418928,100.54657902882005,118.53083956858137,102.8043805686919
2022-05-18,99.40054760883872,111.76052508588927,100.6408882253955,119.09550280346369,103.58189638877317
2022-05-19,99.83864821915307,112.5379909651153,98.53369181950438,121.64328022023778,104.23520430788258
2022-05-20,98.97829409246997,112.27192844845074,97.67516126992827,120.6675959559695,104.1743305847737
2022-05-23,98.64415185560395,111.64932942336314,98.11300542894944,121.75734455159797,104.47158741666038
2022-05-24,99.9741079479314,111.70349876685985,98.53290154664982,122.05937308462292,105.63082509348196
2022-05-25,99.65842532243477,112.64005165609035,97.44165309653867,120.20475898669851,104.98626029654179
2022-05-26,100.43630524459162,112.888543407901,97.63521615501793,121.18321832383346,104.37032685163341
2022-05-27,99.54278692860338,112.19522576487029,98.67802939898229,122.77824437917342,104.60169158797599
2022-05-30,99.37824192002661,113.62497933466862,99.487603796426,121.77901781946812,105.07900758235861
2022-05-31,98.47798050234492,115.47975412712894,99.4326164931681,121.81685572710663,104.25829807774747
2022-06-01,98.18393862850597,116.09871170392994,99.00797777158476,119.78101391907539,104.22206151950775
2022-06-02,99.0520753627944,117.28154683754397,98.42619574956927,118.32997581946681,104.16579807596331
2022-06-03,97.39477080480037,118.79472781582922,98.92729470610251,119.62447042742323,101.92436726598402
2022-06-06,97.85793243047769,120.19290821113626,99.16015032562899,119.11545796815399,101.74148150385894
2022-06-07,98.13009652188322,120.98166585108963,99.82615900175009,117.8491277520956,101.62219059108966
2022-06-08,97.58781255637307,121.75641891836935,99.99788155849868,118.1671126705031,101.50001976364038
2022-06-09,96.22527294833847,122.43975197982687,100.86032519369736,117.59843262360621,102.9885828473242
2022-06-10,96.3332303879533,121.15197045057091,100.99616705612003,117.09288289746209,101.7847361165376
2022-06-13,95.86283845513393,122.05270299959938,101.83251494280563,118.00898327582887,100.98923502461928
2022-06-14,96.12459031647768,120.45723618841014,102.7642655333336,116.69263391168805,98.42471776013599
2022-06-15,96.1840638288897,119.55168747029812,101.98160100856595,115.68717318029678,97.99170209652294
2022-06-16,97.77622762723017,121.16878120845043,100.19426728362345,115.91191685763276,97.64381990141425
2022-06-17,97.58149938047536,122.2400410574835,101.79346451943918,117.08786819413066,97.1859929176431
2022-06-20,96.62649171690346,124.1214651969459,102.09589208632488,118.5940440087208,98.30779958262713
2022-06-21,96.8386025388386,123.83424039903595,100.40054456409324,117.8550699649171,99.19717577890157
2022-06-22,97.09070728421787,122.46452692675255,99.72630026535136,119.01260580282835,99.31415524138096
2022-06-23,98.45873672776916,122.21930829834515,100.53924805159986,118.13026965829269,98.98635185911381
2022-06-24,99.32414130900729,122.39302130161332,100.29856731102686,120.35552719136537,100.0473803524499
2022-06-27,99.7191133270046,122.53874186487073,99.82621225079329,119.04628640802169,100.0676341332416
2022-06-28,101.22951817578978,123.98542828809357,101.27500264828433,120.68660773849848,99.29186044097764
2022-06-29,100.07328477719986,123.58773894686992,100.25999317620402,119.94488024162713,97.6413538871882
2022-06-30,99.47488995263858,124.07319644507922,99.50274285801439,122.43310148494831,97.25029020447323
2022-07-01,98.59686742996557,122.90176944038048,99.75319396407097,123.20849205894464,98.02616205357523
2022-07-04,98.25256846893987,123.5058578155619,100.18351200553519,122.01180623629013,100.32348244696772
2022-07-05,96.9479785574354,123.55911087774733,100.7222828320943,121.4248347956299,100.42547329264193
2022-07-06,97.604738317705,122.68517714648422,101.68496293642268,122.42605801955855,99.69966710343753
2022-07-07,97.42704228147134,122.4451586366578,101.92785114289381,123.77107424914213,98.5646507728838
2022-07-08,96.04297529889261,122.26874961519138,102.46887159033126,123.73306306928104,99.14983936662564
2022-07-11,95.11055576315319,121.98766540531759,102.24449635138788,123.837857705869,97.45454599090021
2022-07-12,95.4473797571131,124.2174114906608,102.3495536510922,124.83047803347489,98.03156565712513
2022-07-13,96.28921935615045,124.14483259127283,102.50066566938885,125.04511915340812,98.87601004540618
2022-07-14,98.27047961239576,123.89196398886067,102.76247675233145,123.48745559855175,99.34805941015699
2022-07-15,101.21655167494545,121.3689910542102,103.60086428676168,122.53660927496284,99.16972926900706
2022-07-18,101.67753581827942,120.33666359527442,104.21927876521038,122.87419609613973,99.77146551590018
2022-07-19,100.71663812085674,120.06852366457139,104.30708608738837,124.42658461394143,99.98214394281348
2022-07-20,98.63148665521013,119.2955566920449,103.50791045750366,126.50422216385505,99.24686885942516
2022-07-21,98.93545447719674,121.00370434096305,103.61941874730418,127.54522130375096,101.14088989691787
2022-07-22,98.17368948161783,120.85261940534413,103.63183539282801,127.96334890247564,100.82614535047571
2022-07-25,97.80587814568939,122.46879027453721,103.87376770495732,128.97673317087742,101.65200083847787
2022-07-26,97.24793136713043,122.59341007082367,106.23372747799884,128.17089832540853,99.26262154081576
2022-07-27,97.14996369462028,122.68812287663484,105.7210387469871,128.0258513210184,100.57802450176771
2022-07-28,98.23038670674177,122.62827003512378,106.21090693101243,127.0258869272149,102.10701469093031
2022-07-29,98.42413910701596,122.68198838328021,107.39476372580387,125.49971324297955,102.17834478956671
2022-08-01,98.30744302476985,124.85879977605624,107.5430728665772,125.9693928770659,102.791994466788
2022-08-02,97.33349788545108,122.044702281269,110.13092621495724,126.25379117770493,103.40906494734328
2022-08-03,95.75533789481968,119.6740661843228,109.75926893972563,127.17583057897477,102.78760699923485
2022-08-04,95.32892651011255,119.07341361249392,110.15961898185344,127.92341185907912,103.39287104859143
2022-08-05,95.31578865775813,119.13835952809448,109.32688487721569,128.28549151203137,102.6012083160944
2022-08-08,97.0547031256576,120.01137705436335,108.9868345341359,129.0531518517193,102.0193131930691
2022-08-09,97.2201033342159,120.62872247201406,109.3021898217655,129.04968927792285,103.2167939439409
2022-08-10,98.21951371461162,120.21417696251258,110.27524531579951,129.63546968951547,104.26942233834231
2022-08-11,97.76943020929689,121.4940629354923,110.67194987142912,128.7490277838651,103.57690639261928
2022-08-12,96.65640910430088,122.80126916625854,112.1190852287272,129.2776022409517,102.86100699682443
2022-08-15,95.76634786269055,123.07672349999346,112.0574755588219,130.19667924666882,102.23996663091503
2022-08-16,95.11237504105193,124.31696890500221,111.73055668948906,129.37943066905788,103.03297266000382
2022-08-17,97.19738278509391,124.70624823452788,114.83887742380429,129.49829708631577,102.04860425638023
2022-08-18,96.44085493661495,124.05761903217139,115.33863534901295,128.7447427942588,102.4542480555306
2022-08-19,97.29180973559465,124.97632204055726,114.5575871506686,128.11991215302749,103.26358598787569
2022-08-22,96.45586425504332,125.1646946029565,113.81052491468202,126.73741473729162,103.2137780218319
2022-08-23,97.39757067648675,125.21644819258636,112.7878030625612,128.4031719716404,104.30329875467676
2022-08-24,97.81234325991542,127.12531866849291,113.89464995164352,129.83078471498132,104.02797853890124
2022-08-25,97.69832350713465,124.09713923051785,113.52580012534254,130.58264026428168,103.84727719682805
2022-08-26,97.69757853472433,122.39919559398456,113.71595879768547,133.2368330911369,102.87851941958847
2022-08-29,97.0987883732851,121.00321238108191,113.68922882520158,133.03813116542378,103.97189710990229
2022-08-30,97.57190751032934,120.61268815879787,114.56972470641334,137.1881596683033,103.21925736964755
2022-08-31,97.16783920095057,120.35412102856704,113.64915851958581,136.93113259054243,103.62236202917123
2022-09-01,96.02261404155995,118.60102739279634,112.47831227368128,137.33594138079638,103.58991666129245
2022-09-02,94.84124143714706,117.48534106104319,112.77598261825989,136.84546165190406,102.5460704018333
2022-09-05,95.04307692037163,116.5249195779788,113.50115228825814,137.41087533959382,101.96413496836772
2022-09-06,96.59443613932315,119.47168444097127,113.92476932152229,138.6193485413415,103.42532512092197
2022-09-07,96.78781021229211,121.69243201579572,113.05153481174423,138.51692397776097,103.67556245699072
2022-09-08,96.71172781734445,121.24088094767114,113.86557926841986,141.05638603812216,102.67564357461181
2022-09-09,97.02735382341942,120.84919976509458,113.0669379059768,141.45069402859323,103.03082453328724
2022-09-12,98.34217258690003,119.51614244080741,112.52378569891968,141.89056026893735,102.9215523583985
2022-09-13,98.59758607980457,117.3041508094385,111.51120648975063,140.66287656876594,106.5812424752556
2022-09-14,98.23253823357204,117.2140018174281,113.01682212221952,141.30929533567658,106.92832742716578
2022-09-15,99.36504522814347,116.09662512685621,113.78047014659285,141.17648857956274,106.56472259116588
2022-09-16,99.83191866999579,116.04456684832518,114.5167184658719,140.37654264078498,108.13201087351656
2022-09-19,101.41748563561761,114.24808358944966,116.00031879661414,139.34650297418958,106.20194699497172
2022-09-20,101.64413727705508,113.42621202818289,119.35705129252653,143.17695204138013,106.34469346343316
2022-09-21,100.44729604801306,113.64036651043621,117.38124842068657,142.85734138763488,108.53035771313286
2022-09-22,99.12201643831257,114.10292342541072,116.56434113620433,140.84734797568527,108.44768985739957
2022-09-23,100.81234918017081,114.62610810334752,115.89465757312783,139.9233049667562,106.6268040392996
2022-09-26,102.60611353259903,113.16769078011973,114.95876029499352,139.90711979960295,106.2479746496828
2022-09-27,102.46305810832526,114.18472882361111,113.77213421899468,140.73032111204165,107.84779482185965
2022-09-28,102.11202058671864,113.31997430652069,113.47710457896076,141.5698745090685,108.29745150009708
2022-09-29,103.65674324737735,114.08502769721565,112.14975289821483,142.58802859374114,107.43575712399205
2022-09-30,102.5565586194674,114.11852948917212,112.57115170476388,141.72817328999952,106.74476730723426
2022-10-03,101.68371552994489,112.60360887791927,112.67442490394856,142.26839153380166,106.19145349415675
2022-10-04,102.38092700747934,112.293029399057,113.26302300641306,141.08390160163574,106.61834713013324
2022-10-05,102.01852192872158,112.74914847119737,113.88509889670331,140.2684842037762,108.09792942068925
2022-10-06,102.05411029068749,113.48777022532319,114.61974727613918,139.04272230970523,109.28528976872687
2022-10-07,101.92820946268439,113.37321916340602,114.2382311531961,137.45510464357585,109.8287047072529
2022-10-10,102.31379191217893,115.16927351544552,116.73395408912877,138.98130768417573,108.4192302947653
2022-10-11,103.80553580707397,116.38202482129816,117.05474836096855,139.99763981534323,107.03181742537427
2022-10-12,103.94117871467347,116.13015131945079,114.9407654401617,141.42820705697017,107.64714147583206
2022-10-13,104.65450934992818,117.05135550057608,113.83990907535409,141.54042259912129,106.25097227730731
2022-10-14,102.5717769849033,119.38465907535584,111.9204247179747,142.7012701599801,106.05398833833601
2022-10-17,102.56283475493433,121.79697939500116,111.98461227752259,140.26598757456927,106.41960238272364
2022-10-18,101.74231874807391,120.35859236018725,111.89304047490958,141.53844927366947,105.25793408012971
2022-10-19,100.55000836885381,119.2962893781824,111.41468736086273,141.84609116904977,104.22700174320659
2022-10-20,99.71076806304947,121.12940212492975,113.72331346226264,142.79552341642213,104.17060824205416
2022-10-21,99.41792619067978,119.90222304590317,114.39510071629793,143.39655924640985,104.73847425725718
2022-10-24,100.37282133706972,118.3742471203069,115.27484525999863,142.04492520305192,105.89856579417243
2022-10-25,99.08990205438802,117.84724477849284,114.252224592877,139.9888791037293,106.58600776147438
2022-10-26,99.15991545406328,118.39085924531152,113.16161882314961,139.05123228589022,106.7072186576747
2022-10-27,98.72045411845691,118.31701029026777,113.24856655531848,139.8949264730423,105.95631242875152
2022-10-28,98.43687002646101,117.5968105448505,113.49005118608204,140.92002484566854,104.86961244868762
2022-10-31,99.46869857854523,116.85335694743011,111.44732554731019,139.06105857585993,104.37696626032802
2022-11-01,100.04540789659337,116.07034371135465,111.29106676944322,137.7584946572532,104.84765347463494
2022-11-02,101.43296561087907,115.10000076008396,111.35126043981667,136.82048751005408,105.2432791358304
2022-11-03,101.31688557642222,117.80346100150607,111.15640033382046,136.38703722322364,103.09754660507153
2022-11-04,100.6544798269533,118.2017324516733,110.30004315155676,134.5957979012077,102.33163106042353
2022-11-07,100.46958771351659,119.30226949606472,109.7504295299428,132.74840963544327,103.61311346971691
2022-11-08,100.75381234872806,118.76771107388957,109.6003287139574,131.71458239283072,103.7367095503964
2022-11-09,100.97225472251259,118.59448811522539,109.74377976634501,131.8809821268898,102.31803586208434
2022-11-10,99.92320017363575,117.79837435660329,110.45368466460575,130.38530115089975,104.79899402796697
2022-11-11,100.05367484888342,114.76165216927492,111.6986758892756,130.28650196749552,104.81058362205037
2022-11-14,100.32240739746743,113.23635766363726,111.41493384861883,131.72565847779083,105.256275463474
2022-11-15,102.92121721550147,111.24901957248892,110.95223713630007,130.07401278845182,105.7199210235358
2022-11-16,104.91308655269526,108.81762006065856,111.48347452462089,129.8576901912069,105.37415402317032
2022-11-17,104.06334775778502,107.567620815592,112.2114253971672,131.24774591516626,104.65211419515927
2022-11-18,103.80623051372856,109.04593739607746,111.76995817661141,130.7522149886007,106.93898103260264
2022-11-21,102.3390758486056,109.04110004271712,112.70195287461253,130.05628867267362,108.0604140167583
2022-11-22,101.77703639567812,110.50165667655654,113.85692341504377,131.63096725213478,108.99585257990981
2022-11-23,102.13960490341324,111.00112530706718,115.38328124789984,131.28102885902697,109.66965639617021
2022-11-24,103.42007469679228,111.91794036217311,117.50051024799531,132.79216464542867,108.61826178830607
2022-11-25,102.709873428396,110.95857766391575,116.53346846675272,133.4163764644274,110.05880916593618
2022-11-28,102.0810174221015,111.58609741006893,116.596294849156,133.01294329842466,109.17843096113377
2022-11-29,99.95238235786292,112.44718101997668,116.6560980750453,133.7059982799461,109.5319615658369
2022-11-30,99.82985001601409,111.84535256024542,116.58837138353908,134.18881052518444,107.79405343980896
2022-12-01,98.81437526807856,112.51792475779978,115.88020116800021,135.61997462803558,105.65868071789791
2022-12-02,98.3319203809336,113.20206613956363,114.21713033089395,134.93230588610916,106.03792547033657
2022-12-05,97.51245279078871,112.62670916255344,114.36877356414226,135.0419236066328,105.22551668220062
2022-12-06,97.45955439649802,111.41380105246242,113.53878842025311,135.01287154450404,103.19435471657678
2022-12-07,95.79976015028895,110.14634865603297,113.68193004740601,136.02131482143386,103.79525369679581
2022-12-08,94.44236260216981,110.28577806567729,112.82794256089245,134.68784046906868,106.06170548221414
2022-12-09,96.51343292856613,110.69128141854634,111.63866412362185,136.11901027359977,107.58881091247072
2022-12-12,95.31698049575174,109.86142728335071,111.94530751549334,136.80996776914458,107.35525505505635
2022-12-13,94.31498817239522,109.93460324922277,112.15923936178014,135.07411335400786,107.40770586748054
2022-12-14,96.10191603200377,110.60784783005066,112.85597646724592,136.77076057578526,108.40877016352198
2022-12-15,98.97427079207726,111.33825952827172,115.39616241859656,139.9166900859847,109.67596782543842
2022-12-16,97.86062368517186,113.12481331797237,115.7628838380494,141.38200953625685,109.34356682122093
2022-12-19,97.5399238437157,114.62449903668298,116.37233228518609,143.47134976170207,109.42470547105876
2022-12-20,97.91280375714878,113.52790273527265,115.17114029568751,143.65133457625154,109.79805770568345
2022-12-21,99.65999089227479,115.50161446090559,113.74397895938154,141.34080442387364,110.45206243797459
2022-12-22,98.72080659741684,114.93591852496499,115.60490876162785,138.81371051830726,110.34930541683725
2022-12-23,98.5183625096582,116.18961526822744,114.58806120344005,139.22392979652872,110.2609672827895
2022-12-26,99.32688980339131,116.3151522829715,113.44341656644372,138.4575602533119,111.83765481577576
2022-12-27,99.79958138074058,115.8830906227443,113.4444387856071,137.2519230689526,113.24385656095536
2022-12-28,99.46466226971434,113.85262795338207,113.38751257145366,137.22070635828905,113.83131071293798
2022-12-29,99.3713853393601,113.70293679285983,112.41374334618553,138.1232603942249,115.85144370221884
2022-12-30,98.05369534306409,111.98841152136521,112.11627131681865,136.18563282624208,115.45077573438223
2023-01-02,97.85957107908992,113.12217052131872,113.54851911168011,135.62993708352354,117.38674418625679
2023-01-03,97.63827983474947,114.89702774293673,112.68206743116585,137.7484000278219,118.07253558098505
2023-01-04,97.90438379637104,114.03064253237567,111.16699895745275,136.32966352737986,122.04738917173457
2023-01-05,97.4011536129624,114.42126148794343,112.2647029506213,137.57559680799315,120.64888927788058
2023-01-06,97.90067456689636,113.6397092681817,112.86387777742297,136.9651143165244,119.86799952262173
2023-01-09,98.93673426790654,112.97292083015518,112.21058004312377,137.76980201342005,120.4192148161344
2023-01-10,99.13027471830547,113.89683680272888,110.49338056410605,139.34564010199603,120.94688135791145
2023-01-11,99.51938560795088,113.89850168841969,109.71755493157642,140.4385861157082,123.37800350906645
2023-01-12,99.61213643199022,115.94363828340384,109.70142276909985,141.77791858735142,122.60515809572658
2023-01-13,99.65207335602643,115.43202994084365,111.03206769386142,140.21065137116688,123.7691677499303
2023-01-16,98.97519592094261,116.63801322249547,109.93103756740908,141.83757167833943,125.26643017576622
2023-01-17,99.3286664916821,116.79839966827778,109.88210729239813,140.68953881005274,126.20270558346209
2023-01-18,99.27178077290188,117.77866572635168,110.67073988572247,141.11159453959533,125.04571936030786
2023-01-19,101.4121627523032,117.30009579833323,108.10973892130704,141.53308271349346,126.86924807073459
2023-01-20,103.06157047488492,117.2888838086045,109.27686132928645,142.27825969292,128.4898949444422
2023-01-23,103.5013904341694,117.2003654351814,108.03553149308141,142.815599223749,129.314330091372
2023-01-24,102.75571524633236,116.27108728732722,108.43816723065916,141.6722345819983,129.63069302152573
2023-01-25,101.65963889682006,117.09027744770657,108.74948722161287,139.82861698186923,129.9761100665096
2023-01-26,102.91895043360506,117.90128769851056,109.97937175084216,141.11017878968804,129.92577254050258
2023-01-27,103.23100889751005,118.65062807616115,110.63119065413444,141.4292144766483,130.8133055540703
2023-01-30,103.76935705802066,120.5365387281848,108.07540279699923,143.12138398806664,130.90639251131842
2023-01-31,102.01550952496208,122.34517841006453,107.27346964842693,143.1146103074519,129.85224888333758
2023-02-01,103.00723625935684,121.93607524882117,107.46480690954657,141.17413612029128,128.54915245783076
2023-02-02,103.51778607628306,122.44077665751061,107.2983870661312,142.60170053771958,127.63708686086265
2023-02-03,102.41560947270673,121.72829249445311,107.85521488750189,142.13136378525405,127.9721037207454
2023-02-06,101.97461290026565,121.80543827435972,108.75344964893365,142.67534886839027,127.98879770004335
2023-02-07,102.28479814826177,121.1255376498388,109.46095471690569,141.81128109720234,128.3160267528177
2023-02-08,102.37942136710312,123.15308956776025,109.27035783050005,144.22003936414305,129.0118565514489
2023-02-09,102.12157520971681,123.65126119068164,107.31428671920224,143.0185777549219,128.25636367658228
2023-02-10,102.05676056731853,123.4313217647053,106.86934095372484,142.59382992711485,130.20207983654797
2023-02-13,101.84065245306482,124.96342419378325,107.3581731748247,142.80423776316027,129.9059329109915
2023-02-14,102.036948307228,122.32909756001501,106.23633467084758,141.30955399981096,129.3958519720561
2023-02-15,103.59094325939566,119.93787591115091,106.9518712609614,141.8341046743771,130.07356669749996
2023-02-16,101.00634345140698,120.94456432489787,107.9710207731964,144.19653601391954,127.75764695567686
2023-02-17,100.80770776872751,121.0661365123763,108.15133915491128,143.54844597823387,126.80237112445607
2023-02-20,101.02620542968039,121.41827977272688,104.93002884255569,144.17444774583464,128.10374834182434
2023-02-21,101.3662182994638,119.86636305218967,103.63891144608952,140.32057904101492,125.94763813792528
2023-02-22,101.03032678521926,119.8864618780787,105.6545430413794,140.32208160113967,127.4140465065166
2023-02-23,99.31071982441182,122.36155627051106,105.12071601006794,139.93946557136056,129.4058200007435
2023-02-24,99.67685205005485,123.42358679673755,103.09675681554604,138.8542697794348,128.98018713937486
2023-02-27,101.45415038948727,123.68268571524266,104.41991434865336,140.42021588319457,129.4088706878104
2023-02-28,99.9498301980181,123.19010859955957,104.47564307751787,140.01884660865363,130.91755880841512
2023-03-01,100.8572995665481,122.7540833886057,105.67870102270764,139.82648447448983,130.36000745293342
2023-03-02,100.56672021687814,120.21611160868977,106.01419023366935,139.35579354588634,131.54877117880574
2023-03-03,100.54527730803164,120.57445637418367,106.54405340786471,136.76473267190156,130.72111730568145
2023-03-06,99.53199610990828,121.64686380474275,106.97430218483915,135.2794048849325,130.15032850179236
2023-03-07,99.23934907397218,119.79310085260306,107.76614143222511,136.64047964358326,129.16579230085375
2023-03-08,100.57815084321302,119.05099446340787,110.29270946233079,133.84116135597995,129.66098841021525
2023-03-09,101.20635972987976,117.72804720644687,111.4134314823622,132.87257421351086,131.22362820699067
2023-03-10,103.01604101501083,116.64367418203253,109.71043621627403,132.39546356058932,131.03465418945578
2023-03-13,104.27783558031929,116.7527655684997,110.24565598556042,134.7780832982475,129.43118273177748
2023-03-14,104.77861542658637,114.39010296636008,111.55591217968745,135.8723220204807,128.0886066893975
2023-03-15,106.66456939967254,115.14097729028721,112.95086801183723,135.17144434512204,128.64649043458226
2023-03-16,107.17671097225188,116.05866752184906,112.51503734207782,137.00111545562962,131.09331823547168
2023-03-17,108.11104122377225,115.81392309287165,113.87898191928996,136.0447546080136,131.66313756024692
2023-03-20,107.83401523051306,113.0214593883606,114.98638688258909,137.47951272466622,131.20719396110513
2023-03-21,107.94896909020333,111.94565390205868,118.0300107821704,135.67823116987404,132.2692405948649
2023-03-22,107.24161455669578,113.37972006047627,117.19496358901593,137.19711858413163,132.00562830347022
2023-03-23,108.35146058555661,110.31750277651442,116.64847180147405,136.69571224116808,131.55982724151056
2023-03-24,107.12508516406038,109.9787717333106,116.33846068055196,135.35112592359698,130.3570360566346
2023-03-27,108.00966083924794,108.7321322305154,115.8158564842436,135.11157228842174,132.2589317806827
2023-03-28,107.84706564942417,109.6543403940033,114.83556989474326,135.5410220557221,128.99446885855178
2023-03-29,109.16130336271861,108.96011726657085,111.75114987235287,134.9260507312088,130.07980131338763
2023-03-30,110.02804915282358,109.44492545461819,111.31093800039444,135.72983342478148,129.52976094737093
2023-03-31,112.09444637670633,110.10958124247034,111.76753221141722,134.99482605942333,129.05094665266526
2023-04-03,112.96178030076175,112.19498795208109,111.26212351569448,135.88924462018426,131.30599161038114
2023-04-04,111.24434980836013,112.0123241164222,113.48182618314783,136.5461150518533,130.4237940201126
2023-04-05,111.21436996685756,112.47931585700586,113.54241419839222,136.51754842210943,129.5916575106059
2023-04-06,109.96251421632688,110.86561485846916,115.0637992990607,135.9706893614325,129.47456704758545
2023-04-07,109.43784137904483,112.23814701583532,115.41114830523027,136.23137828496118,130.06351944703297
2023-04-10,111.14870770659797,111.4323675776351,116.4154232038979,137.03786691764486,129.5419004534852
2023-04-11,111.90433470528731,110.85358720275478,116.78766346661085,139.94860947224788,127.57007164034316
2023-04-12,111.16938704910413,110.87326790579972,118.44459400910705,141.32602908704695,126.52106465516069
2023-04-13,110.09216448400893,109.1975879841551,118.55828351063049,142.76920619208283,128.20392392822092
2023-04-14,110.17232103168126,109.49147313365822,119.19560590182246,147.30636087814327,128.3511567540431
2023-04-17,108.88367313113247,110.60013813284777,119.68092223637481,148.1276038479018,128.98302320135954
2023-04-18,108.1986284848266,110.96897705559145,119.38414049572232,148.90678789195763,128.6977433858987
2023-04-19,108.58016904065444,109.2634240057069,119.91656252593958,150.01880851134905,127.90292830309171
2023-04-20,109.88582867771855,109.17188946367197,122.67518022719138,148.57219720105394,130.11872437107627
2023-04-21,110.60104310688237,110.02899222070819,122.39286571012865,147.9733219129933,129.92604182224548
2023-04-24,108.13891226306535,108.02514337414182,122.9565118458959,147.2851210999685,129.4030148796157
2023-04-25,108.511948635964,106.91309935349278,124.56261486682581,148.3013640893312,130.88160087107772
2023-04-26,108.63358657434672,107.89750890766061,126.04147922106883,148.10251481569952,129.9915568170674
2023-04-27,109.12778458038912,108.2326134598258,126.10668021731905,148.36670354398842,129.27245447948542
2023-04-28,110.95021952790385,108.72290126139809,123.18586718254542,150.04893618289424,129.33742592283957
2023-05-01,108.72798853742576,110.80782595595586,123.87355880057179,151.41024232844921,129.38952072749566
2023-05-02,108.13043295548181,111.37277755459098,121.20297453379251,151.22605638201142,129.7777677402156
2023-05-03,108.81479125371798,112.15275332902894,123.04694977158867,150.27633438376844,132.5738965269846
2023-05-04,107.15017232847947,115.28061267570881,123.30497112997611,152.05291356310087,133.07364304199228
2023-05-05,108.78688889610706,115.08042373542958,124.59362818855224,153.29550864348175,129.99839996752084
2023-05-08,109.23203562513042,114.2115457368597,123.52410948659711,150.9132124267666,130.4754559251382
2023-05-09,110.20477506475383,114.74707485055471,121.66985630756852,150.5015495353532,130.577109781894
2023-05-10,109.62120039413435,115.29802148467742,122.03633455805169,150.81117154179353,130.68612189079388
2023-05-11,110.56111300662965,114.73821171278419,122.04414093513417,152.05112786849395,131.06035013289704
2023-05-12,111.79346903595251,113.60518448253889,121.4943041159514,153.5026524669089,131.0751892487166
2023-05-15,112.09894544032836,116.30634177842461,121.64585491443648,154.00066287760944,131.05865896630527
2023-05-16,112.40696836287334,116.73378754797403,125.10937487392728,154.96656471251634,131.9173306513258
2023-05-17,112.75635766228129,115.92844744391316,126.2082864469034,155.1280259934794,131.25665900656293
2023-05-18,111.83179492551591,117.04195630692934,127.59084175278556,154.14785408166202,130.07065100728593
2023-05-19,111.71160830146914,116.9610554415868,128.72366361242422,153.8071568308723,134.11740682085735
2023-05-22,111.58597826506964,116.71233189221026,130.69450613593165,153.8979162652259,133.21402058377873
2023-05-23,112.05942802186917,117.41737962980754,130.4985178024524,153.90610500642626,133.4008414695688
2023-05-24,113.23072830382459,115.95661487949454,127.89559356292608,151.09170640794977,131.4730435804797
2023-05-25,112.08328595709641,116.41278703623065,127.70569955918141,150.55254302089267,131.67891839051353
2023-05-26,111.98804552977131,118.70862149273782,128.79806001426675,150.69745277265798,130.5079660546805
2023-05-29,113.70492149471072,119.31102133836167,127.60604540935205,150.3341529678337,129.98376239959202
2023-05-30,112.90771486620852,118.9105568257885,127.43215280474638,150.02354748046517,131.40184994671637
2023-05-31,112.02793975385572,118.35641455732369,126.60428940215486,150.81775369042575,132.07636530951248
2023-06-01,112.29971952509372,117.91890408133403,128.57169457559476,149.25893355799133,132.8823799443724
2023-06-02,113.29728627790195,117.66687136036722,129.590729968905,146.9073600942835,130.60171222904853
2023-06-05,113.35556558738259,117.27005559415969,130.49000836108172,146.45533285339528,133.07611781854195
2023-06-06,114.91802896016266,118.39690204573866,131.3561941586677,147.6377489001327,131.55203356057086
2023-06-07,115.95324185424917,116.40907147809384,131.35980748552268,150.21042752956996,133.63177557739098
2023-06-08,116.98026239057853,117.46383117672019,131.67223190591463,151.4504401349442,135.05789152511792
2023-06-09,117.67733007942462,117.06549929318257,130.17294300721738,149.30270257325373,135.89422693998188
2023-06-12,120.49676656280701,117.55462028126801,127.40862963554542,149.01576915742754,134.7912104855961
2023-06-13,120.2979163255306,116.28373546642092,127.65103971383489,149.45845742016738,135.04970430147577
2023-06-14,117.95887883216744,117.88617150111192,128.11652370468016,149.78401981598103,134.4689983024791
2023-06-15,119.91445611604559,119.41154167112558,129.72707713225972,150.65424365182733,134.56186717716236
2023-06-16,119.41461875086232,120.61115374407024,131.8343480001924,149.33870956672294,134.27975528749795
2023-06-19,119.59134025574951,118.84548662532244,133.9740574311948,149.49551248197037,131.62266686036043
2023-06-20,121.2162256718875,119.88289944805368,132.6966828966878,150.18526077187545,133.16075547778354
2023-06-21,119.33722923790948,120.41739260400179,132.28296383962163,151.49101456188976,133.10602812676655
2023-06-22,117.90000763524502,118.54720869047819,132.97307134405798,150.33545017195726,132.51528676583553
2023-06-23,116.07355592298352,118.5658251653078,136.43737026050567,149.87739047762065,131.82756439613638
2023-06-26,115.20149550966154,119.04643628374865,138.5271971188901,145.9376369427809,132.35389185547118
2023-06-27,115.75537128646212,119.75816175725298,140.14262402226123,145.09152737414811,131.2287220534857
2023-06-28,116.41029478080362,120.01863282556397,139.65607143140585,144.39038200448093,128.35373603275403
2023-06-29,116.77905332191143,120.41683135880767,138.48344270045408,142.98286137339576,128.9289288109613
2023-06-30,115.18690356583483,122.2533379608834,139.63611356412676,143.2771539561033,129.65179321240916
2023-07-03,112.60149842354461,123.81094579219342,138.16287424767046,143.25430961624556,129.44499279273322
2023-07-04,112.70779211257809,120.35975568932696,137.88898072363708,140.11020632116703,128.0187830932247
2023-07-05,112.22219597647707,120.02629411192072,137.7859087143225,140.46865680388748,128.18395126099927
2023-07-06,112.7840193212236,119.87677331195437,140.05430150135098,139.2263657840478,126.37087398109065
2023-07-07,113.62393648722798,117.84183457350753,139.61424717456708,139.96019054520167,125.12944003845459
2023-07-10,113.82664201773818,118.00006448614202,136.3044171670714,138.23284092816417,124.24330030837451
2023-07-11,114.7410600425584,119.53064101630153,137.0485431096842,138.32964683649004,125.34640358061715
2023-07-12,115.05037219190592,118.28619508931712,136.14833281061053,137.99368849169193,124.94267394485558
2023-07-13,115.70810673245155,118.73226441588966,136.260880065838,138.4679605910192,124.43411257438011
2023-07-14,114.94157616793261,117.69691988240191,136.197254688616,138.69620145418372,126.94111083473254
2023-07-17,114.78121657455902,116.95552384658387,135.87932791070966,138.39809773774726,127.44028598518456
2023-07-18,115.05331306145902,118.74373228991347,137.01228630983317,136.3427008327898,127.92419408654668
2023-07-19,116.0476517299891,118.14847339031544,134.9820699074314,134.39718670891088,127.503121586357
2023-07-20,115.63786861952048,118.74332223158316,134.33971950225524,133.66820218672078,126.7957001136688
2023-07-21,116.28861465255515,116.58866148318401,135.31591976923173,133.71060862093313,124.10314895855382
2023-07-24,116.02628618131037,118.82777809532841,134.54131724021522,132.95295554503582,125.3613631123743
2023-07-25,115.93635175739207,119.5938867895794,132.4470941364356,133.8403226310266,125.97501184953983
2023-07-26,116.94883590460263,119.42358705632874,133.38888772308698,133.52053123741334,125.79981940552591
2023-07-27,114.68691477803492,120.16096189286233,134.94938414704237,132.2911440930503,125.67756783041956
2023-07-28,113.25492057467716,118.52619592405497,134.94264331345195,131.97653846380834,126.65680228233963
2023-07-31,111.6332961701358,119.98410866394089,132.37533939761568,132.32787790122794,124.7527755860139
2023-08-01,109.1019970054447,119.64385542469,133.36651170808196,132.8116040912109,124.06866598175313
2023-08-02,108.40785534126547,119.4477172767619,131.22352757753725,135.38402973628033,122.71592625537913
2023-08-03,109.26705062860378,118.90944144627579,131.68203346053244,134.53525872607167,124.95919380562013
2023-08-04,108.99980039198587,118.26829064026956,130.57079120207246,134.4902256607374,126.1086440475693
2023-08-07,109.25929951596795,119.14037255677164,129.11676476113993,135.11858012629529,123.4105822365602
2023-08-08,110.5000669398154,119.49343919697024,128.59887297644832,135.14098064507036,121.6051410599369
2023-08-09,112.0217431891344,120.32289841851514,128.41472590451818,134.5199282037399,121.49289580838109
2023-08-10,111.98910712169379,120.3604514115459,127.64117282498077,132.50492060611558,120.96864602251279
2023-08-11,113.56069680790442,121.02813029778747,128.446184980162,131.8825080639603,119.42488139678564
2023-08-14,113.71083992959335,120.57048418699843,127.92566191280316,130.52625727145403,121.81886015080619
2023-08-15,112.8077172392121,123.33840421130829,129.23742771842,128.3432537856315,122.24907815510946
2023-08-16,112.18404128581156,121.46820328678186,129.65317092665737,127.37704628283424,122.88005916701907
2023-08-17,110.57957342825078,123.05875206849737,128.80342400549554,126.1006804705331,122.08146910408108
2023-08-18,109.64567657653888,124.80355922132647,127.74396641907555,126.88973800762578,123.01562045535297
2023-08-21,109.29753888865221,123.79406103803294,125.70690360660888,127.70583091791808,122.59754701544479
2023-08-22,110.2234565134935,126.63540398897506,126.12334632121416,126.60735826337411,122.29957694560021
2023-08-23,112.18142495581492,127.95351396467555,125.72720141748404,126.32883941377222,123.09834677097248
2023-08-24,110.68580601912963,129.2538649540182,122.8289253473714,124.05263076865513,121.15777568309505
2023-08-25,111.16592288033216,129.3418161695543,122.2215507632024,123.4902885478479,123.15748547091812
2023-08-28,110.0592048095061,129.11279164341673,121.173699272792,124.03358016717785,123.4316792113771
2023-08-29,110.62713664278061,128.89424834562132,123.14737677803424,125.11104658829623,125.07295916051795
2023-08-30,110.52641596776948,129.4503738077671,121.11663866391808,124.27181771112679,123.78461044996168
2023-08-31,108.56461141567475,131.32950318060549,119.43120666854385,125.63612014055006,122.6962012412973
2023-09-01,109.62094525283659,131.620475906632,120.81255661938648,123.79573070210137,121.32736513280878
2023-09-04,109.00333253189002,130.47846089825921,122.51186190790182,122.30972978347003,121.68008737461716
2023-09-05,108.46629212630334,131.61124099996775,121.65121146745068,123.23008465008299,121.80911631148004
2023-09-06,107.35508900737385,132.88232214281908,120.9330600255058,125.35684461759615,121.29323952034422
2023-09-07,106.69764599751004,133.80861542260334,121.72927523717266,126.02732481421208,120.11749501991773
2023-09-08,107.19804382748661,134.8638195163158,118.97680112519828,126.02689331436143,118.6531375436038
2023-09-11,107.03817613989186,134.55274034255007,116.82961469584879,123.33984165015544,118.64307155650948
2023-09-12,107.43351350482058,133.36188219957114,116.5487050485263,120.918772092966,118.13921526245905
2023-09-13,107.86618118457308,132.26194892683654,118.41651060277752,121.1237936387809,117.37895700891153
2023-09-14,109.3439055670014,130.16850263025196,117.94882683399656,120.73915608574397,119.2567276295077
2023-09-15,109.01332808810193,130.5295021517975,118.11517732341163,119.45910939334819,119.20626209144206
2023-09-18,107.45816108741435,130.47280099023516,119.5097693780842,119.58524421948975,120.77818928404798
2023-09-19,108.65457318413982,129.95196815656755,122.10324623820009,119.77090241399968,120.18391506934651
2023-09-20,108.33831910041121,126.21776618633005,121.44949322676611,120.95576862021869,120.52665815027905
2023-09-21,109.59643422198681,124.70307898544961,121.4776281667677,121.16956800076402,120.50800686834545
2023-09-22,110.061424077088,126.15911781449299,123.76079967293305,122.71626434578897,118.52690422372949
2023-09-25,109.96116250837606,125.37355114413084,121.93994567497516,122.77517496161867,120.28012023321625
2023-09-26,110.38949709231464,125.87679445843737,123.24872717376411,122.68271712086415,120.16572379507144
2023-09-27,112.60939170227809,124.1880255876594,122.04884462113765,124.04502554090489,121.11445454694906
2023-09-28,115.01872315743584,126.03804519125565,122.22285442760227,122.88638140985384,120.25514772965884
2023-09-29,115.14460077307285,125.9069989360589,121.97545836466794,126.44465146955892,120.10510961072637
2023-10-02,115.3753403149021,126.32322938103187,120.86083352738974,126.97081404916769,119.11611208688619
2023-10-03,116.67042085268808,129.34739025922462,119.72635074986661,127.50627026521767,120.64577032328432
2023-10-04,115.73422906525555,131.37635375136108,120.10578209250534,128.22884275623147,121.07047662928056
2023-10-05,116.16680559058163,131.02661590528558,121.35598670968271,130.71088067931146,121.56430266044649
2023-10-06,116.1832294294193,130.3037515778491,121.24713530173226,131.8036006250227,123.27593345996051
2023-10-09,116.59513988122802,129.93220643216264,121.38071788479007,129.7568585993711,124.75959147237927
2023-10-10,115.67377017491654,130.64866946295388,122.12483696913432,131.6434438175109,125.768390220774
2023-10-11,113.89514313678919,130.56348278354346,120.99238233201012,131.24792854237953,124.04256453924114
2023-10-12,111.60305160631805,130.1004865259022,121.9394381365995,131.44120870312844,123.23190391475845
2023-10-13,110.40711205831182,132.0761879669368,122.9918316399434,129.8223697837237,122.04979248136357
2023-10-16,109.94583107585436,131.97821072967955,126.28663530859761,130.5595115478858,122.99017000229067
2023-10-17,109.6678095937238,135.10236220298626,125.8628931417026,129.76373931315607,123.24952425504152
2023-10-18,111.85777469060163,135.27911401476754,125.33778175288046,129.94575621321155,121.5962133191141
2023-10-19,113.14703065641653,137.7710623740143,126.35583392677916,129.62894673648466,121.4154804367353
2023-10-20,112.1085073622252,138.3195424511012,127.44603845468782,132.20136352130058,119.66273726938668
2023-10-23,112.54400520663597,139.71381323229187,126.81662883951236,134.90203447348011,119.64699489122863
2023-10-24,112.13163797542691,138.76058370683705,126.35691343805988,135.01879299865578,117.72977702917503
2023-10-25,111.85796331834517,137.63598861367214,127.0933501862581,135.15925546170592,118.40136464546971
2023-10-26,112.11029217467254,138.32548513785244,126.0963143913141,134.70932697531867,118.8972737337954
2023-10-27,112.85173183321615,139.75557842814615,125.62994924313276,136.2619841190784,121.23603637875505
2023-10-30,112.51451827325015,139.86778638781192,125.79286210984664,135.8688643452811,122.31725157060806
2023-10-31,113.76339168076323,138.13530282848515,127.1027722495211,135.35173235608124,121.84977696166281
2023-11-01,112.51667104153964,136.32354618733785,126.38717378671984,136.7374609277572,122.89983211830551
2023-11-02,112.56882229416907,134.44560755046976,124.12959722480987,136.0577941899525,121.24254116484978
2023-11-03,115.57752600210294,132.14284430286426,121.82190511570812,136.0608486748481,120.1292547144841
2023-11-06,115.88198737253632,132.3405262246082,120.34541344853228,133.97980700283676,120.57834541040835
2023-11-07,117.60181489001478,133.89136793324957,118.82292696303661,134.98059104128657,118.05105665660258
2023-11-08,117.75658676230437,133.9269666313975,118.68682111590047,137.68103474157874,118.05440842757065
2023-11-09,118.48986634217586,130.98600411262044,117.33105476101086,138.73309691339603,116.9028179279999
2023-11-10,118.46998162626396,130.78867779225564,116.55600854175339,140.83231295786425,117.06812662632498
2023-11-13,118.31558848088291,130.6281691798705,115.70352016163723,139.70162405107848,115.85954987871814
2023-11-14,117.4438925228389,133.44839804119394,115.24104521057865,140.0881873989498,116.39867615464242
2023-11-15,117.99753361571024,131.5705872092931,116.82195496839303,138.8286633513852,116.46775297911196
2023-11-16,117.04381487349531,131.11000667672485,117.6448686978102,138.56823552759573,118.1574545269944
2023-11-17,117.87257913205032,133.41909220807014,117.71092061025448,139.69828562649153,118.21268776836764
2023-11-20,119.20647494938939,134.07442103668595,117.21636852704094,139.89654714628287,117.35446999246992
2023-11-21,119.69207309522602,134.8857545265957,116.75634056995503,137.98938891365273,117.11193116864418
2023-11-22,119.39769548039165,135.09442815778056,117.18649835109515,136.24115298506217,115.59443213535164
2023-11-23,119.98893806377609,135.59512684601958,117.9202277057102,134.42613417603837,116.11129406098075
2023-11-24,119.66699280131341,136.7083100705572,116.90155664126087,135.1424470934764,116.84492930898848
2023-11-27,120.84011357899536,135.66039527891385,116.99099803347146,138.01582205485215,119.81389039983807
2023-11-28,118.69465078307041,136.91157165423274,114.68403167505987,139.96507309567667,119.11879418466442
2023-11-29,118.34429873814804,135.09864629326233,114.97307081409363,137.39130035705207,118.84775685664926
2023-11-30,116.05799719228757,135.59722417476578,115.89903527348903,139.41342802540885,118.21272251248871
2023-12-01,114.38150927307342,135.89415548592493,115.6211317639794,140.781328543735,118.51112898616631
2023-12-04,115.99859233058396,135.113259147633,117.78771869475273,138.67801756745064,119.01193438175855
2023-12-05,117.08848204461688,135.1366556619155,116.80099926934604,138.31349470865612,118.99601778511737
2023-12-06,116.29558579094986,134.35171888741206,117.10207963192573,139.89302643539423,120.34387716905704
2023-12-07,114.60713574500983,132.9727361442611,117.10696904248175,140.72144496660374,119.6515169727326
2023-12-08,111.30395369309672,132.55636727971856,117.03637755638402,138.94684059712762,120.88567124320566
2023-12-11,110.74495174188445,131.15345922246175,116.94942589941071,139.85397461360452,121.58701894145831
2023-12-12,113.50353428854314,131.6301448253785,117.12159098818174,136.95108713012024,121.62103168452272
2023-12-13,114.04382658663981,130.17701807860067,118.16621344026863,136.70093890579346,121.28711015222011
2023-12-14,113.45282314433052,131.15960914307826,119.85343055097162,138.3207384084163,124.31606372672334
2023-12-15,114.02730046550924,129.67096212008784,119.89868346885353,138.40153330605986,123.35386020064338
2023-12-18,112.30611515052166,128.99030314735737,120.92859439701303,137.76781200480755,123.77141895674511
2023-12-19,112.0174967790087,128.23842134358148,120.13097104545108,139.05411987355248,122.89548494293021
2023-12-20,112.17384496275284,130.00106793969584,121.10308529883808,140.47235770610337,125.15969547778161
2023-12-21,112.12214400720669,130.483341177069,120.23188008623491,142.3816493914597,126.32510078772334
2023-12-22,113.05754193461684,130.25944947746936,121.59900800425154,143.68947511348713,125.5212730063334
2023-12-25,113.49324980012223,130.96307604046655,124.36679462186844,145.30984087576775,126.21681727813454
2023-12-26,114.30000587576303,128.28360765451202,124.2647514077457,146.43730458969043,126.59311918212912
2023-12-27,113.56131364471594,128.27958783565424,121.61848181889137,146.88539668449803,125.99118066269384
2023-12-28,114.63131863569431,130.92011180040694,121.00213829410629,147.07574972809869,127.0008211179664
2023-12-29,116.56049667001977,131.1459425891114,122.55096308274926,146.78591447540975,127.54721449870968
2024-01-01,115.48133645246746,131.28754272084976,123.27994396851292,145.07509112593323,127.87376840492696
2024-01-02,114.50654365557365,132.0619570615671,123.6366315023629,143.75326078157386,127.87131362138136
2024-01-03,116.09279341497461,133.30333379376958,124.93999175230283,143.40577772149578,128.4750781023751
2024-01-04,115.91722684139188,130.71933836723528,125.59696508983163,143.80996490985774,128.82164069973115
2024-01-05,117.60300508813286,128.59003298957163,127.18660545304314,145.95536647213342,128.94935762618672
2024-01-08,117.13056250738269,128.9122857604284,128.41273634897647,145.95274334517322,128.17667575968906
2024-01-09,118.8948735652795,128.04521607441677,130.43389981497384,147.4836993077179,130.41833611549265
2024-01-10,119.09893632969397,129.78817582024018,130.9551036790604,149.14378088912974,129.10719839113892
2024-01-11,119.45465384853806,129.4315229330376,132.1988381058378,148.8585230422989,129.7123642966441
2024-01-12,121.38702731190814,127.00248503716367,131.84617046403736,149.80631811643823,129.34936627582317
2024-01-15,120.99706741893417,125.45241387040751,131.10798014922085,149.50173031673063,131.69813952246372
2024-01-16,119.91163399416101,122.09870245111179,133.41825070760783,151.55207961757168,130.56584470518325
2024-01-17,119.42271742555408,121.86190760296161,133.76051276346513,152.5798032405997,129.66121677145256
2024-01-18,120.0121257462876,121.6812179654214,134.89541688177076,150.83445660743797,128.46119103070646
2024-01-19,118.1949281313314,121.21429720078369,135.1164755882025,151.1387317131411,128.92895212323106
2024-01-22,118.99838289094677,122.57815429172769,134.38005705634882,153.71177989036417,127.22166863576301
2024-01-23,118.40633080902951,124.10574930466234,134.44858536386238,153.49484437959663,126.66498686350296
2024-01-24,119.82116233666609,123.9440352259795,136.44775596593564,154.24529033737576,124.01742056091211
2024-01-25,117.03320690736676,121.374790217637,137.26236973849362,155.15163329491725,124.36567995964991
2024-01-26,116.1627304219225,122.17519192201377,134.98713401855443,153.61303632908246,123.79464562158293
2024-01-29,114.26580703385324,122.90474400034547,134.75078370499438,154.4613291953862,122.01494553876609
2024-01-30,113.37093806049101,123.33491386622381,137.22884911311272,152.38426913379925,123.396115947996
2024-01-31,113.69753712290456,124.60121151154114,136.9905568120528,151.49447807783702,121.8417372199349
2024-02-01,113.53935002358155,123.20751511487191,134.59997186124156,153.19420123275566,122.86576323444494
2024-02-02,113.2973408072154,125.75777076391932,137.2271657808366,153.80321621625887,122.0562489385572
2024-02-05,113.16238795496407,124.60681811476964,138.22207379173065,153.3969782831541,124.07642533936117
2024-02-06,113.43814734688912,125.5941346315776,138.18059562057923,154.1450127632047,125.05994902326304
2024-02-07,112.34476146985534,123.54211093843143,137.72339865326688,154.11404467653466,123.85514977479465
2024-02-08,113.18694893985469,122.44714045064087,139.27784674747213,154.19509683927885,122.77358789484414
2024-02-09,113.98507591240374,124.36777667420706,138.58044695666422,155.27330906987189,123.5686858679807
2024-02-12,114.47058680010439,124.0933516894085,140.23696034316805,154.2096701766343,123.29420144398506
2024-02-13,115.15548291866484,125.19009531352687,141.0557946095037,154.3336064589835,123.13483272079439
2024-02-14,115.54353907150498,125.53729660304909,141.45792708926655,153.9139766534802,124.76130410351256
2024-02-15,117.96620128102839,125.45577636996987,141.7205960569171,151.55336686209247,123.88026024043187
2024-02-16,117.91065915599117,127.22940813303403,141.52944757449333,150.22486354388042,124.04301412656085
2024-02-19,117.59615974728175,126.97944614110577,143.0743187364765,152.66032058251193,125.2829365054988
2024-02-20,116.76006514411841,124.78819384714134,141.8983247687935,153.31008342653533,126.35126509289343
2024-02-21,115.60722765047586,123.83938576944813,139.67126119696337,151.354788942533,126.20022332482183
2024-02-22,114.22312351414293,124.57368238674036,140.58832350916393,149.10088132494147,125.88649415446812
2024-02-23,113.25770373542541,125.1173952177365,141.53518049972402,148.99332312764085,123.76597775450469
2024-02-26,113.22296116951745,123.22129384377214,142.27342341062953,151.39818594302267,122.51458159819005
2024-02-27,113.64754329693716,122.38091694499624,142.91185003172163,151.17615974980495,122.95441152010366
2024-02-28,113.75117122453162,121.71974585992125,142.51148644030195,153.22627849381632,122.83411993233058
2024-02-29,112.92885306023788,121.32422908967138,143.69563690567549,153.82799781956032,122.97537075002316
2024-03-01,113.99559954002197,119.71422033418347,143.68765034198924,154.61645794833984,124.3097747268874
2024-03-04,114.8875672278344,119.01192452824294,143.0466374677138,152.6259841288694,122.8916905143235
2024-03-05,114.75018840031788,118.19521115147606,142.6582343444121,154.1252540231575,122.65083755473269
2024-03-06,114.04901696110754,119.15830723827399,145.62840369972483,153.67135894153634,122.93167449695568
2024-03-07,114.72209155768067,120.17441370195385,143.18083850801148,155.0654388278195,122.11791688168448
2024-03-08,114.98392596869347,120.04732385334309,143.95580133881424,153.86960361917377,123.92813992649386
2024-03-11,113.37615227897264,119.62545251269935,141.61543974157226,154.20393929529126,125.10929920897176
2024-03-12,113.3444337790054,119.8408815316297,141.51884375853552,154.80960963964495,125.5230092225187
2024-03-13,113.6872920767874,118.9138313565013,140.96288162057218,154.63317572323686,127.84663736441087
2024-03-14,112.71411751313296,117.60491205300343,138.10942722407577,155.32212027319198,125.99502816722806
2024-03-15,112.9734814162487,116.55095876515122,138.70324151518548,154.9708732922405,126.03569801092208
2024-03-18,111.3863611407562,115.85975603999105,138.23239867665163,154.02987659903263,126.54886954273852
2024-03-19,112.92984097783017,114.56538660164384,135.4150157739323,156.58538015544167,125.4469554633721
2024-03-20,114.39372767616518,114.79711094840597,136.6113365580666,158.29983902350082,125.87510044482771
2024-03-21,114.15087931432974,115.68413169389929,138.6412964250858,157.16281442101126,124.53967303672924
2024-03-22,114.61235628706147,113.90815791160442,140.77899365525903,158.1219776438209,125.45283826856317
2024-03-25,111.92806630431062,113.98236899055863,141.34176237210394,157.01478251103447,126.837690932713
2024-03-26,110.68550849174468,113.77745831756299,141.46345081572798,155.22770611527332,127.23446671581216
2024-03-27,110.40496813024482,114.21235826627318,143.41219290830583,156.9035373936042,124.94874344877304
2024-03-28,109.27130252947089,114.2432697197194,145.9036960046014,154.31411128593393,123.79607626275937
2024-03-29,110.09875861778701,112.63968849099429,147.62606292893943,155.81334241970083,124.54695154033375
2024-04-01,112.36480143569025,111.27117431865815,146.3011397749638,155.48224495835007,124.62319591309374
2024-04-02,111.09487730708855,111.34844956698211,146.65465647158666,155.21574909638414,121.35919791455603
2024-04-03,110.21245947282716,112.54490289367747,147.3595779812232,155.91540599935416,122.92605917766662
2024-04-04,110.51645637917184,110.12437458829751,144.77481553351348,156.88696518191517,123.14340798296402
2024-04-05,112.35635910360138,110.54997386900966,145.51412276053128,155.65813298684935,122.18775634453792
2024-04-08,111.0357092728678,111.91771244869415,148.9190789032692,156.84207437148288,123.4589119700634
2024-04-09,111.35710683510037,111.79128793323602,149.9350837564642,157.08280846519477,122.67431572180456
2024-04-10,113.449205086163,112.45303380435116,152.22147858708078,155.1841631253214,121.88140512495187
2024-04-11,111.63533402763592,111.70985911033947,152.56118116814906,154.9827493157484,122.36789125524243
2024-04-12,110.25842414851583,111.62123441462437,152.51051131701868,157.20121455529957,124.61667104484913
2024-04-15,109.83627576152679,109.87047469263477,153.1543496692709,159.9230167488306,126.7071179986115
2024-04-16,109.30968173558122,107.36762958290605,151.97073474884868,161.13878925555213,127.21459446441654
2024-04-17,110.2456418237834,108.42800389158336,150.57333118049144,159.29576059035747,127.85531042793521
2024-04-18,110.55659710196859,107.40819093416276,152.55318074623304,160.14324129858088,128.9228581419156
2024-04-19,108.65502555921272,106.96280598310852,154.72304077067955,161.57626848749683,127.36339644857384
2024-04-22,109.26018588046409,105.53226587817962,153.2584361723577,162.81821966606495,128.23773849544358
2024-04-23,108.67444559427175,104.09636397681672,154.81109160435912,164.1669511119385,127.3507560919374
2024-04-24,110.11234332030364,103.95713698727096,154.73840942060983,164.83031246082925,127.80809986922861
2024-04-25,109.46723406175573,103.24273827512955,155.32723666796502,164.77689575872787,127.56872550134301
2024-04-26,108.81608018660475,103.67516606047846,156.10615899104732,163.84301389697293,128.2610097267004
2024-04-29,109.45028582609875,104.18706570059948,157.72922339377848,160.82702070920456,128.463955216982
2024-04-30,110.33262869796626,104.5637034980851,157.92290467732775,161.43874770283642,124.6261004247166
2024-05-01,110.87247798553972,104.85542498354647,160.2297285379316,161.8040973688521,124.8991954112717
2024-05-02,109.06289353464351,106.56553824736513,160.79057103980455,162.7738943176471,125.75411156288425
2024-05-03,109.69514016167633,105.4760845820885,161.8620711528633,160.6754753104242,126.36667354097102
2024-05-06,108.6098371200295,105.46033304624478,160.58315916416606,161.77990758587407,126.28761050639801
2024-05-07,108.90922594035104,106.70433552553456,164.15293505814955,165.2041971601433,128.42994052229523
2024-05-08,107.41259009075725,108.10545527275588,164.99196460677706,165.39999768782758,128.88200257021117
2024-05-09,107.93623357067284,106.6219661486796,166.23903917952984,165.3641671319032,129.49911019102487
2024-05-10,107.11195906314205,106.3319705105832,163.65243653032894,165.9423002335704,130.91116048992063
2024-05-13,105.78918439464817,107.8290614069511,162.37652540364687,169.41706401458748,131.43926199442498
2024-05-14,106.58965784332015,108.42167246709637,164.46482312481322,167.75876613234544,130.3163142263862
2024-05-15,106.89028492644141,108.67704886586267,165.0033237000753,168.16726362871844,127.22807058632814
2024-05-16,106.27851687093342,108.4841178399624,161.94031152885452,166.89460855822563,126.6731438305846
2024-05-17,107.87519471015703,108.11178884059709,163.69594600316205,166.0505864379885,127.6918007062428
2024-05-20,107.44385479418435,108.46721531065751,162.87334776977468,166.03466243910182,127.29262758699524
2024-05-21,107.52135799822182,108.23710344676418,165.25439279329473,168.3541521079852,128.36790178641402
2024-05-22,107.85401948569788,108.23431245802146,165.17536113725114,171.48224179432577,128.61039694228757
2024-05-23,107.23063499545617,108.36275310158487,165.5800512395366,172.32136527852234,130.329820253707
2024-05-24,107.78013283365311,107.67352245722162,167.61074834884792,171.7423157281678,129.99762087253666
2024-05-27,107.24959928006396,108.29131992226999,166.17964254820347,176.14765245597866,130.65918575041457
2024-05-28,106.85175839121645,111.5382352127043,164.60372509183617,175.4663054833022,131.37438503789485
2024-05-29,108.36106707425365,109.61756019423767,164.34632432875014,174.53681154048212,133.41534634667892
2024-05-30,107.28222770971405,110.01730896845167,165.77768817976246,171.5348140422389,131.2102231574349
2024-05-31,104.76661907021342,109.22782153101718,163.65145477042685,174.01598434171134,130.66237564558833
2024-06-03,106.51060639736967,109.90428301301868,161.00872312731224,175.7793675122357,131.8285048480011
2024-06-04,109.3045311385211,109.99945456657787,162.4054122284541,180.15321266501317,133.93583433065527
2024-06-05,108.90600357298577,110.88503623887604,161.4936738319792,177.73833431392515,134.31147623527238
2024-06-06,106.85970193710503,112.24107582620397,160.92585169920005,180.42120496373033,133.97249403299406
2024-06-07,106.57105411538986,112.5022511850069,158.0285331734323,180.62002225719107,135.0446810143865
2024-06-10,106.30897450475116,113.82859392641834,157.02198278480589,182.15473209309033,136.2774281639532
2024-06-11,106.14971142331828,111.23563353282886,157.07291751801534,179.24950730094983,135.84249697396803
2024-06-12,105.01640637603036,113.06414345990324,158.60453756230214,181.97322284602276,136.3464642111744
2024-06-13,105.66906695108973,113.53440519087106,157.4490032950413,183.4834947433046,138.0208070985742
2024-06-14,106.26726347060756,114.81066198187153,160.14431515691035,183.4854946604695,140.71112638817647
2024-06-17,104.73289146201611,113.46399892648648,159.11541480793352,184.74689313093785,141.8166589753676
2024-06-18,105.50994200056181,112.57029801238929,158.0954398232293,183.4114133815353,141.93603216011536
2024-06-19,107.74119786162926,112.77980401981486,160.60894152268057,182.42468249996443,141.91605581961312
2024-06-20,107.96980865930148,112.80570361665214,161.01331722053683,181.65384818797105,142.76639487036573
2024-06-21,107.64926401679959,113.1707327402448,160.19099625926293,178.39062431121326,142.65840034767788
2024-06-24,107.53951429085646,114.45053709838685,160.00666948035771,180.0065518505635,142.9863782510487
2024-06-25,108.24648795223246,112.49294809721067,162.2512783417182,182.2372091689474,141.53833598685262
2024-06-26,106.43177892728555,113.63922382220161,164.7136089664817,181.03597058623347,143.44349262861527
2024-06-27,106.64953805232109,113.6941042575194,163.43908151667281,181.74012357124872,141.87399872773614
2024-06-28,106.27642406608275,113.50804634372544,163.4351037682393,181.33068792906118,141.31878333749734
2024-07-01,108.30179455666433,111.89518388771906,163.64796421074868,181.9997128040322,141.5133622927543
2024-07-02,108.156580518755,112.50448208932528,162.10676475657056,180.93345951103922,144.41686519067355
2024-07-03,110.01963753227724,109.86496086448044,162.08134021914745,179.41383863847938,143.86526253824687
2024-07-04,108.85551646418091,110.6238738342536,162.15481676837237,181.38390985918244,142.96745638027753
2024-07-05,109.54046863660925,109.02910499536493,164.07992107265778,181.34061762583764,142.23901650781076
2024-07-08,109.93486567731902,109.13104895096544,166.1395143081243,185.118880800241,144.67615474877107
2024-07-09,109.02722129802433,109.04468535938372,165.65971736171494,185.27872581225085,140.72031785000897
2024-07-10,109.26450006498258,110.37163120706404,165.37179757062052,183.64426370819965,139.37205041463073
2024-07-11,110.64166513207583,110.21870128239422,166.54060950556848,185.9857291238459,143.28846929973668
2024-07-12,110.32811838521093,109.50007123633047,165.63511989497763,187.23751549871326,144.1953080998699
2024-07-15,108.5205106874928,108.9903311072737,166.67964848720146,188.67890895943697,142.66637141338694
2024-07-16,108.54486235459406,110.4306807462027,166.5998172461504,191.0151382379416,142.66363512405468
2024-07-17,107.61277145422972,111.06892674211248,165.05861396866416,189.84818372890672,142.81701610679016
2024-07-18,107.28790533998922,110.68570188264178,163.55221217258284,189.6826071525803,144.08817746500543
2024-07-19,107.24329596968047,110.46847721877644,166.002503044533,189.4334334901753,146.8219276157796
2024-07-22,105.47179015375858,108.79424472943955,165.80935293099944,187.0788569682896,147.45248562348473
2024-07-23,103.82293933746227,109.2614001055396,168.61907773162255,186.66103435025622,146.7173738792781
2024-07-24,104.36638180354348,107.3983716320333,167.8223249814401,189.24796060443646,147.9358825541375
2024-07-25,103.86379977069902,108.25212367178487,168.3790827468219,189.7735457969643,146.9652886026507
2024-07-26,101.27433065005576,108.43481411110257,172.52543064012428,187.3111024186272,145.51265401141222
2024-07-29,102.11314060817539,111.09866927220484,170.77907841898977,184.49317846430225,143.03136805905362
2024-07-30,102.4326098785169,109.92709389572406,167.63561025383325,187.66533626855534,140.86650647348506
2024-07-31,101.7446628631576,109.85823285720532,169.87426376372235,187.57092868322633,139.6652136521574
2024-08-01,100.45381477590958,111.89641971266819,168.54292201601552,186.4350569123086,138.0851232417424
2024-08-02,101.33746109171449,113.28281910359989,168.5754432108736,185.99932422037162,138.57375283693239
2024-08-05,101.73278823229377,112.54187732572562,167.6576666022032,183.34506216171803,136.976403955573
2024-08-06,104.22746512255874,112.83934365953556,168.17512202309877,186.0472947860809,132.79040913601554
2024-08-07,104.70821335966629,112.88674541117409,166.65077703376133,185.39160748924596,131.46397981345527
2024-08-08,105.15701275776973,113.25077660698388,166.41772889184134,188.01925923760362,130.89746409022823
2024-08-09,105.0236238099358,112.50726726132815,167.2348680367199,188.19166110475132,130.1593937239908
2024-08-12,105.92730661367997,112.45179190550625,165.6233328594733,190.97761786485532,132.20517233981082
2024-08-13,106.63416144190381,110.71331246900047,164.53367995873322,191.54507934869824,131.44908971130647
2024-08-14,108.02051624208066,110.90736731164885,164.02870816695213,193.2636867159502,132.66522646996253
2024-08-15,107.5018380005612,111.45217007275214,161.7663981694775,194.73632018017426,132.69311218201722
2024-08-16,107.07760697287505,111.24348269164123,161.14872528784375,196.03228204293495,132.69005400503644
2024-08-19,106.60845658624586,109.50506762624646,161.4048271743494,196.794235836547,131.6388495485943
2024-08-20,107.49785091445287,110.63717419638135,160.82553986133615,196.41508246097234,131.61412660402362
2024-08-21,109.16435605528292,111.08563572536492,160.45385752605958,200.2936489529514,130.66324922323972
2024-08-22,108.7080877133405,110.32617946365744,160.48610931131466,198.5647343598671,130.93796219744328
2024-08-23,108.29061123679836,110.06105325820414,159.50096268565858,198.65273320585425,130.68124890950006
2024-08-26,108.6747232520542,108.46510923706995,160.67128720593183,198.76179542423674,129.50440090194363
2024-08-27,108.45134240605773,107.40153197098321,163.06034789301776,199.64314690059445,130.84766811437706
2024-08-28,109.53259233220156,106.86820354477425,162.3698180221637,198.8671036730357,131.4599460649623
2024-08-29,107.13657034052714,108.23237551082406,163.22482470954438,199.57383017828334,130.92460003143864
2024-08-30,106.29702822463072,107.58545982786096,162.89932494226912,199.31685967536112,131.16768144121374
2024-09-02,105.51078393893727,108.31976541320772,163.561202097233,196.26706198293158,131.11021304877957
2024-09-03,103.13198802225394,107.78133313308975,166.20883508440008,196.3643408992863,130.02963436086358
2024-09-04,102.18380695569572,108.09213411006891,167.12326197072343,194.29277335432784,130.17339161198646
2024-09-05,101.29344084917733,107.98258909415483,164.25128658159474,191.02843758273335,129.41926181792243
2024-09-06,101.13038378277625,108.97304608633694,165.06468819198327,191.36661490831645,128.25338628517986
2024-09-09,102.30313030623492,108.43516693964597,167.1791654194049,192.379478407405,126.23941387979056
2024-09-10,102.09356178576294,106.78603634616746,166.8758499459639,193.472784089972,125.8378458763948
2024-09-11,101.08699958089393,105.3625944594702,168.61305435093718,194.65106763745018,126.60396739385351
2024-09-12,101.06986219671197,104.84561207263133,167.52043018824742,191.0017649806976,125.77784975821599
2024-09-13,102.17670525425567,103.58559825668956,165.116275134928,188.49519191141303,129.0402460555141
2024-09-16,101.22483487955127,104.05300443645532,165.41568580831824,192.3290512696762,130.24029888984566
2024-09-17,100.34742170176894,103.61092166068143,162.6005933890154,190.40161914403672,132.00298005345786
2024-09-18,100.94985126942045,106.14316660725575,162.27608877762634,191.64487241796928,133.11014303421305
2024-09-19,100.76675707191987,104.35636885535023,164.4435843301516,190.40905144392664,135.65373575196037
2024-09-20,101.4618998623393,104.61092556036004,161.39744571836985,190.63705557378543,134.64417506895532
2024-09-23,101.48864185158975,103.47897653479556,159.40927665028786,189.50944134709772,131.29256907199817
2024-09-24,102.24414439588266,103.0108634855197,157.835703306582,190.65285423033927,130.7604376195872
2024-09-25,101.23178055114815,103.19791487405712,157.79890053334142,190.99017719254655,131.54501525168664
2024-09-26,101.26004370089719,100.86620486983422,157.28575917417535,190.21197357435773,131.79718768080392
2024-09-27,101.08735034484573,101.14581570727745,159.5656820074728,188.30017772073427,132.213628242541
2024-09-30,99.90563482596832,103.13020026302992,161.16023526902578,188.88060983355152,134.02523594922403
2024-10-01,98.39512983134672,102.70470071310056,162.02519529152423,186.67850887752212,134.5920950035596
2024-10-02,99.11182911012628,103.0130795160992,162.32624250185438,187.55323852084743,135.72595488678738
2024-10-03,98.80411718317454,104.11595007791044,163.03101365717626,192.62159043966147,134.51048989710316
2024-10-04,97.83833493241177,103.98697466498541,161.69642006750192,195.3180574145327,133.09833965540275
2024-10-07,97.78338583229859,103.42596531750586,163.1537047685136,196.8048782875175,135.3182471066951
2024-10-08,98.93221040113295,101.13929061840751,161.41396689273907,196.71514136555587,135.50904698261303
2024-10-09,96.74005091614075,101.83039029270186,162.83315016331156,193.01524455358324,134.72101891300977
2024-10-10,95.3411113885194,101.75590986689835,164.84200718186548,190.55603706851883,133.94003083813934
2024-10-11,94.5030625958391,100.77094462842986,165.25605656177606,193.09344403365455,133.12665089872178
2024-10-14,95.93242439599258,100.93896562696354,165.03110947045096,191.6511278796732,132.23906027690242
2024-10-15,96.24238959438621,100.39166941759746,165.75935990007628,190.39181936779707,130.60530931463944
2024-10-16,97.02251580779443,99.90252579575017,161.14779314555378,190.15274137387107,128.7117831071438
2024-10-17,95.96096211267877,100.55027791234505,161.70027963739258,188.2191901198812,128.51242875267354
2024-10-18,94.93060066762756,99.25318959452704,161.58170951104108,185.99866592442135,127.8038111578865
2024-10-21,95.39481649273834,100.33827314621271,161.56453733683003,185.9791853090047,129.27836602064622
2024-10-22,95.48861119090091,98.98520032105111,162.77518244449337,184.4022413663212,129.70967997988632
2024-10-23,96.05244784659932,98.37073321777326,162.71859710660829,183.11406783606466,130.1063117509854
2024-10-24,95.91071092296984,100.32077429537418,160.93816810454962,181.7618602088922,129.19471628403448
2024-10-25,96.21633073011229,101.49873574871391,160.77505521810255,182.78689609023277,129.0900742527735
2024-10-28,96.40714259903513,101.63849819873899,160.94807063412878,182.43605264210328,129.60876616028744
2024-10-29,97.19876115959926,100.72732167949596,161.19762704941363,182.18342249152028,130.592577208786
2024-10-30,98.02553921295353,100.2356944678812,161.52344511221523,183.34753577689142,130.52221744441474
2024-10-31,96.489030565671,100.3493010981031,163.27632216717586,183.16054408869772,131.9911267428137
2024-11-01,94.38259144020783,100.42712528195837,161.57729710706334,182.72467663158372,132.05448357339404
2024-11-04,95.37095693034505,100.37605006205186,161.92619622720298,183.65977998193569,133.1588881517955
2024-11-05,96.54906728036165,100.38525244411123,164.09408454293538,184.96507114969614,132.56121528272297
2024-11-06,95.60691194748338,100.2103580804696,161.33675630616463,184.76712856608458,130.23215392103307
2024-11-07,93.88275946491382,98.81523270128073,161.69151660325053,184.9901065272765,130.63435626778588
2024-11-08,94.01337997444676,98.34548758438476,160.8120861243652,183.62294499544856,131.6379679733499
2024-11-11,94.93054268447348,99.28881270531879,160.2811422831815,182.12214943332106,132.45049606801607
2024-11-12,96.69110761801376,97.97864631184522,158.9009953472706,183.6017643166566,133.0640814564952
2024-11-13,97.23049681561044,97.83222336523953,158.69527125783108,184.49428886376046,132.65409595101247
2024-11-14,96.90850137507803,97.07233922334872,161.70899398998685,185.41035294827947,131.64086506183025
2024-11-15,96.08526192201953,97.21936986327562,159.741052593368,186.00620552697728,132.4221304785622
2024-11-18,96.13471175058042,96.88102102237701,157.94675504709068,186.16661809987343,133.04125290239207
2024-11-19,95.88579119583216,98.36229747377085,155.9660939508502,187.5426315572062,132.35004403883326
2024-11-20,94.95538304694556,98.90140120476849,158.74717145753613,189.38032136415325,133.88008393838103
2024-11-21,96.95962799715612,97.65153482030885,158.0781329232411,191.19035514323636,132.75639711679904
2024-11-22,98.74555298178588,98.34853558393888,158.10083605866652,191.07418893516666,132.036792442979
2024-11-25,99.9137043080509,97.62866375524176,157.52831233282714,193.82035088558527,134.26894845728486
2024-11-26,99.03747882949614,97.10580649216448,156.11001361300868,194.3413813890023,135.49445078671988
2024-11-27,99.92786201033942,97.4499938462566,155.8056609816678,195.65248941940933,135.06425022571233
2024-11-28,100.60931118231402,97.01075887682585,159.74709425436703,196.28367834182401,135.5071491137618
2024-11-29,101.0959702426442,97.91996357452857,162.05124509705786,196.84783486062676,135.77136378230767
2024-12-02,102.40821344158297,97.20336655019346,160.73920948397858,195.48301551626764,132.14716444297812
2024-12-03,103.10218978322425,96.6422368982597,161.84821892360324,196.93761567377484,131.0070900447835
2024-12-04,103.9095461955094,96.0483942956931,160.57221002608165,202.70261431402358,130.9928809779558
2024-12-05,104.6153024019609,95.54485128607955,157.80815267881735,202.0251107020237,130.5787983457786
2024-12-06,105.01442792052038,96.63951347494258,159.48903613314778,202.24947239050906,130.95423210704794
2024-12-09,103.19925542914017,97.28800107256123,161.41458371627306,201.42959071516313,132.49470893420914
2024-12-10,103.32691034851766,99.0054701098902,163.17718449395255,200.52916461132244,132.12221351577645
2024-12-11,102.79491937454554,101.31672935696012,162.4772479529457,203.7317526078816,130.78448375355686
2024-12-12,101.52829415637086,100.3179231044118,162.27139674152974,202.44626234232635,131.2625246513853
2024-12-13,103.29156175363232,100.4287544579024,163.5580343591768,201.5693871972111,130.88683429281954
2024-12-16,105.13504213582492,99.29414058104766,164.26530562255542,198.4741266321903,130.73501057382916
2024-12-17,106.61645323881383,98.56443559619981,163.68542788634144,197.0549512041541,130.40626819259023
2024-12-18,106.93166435718256,97.98453672398502,161.12101764607502,193.7945604161252,133.416137282425
2024-12-19,108.42907046564108,96.9929338505628,161.36913377040892,195.10086437247782,130.51211434562842
2024-12-20,108.48552593767513,96.0164236208729,163.18501090375642,200.72055161681791,130.05828727931564
2024-12-23,108.74924586332556,95.9163456821205,161.30689174424813,200.06591001002855,130.10552128569674
2024-12-24,107.60961706379423,94.79429501187015,162.40550164626694,196.83765111851707,129.1448184685941
2024-12-25,108.08089069560451,95.63420011214129,163.0100281386394,198.6966479722122,130.3642762470905
2024-12-26,108.18944317777121,94.79844085681461,164.30315111139208,197.3364282976271,131.48137854752275
2024-12-27,106.8319749687733,97.53864438745013,165.8084089534899,199.99722657744604,131.4711830635485
2024-12-30,106.82001354275978,97.13820979831334,164.7267938069776,199.51376049453694,131.16826306117431
2024-12-31,106.77758284659085,97.24708269737252,162.149494042939,198.33649381860053,131.07391248147502
2025-01-01,108.75782459948888,96.03393054835074,161.35122605346618,198.0630622926685,130.9890215817289
2025-01-02,109.77861545063774,97.7254962620755,162.8573705366537,199.64948300960282,130.9387667703988
2025-01-03,109.83510607106281,98.86521883297618,162.0418688172191,199.2756491195921,130.74512190371905
2025-01-06,110.15275436231956,99.19887319750063,160.98550310278182,198.3675832624553,131.12804477132295
2025-01-07,110.24555568593175,97.91097327687936,158.14317833416146,198.052762933441,132.17230436409278
2025-01-08,110.06609647986747,98.1567115200607,161.0036910047085,195.62800511995943,130.60843561530376
2025-01-09,108.9246970201287,97.10093341340115,162.40357266121538,196.48483226421098,129.2950713358599
2025-01-10,108.80380123985174,98.57074766780006,163.72421335887316,193.08257997231638,127.10480555232971
2025-01-13,108.03824546483654,99.41136947052262,165.3824449988936,192.30386637615183,128.26211720365214
2025-01-14,106.73852302922597,99.54610249344049,166.40552382951927,193.8472757140911,128.63503307511814
2025-01-15,107.32851363727414,97.18895971779668,166.0658564651182,194.51340738831058,129.33835387193096
2025-01-16,107.79238312024171,96.2763750457167,165.86045367928904,195.74333759171617,127.55362780671244
2025-01-17,105.92591380202802,96.97959285139852,165.21888172108572,195.69431849485161,129.90278560127894
2025-01-20,105.83836554365533,98.20227777063579,169.69768971857224,198.07610075172747,129.16593021695186
2025-01-21,106.94023113145195,99.33729786432316,170.71195773954514,199.99618593690147,129.43514134382085
2025-01-22,108.1222280321128,97.80747233879255,169.99001059734766,200.97081652365532,130.5979817752287
2025-01-23,109.28079783789542,98.1421071679752,170.85148013327424,202.92473847429952,129.36708270743648
2025-01-24,109.36706885513301,99.18349839580746,169.20076233615134,204.5350591980795,128.71372111605595
2025-01-27,108.49014891456233,97.59129491351663,171.83436521136736,203.71964598801227,128.99613463509075
2025-01-28,107.36372695408309,97.62262233964836,170.7704622790212,201.0805904392282,132.78843807957045
2025-01-29,107.77744819998966,97.92948479926676,171.6969807413512,202.00842337709452,133.24218578033836
2025-01-30,108.23028618808512,97.67445204685107,173.60645063059695,203.19584928054164,135.4539905515098
2025-01-31,109.67643682053725,95.92037425073856,174.3454446194623,205.50595438748397,137.15185751751872
2025-02-03,110.93387955959244,95.6467226491919,174.58004462253183,203.67219127816819,137.71259401412937
2025-02-04,110.83161389920808,95.37231879849593,174.6687574570194,201.91513498642232,136.41161607639617
2025-02-05,109.5049768411148,95.26930331597848,174.6400423579777,202.92703642564368,137.92008727945966
2025-02-06,109.19976735473465,94.77189875711746,173.70526260780002,202.8638000337725,135.92365071910598
2025-02-07,109.4810248068988,94.3907250912823,172.99542267110556,199.15376244426554,138.17238711374165
2025-02-10,109.30371813982318,94.39100233391187,175.64431968043678,199.98218420419587,138.50440644994578
2025-02-11,108.71735829133995,94.84749637415294,175.52398022124217,196.39030957455893,134.93590732810137
2025-02-12,109.03624167756709,94.59702551178097,174.21979824016952,194.62049619187025,134.5310253543851
2025-02-13,108.53153132010085,94.24799411355156,173.3919665640953,197.3479279448879,135.46784724134122
2025-02-14,107.89516714909242,94.37281772605886,175.3805950306593,201.06275893650718,135.2012060016864
2025-02-17,108.27503490911134,92.61433401123692,176.64013149021562,198.7127926376734,136.22584614251056
2025-02-18,107.883795871979,93.0944226949919,177.703743131196,198.13856591454487,135.12684097896297
2025-02-19,108.19073427733308,93.13114349235074,177.3176199207944,198.30234064498595,133.42694190624158
2025-02-20,108.53012322191546,93.20539256688375,178.40856194865356,201.94696396258914,133.3849918626109
2025-02-21,107.34344685755275,94.14281363061842,177.3350002846036,201.0344766171671,133.48048388777883
2025-02-24,106.87084684581278,92.35914876489564,176.9459750748214,200.15810486604434,133.0694850175657
2025-02-25,108.46188663102477,90.5902353144513,178.7418355508483,203.36346258365614,134.7665937612133
2025-02-26,107.25166056925283,90.87495745722696,180.38352562335112,202.6837621867951,133.67911623969908
2025-02-27,105.04738103852851,90.90484491483821,178.69245213146198,204.2345237438896,134.152059547427
2025-02-28,103.15090827193869,91.09610686294432,177.24109406340693,201.32037207318402,134.2969817095655
2025-03-03,103.22222044860405,90.71237601715795,177.50485144379826,201.05634710599233,132.2754471861642
2025-03-04,103.29544880037898,91.35356744745889,180.66766965758723,197.82627256385453,130.59437790022807
2025-03-05,103.2153114206253,92.246442916708,177.31070917985633,195.82764232125237,130.66218836798836
2025-03-06,104.51797924637343,92.73106650648509,177.8760469232823,197.55695252612776,133.33000262667656
2025-03-07,101.80210304307657,92.52651585800315,175.5153509360362,197.53738470651157,134.1582369388176
2025-03-10,102.24686161742386,90.63299840007724,174.4753025334917,196.98681521899155,131.91577195842578
2025-03-11,103.8974633266581,91.36940907172652,173.91017228681332,195.59560781910193,127.92686674039375
2025-03-12,102.77341139946365,92.52954660130436,173.24968696895897,195.2425714614099,128.91964237990828
2025-03-13,102.42477333802978,93.16513841264826,172.39629578878308,195.90970677676358,128.8471925239495
2025-03-14,101.69719192360552,92.38615927916571,172.4776982245595,197.92398353536777,130.3782456633416
2025-03-17,100.83204691381609,93.04796566312754,171.6256045851621,192.8729281314748,129.28672711247015
2025-03-18,100.5438158194977,93.88967446727912,169.2015846959767,191.35186471176254,129.79220565857344
2025-03-19,102.03016079341702,95.4028621494778,170.5945193943765,191.73321858840947,130.94750114272924
2025-03-20,103.96375516644444,94.60851478720915,171.95249223766123,191.6203916515966,130.41502325403385
2025-03-21,103.65654044373262,94.43227722658297,173.47785838067526,192.47187719142008,129.9124804147803
2025-03-24,105.6924582989721,95.17865029071577,170.89385433398706,193.06471689644877,129.99729264987172
2025-03-25,105.77236712772817,95.27140905281135,171.4740272282545,192.55402713170596,130.75696719794362
2025-03-26,107.6867139942113,94.250532830735,172.7061506143905,191.61885001363396,130.79053158237747
2025-03-27,107.6293337226095,94.67998654532178,171.00273974545334,191.22547475668665,132.12348943357577
2025-03-28,107.81359967679967,95.26755094067676,171.0868480247583,193.5122177716937,131.56718837863804
2025-03-31,108.25164377987977,95.38953608934334,170.95641556975377,192.17772061214927,129.88295611343335
2025-04-01,111.79279224861108,95.63747461343033,174.20454432296384,192.13389616911456,132.52926129412913
2025-04-02,112.79363885484082,95.4285383734538,177.66062179696726,192.56349182230682,131.78306499455985
2025-04-03,112.04351235797209,96.88846460171867,174.79809191237646,195.66997446579882,131.08850461090267
2025-04-04,113.17975168695476,96.05813159148546,179.28394203286328,195.16129172220815,131.05468378680476
2025-04-07,112.81608792867553,95.53382163045315,177.7216496236781,197.12034297457865,131.19522495447825
2025-04-08,112.3098366532434,95.58254245923085,179.54489590517412,199.64368732550628,130.741180074262
2025-04-09,113.38027837648632,96.46495033453036,181.36839112775033,199.59626906713422,130.7706865927981
2025-04-10,113.4609040670147,95.06929071656882,179.64332740166302,199.25581105022147,130.77099752476164
2025-04-11,113.82293955249561,93.8692666765776,180.60386625638458,198.68068642148066,131.0522208544673
2025-04-14,113.88440370823427,92.01262069648399,180.48193887890807,198.2523499277986,128.0500242027042
2025-04-15,114.31408169604592,92.07953379672847,181.55779108399568,200.0331519189798,130.5334824987071
2025-04-16,114.84684080616441,91.09196888132739,182.04988341565945,200.57599696837121,130.39351042700045
2025-04-17,112.6887678921236,90.7786514800164,184.31460900823046,201.12892277181516,131.2052784493964
2025-04-18,113.48781552841115,91.41759121526451,184.5274299985848,198.9580252664691,129.46131289311643
2025-04-21,112.42375795020412,90.86932602772085,184.29161806792663,197.12124048950133,128.904535015282
2025-04-22,110.85824282091725,91.11617284755818,186.39722711443892,201.47261000293133,128.09202271723845
2025-04-23,110.8378343182813,90.88018021271898,187.55722255191105,201.19512018703887,130.0405299534635
2025-04-24,110.97533739855704,91.52966076295415,189.0104150710035,199.72221267013805,129.33268456210573
2025-04-25,110.2524712874218,92.00237222489152,187.83356027423537,202.68204210863848,130.36899261729135
2025-04-28,111.21700001424797,91.40452864838885,185.95479846995482,203.33534086861874,129.57561754777166
2025-04-29,109.77814837527909,91.28701073023534,184.9760586068939,204.5961611724495,129.04206553392322
2025-04-30,109.3760624879779,92.28170792903259,183.90479218398409,204.39565892963637,128.7770917753339
2025-05-01,108.78172128984185,92.68250335671631,185.43050627251947,203.82685614814156,130.4932355081436
2025-05-02,108.77455577978905,91.43333151388467,187.3240534211295,203.56289538461132,128.1014929808467
2025-05-05,109.12195255673365,92.0715755786859,187.1085107972938,200.84784747229324,126.47772783103304
2025-05-06,108.07086378414125,91.11479215103135,189.88106650398595,200.7516093661819,124.08827114625399
2025-05-07,108.89999509291768,92.44790479519428,192.5744061173798,201.4273358727854,122.79522802602514
2025-05-08,109.01222245547815,93.43689445937233,193.12093395878514,205.2714670581382,121.85138600921972
2025-05-09,107.01195380532344,93.74563817368823,191.61682518127668,205.5302701978829,119.9478832486164
2025-05-12,104.97840177571014,93.93071782038264,194.73729444214737,200.8687185043325,119.11815083601375
2025-05-13,105.00746456179992,93.77207872234311,194.69637012214588,200.76030792291272,116.78898038293633
2025-05-14,104.81760721139821,94.44827999250975,195.02015666377454,206.41872262848952,115.65236437180057
2025-05-15,104.75115284080458,94.13638183076114,194.43674088137658,208.2981365535648,117.09587417883888
2025-05-16,104.76374211257777,94.39615109492192,192.79143698447817,206.6985626394191,117.61645126279048
2025-05-19,105.04232227279302,95.26091910274613,190.05672360725353,208.00717576134903,117.88429518024313
2025-05-20,106.08491245286238,94.76513603263597,191.3398671893432,206.55205102425646,116.75477657148114
2025-05-21,104.95469546668326,94.2206762739037,189.92271867512406,203.8561032073234,115.02102743843705
2025-05-22,103.77333706386497,93.139278958479,195.90161284000044,203.22844169523128,113.76368953884783
2025-05-23,102.68600436699886,92.18996347172106,193.8630190056806,203.49591668972252,113.76003797994781
2025-05-26,103.0243118200096,90.55589781664347,191.51727191413332,199.80150210919544,114.79788584280428
2025-05-27,104.35666167954692,91.25571342306019,192.57378605604663,197.59763000595427,115.88481711382957
2025-05-28,103.94907095776098,92.95864796939681,195.61970997402975,197.69711692240205,116.66456664978308
2025-05-29,101.42139636629197,94.33082685811776,195.82441498908085,196.9705874322239,115.8535967337228
2025-05-30,99.74771515577393,92.84646299569206,197.02701277710872,197.82890242009563,115.92840417769077
2025-06-02,98.95980747241016,93.55932621388172,193.50538970590256,195.51866434329722,115.60270665001222
2025-06-03,98.4487879514167,94.9373123264086,192.27569439456508,196.99867092481554,115.41651702019489
2025-06-04,98.08678101851902,94.54242766422524,190.29853827492934,194.7583172527439,117.83893697862655
2025-06-05,98.1638890047321,94.67625012093181,186.8009543293949,198.0633114118965,115.82712165006804
2025-06-06,97.89749436093909,92.83133528757826,187.09442519001573,194.7719041010586,115.60185244227152
2025-06-09,98.96976024982656,93.11651972642923,183.01811934159227,192.73257545487758,117.05799195896722
2025-06-10,98.34229296269355,92.16827771944602,180.68644863636365,193.61609692738244,115.40071556814948
2025-06-11,97.53692251711159,92.38941003768205,179.7903164300225,196.94404427679783,114.70608573403749
2025-06-12,98.04433302515663,90.99461535797388,178.37327493980013,197.64452315596114,114.14649823015704
2025-06-13,96.58885225642388,91.5265336162012,179.15341213166187,198.83963761913387,113.93747105200266
2025-06-16,97.00477950532212,92.50604945327315,179.773601846288,198.95407670511295,112.17837370394565
2025-06-17,97.14316151742128,91.82111143609002,181.460187889953,197.00124395800782,112.89329577046583
2025-06-18,97.03884453631788,90.81940892481174,182.9037606649126,196.11645868534296,113.69346919654613
2025-06-19,98.63183883382233,88.9178390854834,185.0763133092732,193.83156543658077,114.31864872624016
2025-06-20,98.0592653248549,88.71674480182983,185.1468067522492,191.4453640833574,113.37330712822322
2025-06-23,100.1405827063722,88.23755908498421,185.78381808667373,192.29294261647019,113.51682736076143
2025-06-24,99.95506263203451,86.91429500378433,186.81127196952795,190.22130780195985,112.54539847256409
2025-06-25,98.72621824315596,87.34385682012781,187.15093557397992,190.90648719261836,112.21657569161512
2025-06-26,98.83479735249949,86.98650589378231,186.4836355694704,188.5127200123636,114.70520414311933
2025-06-27,97.81591468736693,86.09020504072194,185.9390747513132,189.14791253418744,114.86095945548387
2025-06-30,97.122175986085,85.64834641787382,184.4988962303844,188.30113990226218,113.55043312028823
2025-07-01,97.54756109707363,86.60546880103085,185.35254295900202,191.04493165176444,113.80090068688212
2025-07-02,98.13027043262035,87.16408119371857,185.25245149497434,191.74106338111153,112.31781391130828
2025-07-03,97.5606473834929,87.08564611568175,184.1015964824288,194.20293373545823,111.02355356955256
2025-07-04,98.5681572358936,87.66152772711027,182.95959055713797,192.81808802879627,109.91761622258278
2025-07-07,99.75561432076519,86.68440575099598,180.83071629716093,193.00355892389223,109.47410609141481
2025-07-08,101.23923260292361,86.74716204841143,182.68251180295098,191.19574710091663,110.54887570045338
2025-07-09,101.8173467342989,86.9098111454701,182.8993341104552,190.48276246915032,111.23462610443353
2025-07-10,103.25635471887841,86.53704276892394,181.40061254951968,190.06016169091774,111.86263803289637
2025-07-11,101.37300091950831,86.94947003542288,182.94643260036213,188.76107847464394,110.68434669758886
2025-07-14,101.09166981126319,86.3080446651238,181.99676348375507,186.5551772179769,110.13085869494994
2025-07-15,100.25908389815332,86.7838911195942,179.52669177902177,184.0103265313427,110.47500478372802
2025-07-16,100.41884944813066,87.29905220065812,181.4420139852103,179.8268417009494,109.82696639057636
2025-07-17,99.88658985429342,84.82310812682195,180.5423092511376,178.00843426753886,109.5654875230419
2025-07-18,99.76065454347426,85.87313770610626,179.87751727455506,179.20060410588513,110.09416191049746
2025-07-21,101.69677700308246,83.32884256759348,180.02360116712632,176.42941587681088,109.75474549716814
2025-07-22,101.56494167773266,82.8502074918753,182.16517894847294,174.10170812174755,110.04714733112976
2025-07-23,102.02688291422588,83.73756889973023,182.27457882389,177.3186938150748,111.85866677460385
2025-07-24,101.83090497321454,83.50569736018923,180.17400056390363,176.26414311426956,111.71126848019884
2025-07-25,101.94880506139425,82.32320313657786,181.22907228377,176.9016879911842,113.08174460127127
2025-07-28,101.99572931289114,81.46028745049026,180.42441318767223,178.1128458106821,113.7615579938357
2025-07-29,102.49501708439493,82.33404473338697,183.93660611842066,179.36854072093598,112.14943706506806
2025-07-30,103.73787231630854,80.79940835034606,184.00813508665692,176.72934423387707,110.9645600140017
2025-07-31,105.50319100140244,81.74948860105049,180.01309785070254,176.39200807380627,110.08743485205092
2025-08-01,105.87269690122774,81.73714364451264,180.72982992486376,173.62999406030534,109.19404874775086
2025-08-04,106.54131759984354,80.80061523707586,184.35241814294793,178.00110225847055,109.13914914346468
2025-08-05,105.36433734641703,80.36296446665516,187.35560547783615,175.25481316388033,109.8559658263521
2025-08-06,105.31390440781516,79.58146274839368,190.8939403127341,173.49739552784865,111.28802833484733
2025-08-07,106.35136225475723,80.30592770301182,189.03276988093475,171.77003550658492,111.67618085932307
2025-08-08,107.31925000286606,80.92863490716542,190.84124598990977,169.2860647206783,111.22405114358789
2025-08-11,107.58961567156955,79.58105837750239,189.54414721162823,171.6600235859523,108.97562498774633
2025-08-12,108.5909503630721,79.29223331218145,190.04575485586622,175.93953637682455,109.09620733219063
2025-08-13,109.168847262079,78.6421902177394,187.71696702992045,175.17454931917,109.16798372021425
2025-08-14,110.53130717831098,79.69791511763076,186.58572337909786,172.94587253790053,109.41162201459052
2025-08-15,110.89595232626831,78.66060317842106,185.4023464666271,169.1878126041043,111.7852389851018
2025-08-18,110.54640771627335,79.96465513172399,187.15064150286562,168.84283770958552,113.22596213116411
2025-08-19,110.9626684743646,79.97001714991157,188.7306852908752,168.3768586857095,114.16400970471456
2025-08-20,107.8011019868063,79.07782030307281,189.32956952794703,167.35071704834527,113.11616785963908
2025-08-21,108.25794274716552,78.57548011126198,186.86473940079952,167.78870255357592,112.58239767279179
2025-08-22,104.4211885218932,77.97930761335601,186.35782987522106,168.52046498573833,112.52066922822617
2025-08-25,102.67801007774801,77.02247947387987,185.04656151056784,169.13344672392486,111.69621945759059
2025-08-26,103.18419189288737,77.12639650253226,186.737564882082,168.66707139616386,112.30153217632244
2025-08-27,103.71958456945931,76.2156203806544,189.02628573407796,166.8859361356927,112.748152647095
2025-08-28,102.561915262371,74.60166093225922,191.11014537871333,168.06803923829966,111.57237860941652
2025-08-29,101.87490582407102,74.34868653370003,189.74816488684937,168.1563212621658,112.96089342217235
2025-09-01,103.32207559492058,73.04951104876578,184.69437164606916,169.72468185683667,113.12176288646101
2025-09-02,102.86431150407694,72.53112906449117,181.5321539582442,171.13938838578292,111.22710195912468
2025-09-03,105.23963194023,71.90349029067805,184.20496255646813,168.79091177680436,111.21448634200758
2025-09-04,105.27971497794495,71.308294033448,183.54071356929745,166.45392068138153,111.5722887867042
2025-09-05,105.75246444145823,72.77862340418216,182.24086916209808,165.26712616361505,112.70802602686692
2025-09-08,107.5192462095917,72.8488242510011,185.33330856651696,163.59607904809022,112.3732444399983
2025-09-09,107.70329061379414,73.05701058624693,187.76805880598104,164.90226662823412,113.35281973587709
2025-09-10,106.67178575271446,71.79940006106968,187.88911192445886,165.54880932052512,113.61058421754294
2025-09-11,106.59743216027742,71.35992869111067,187.41359784520927,167.44549773190874,112.17118330198264
2025-09-12,106.60211110547439,71.54234522380447,187.24106711226185,168.17797267120184,110.63920026314563
2025-09-15,105.1992213862623,70.84144608890396,187.74197440792426,168.59666682195916,111.93295295954584
2025-09-16,104.97241257882965,71.5162612987285,190.84641915124868,170.69981967877897,113.32501163951865
2025-09-17,104.23788650695207,70.68955950024858,191.73106569448163,171.57214467932724,113.73702573350846
2025-09-18,105.24797525796568,70.51561871761976,193.2054211087215,171.7577161048945,115.49717364448777
2025-09-19,105.32653204754985,70.13161640479359,195.55598017526526,174.38916579455488,116.77069705530991
2025-09-22,105.07111390268666,70.27505627460953,193.35926245655153,174.65999452501674,117.61874803648786
2025-09-23,105.00159881672953,69.8543260246326,194.90232603728649,174.198906928302,116.59837414483304
2025-09-24,105.27824494171969,69.69322289760757,194.40679661223754,172.8146368891045,118.6822338204355
2025-09-25,105.97200326117029,69.55666747248976,189.65220627190538,174.10347590958492,119.36817588220545
2025-09-26,104.95984167489503,69.07534753646577,185.73300881980978,176.34112282244544,118.95606747154687
2025-09-29,103.9138240177045,69.43901190508365,183.92517732239654,176.322453868176,118.2110450071163
2025-09-30,105.11013787859615,69.63259136816984,184.97880708250068,178.71522179050748,118.56239733712684
2025-10-01,104.71950177127847,69.59874844518029,185.26352257323592,175.29906337241948,116.64426008429322
2025-10-02,103.28756000120849,69.32752418533849,185.67965889954684,175.27197584414432,117.51024528563451
2025-10-03,103.78848914601639,69.90991201943206,189.41348178344427,175.2718094899025,116.44159485222201
2025-10-06,104.31224617396522,69.77313844034157,187.09966889481643,174.0718286422706,116.9206964245487
2025-10-07,102.76878052672649,69.58730329129114,187.12318252493625,178.34263802383234,116.35893643304338
2025-10-08,103.04609709034376,69.68806205758781,187.76881248815124,178.2959315088273,116.09809800036
2025-10-09,103.84841248626648,70.90882478541208,186.46596966117056,177.641486539401,115.2687556443861
2025-10-10,104.27963909316797,69.99272665846294,186.59341932507246,177.75870127266472,115.12910065616688
2025-10-13,104.98273866291132,70.56186908886247,183.7052421414287,174.30364811652768,117.37194489012315
2025-10-14,103.56021717513705,69.2662787115899,186.38819904679062,173.05339753658296,119.05653982257083
2025-10-15,103.94518090882305,69.44471168607316,185.19613355979675,174.83323956679178,119.52712037710414
2025-10-16,103.6725584616345,70.5754075583054,189.07229337159285,173.8065934831851,119.54469901050655
2025-10-17,103.21452139536262,70.94950552186648,189.08652287538027,172.44087044349155,120.60640153867865
