Date,AAPL,MSFT,AMZN,GOOGL,META
2020-02-03,74.54550170898438,165.88043212890625,100.20999908447266,73.6222152709961,202.93893432617188
2020-02-04,77.0064926147461,171.34063720703125,102.4834976196289,71.77545928955078,208.54440307617188
2020-02-05,77.63446044921875,171.13137817382812,101.99349975585938,71.80723571777344,208.82266235351562
2020-02-06,78.54253387451172,174.67959594726562,102.5114974975586,73.29299926757812,209.55812072753906
2020-02-07,77.47493743896484,174.92689514160156,103.96399688720703,73.44891357421875,211.02908325195312
2020-02-10,77.8428955078125,179.50244140625,106.69550323486328,74.91629791259766,211.75457763671875
2020-02-11,77.37325286865234,175.45013427734375,107.54000091552734,74.9858169555664,205.92054748535156
2020-02-12,79.210693359375,175.70692443847656,108.0,75.41138458251953,209.4686737060547
2020-02-13,78.64663696289062,174.75570678710938,107.49349975585938,75.15118408203125,211.8341064453125
2020-02-14,78.66600036621094,176.31573486328125,106.74349975585938,75.41634368896484,212.8677215576172
2020-02-17,78.66600036621094,176.31573486328125,106.74349975585938,75.41634368896484,212.8677215576172
2020-02-18,77.22557067871094,178.10411071777344,107.78350067138672,75.45160675048828,216.465576171875
2020-02-19,78.34402465820312,178.63824462890625,108.51100158691406,75.72123718261719,216.15745544433594
2020-02-20,77.54029846191406,175.91026306152344,107.65499877929688,75.32994079589844,213.26528930664062
2020-02-21,75.78515625,170.34922790527344,104.79850006103516,73.66492462158203,208.89224243164062
2020-02-24,72.1853256225586,163.00454711914062,100.4645004272461,70.5067138671875,199.49020385742188
2020-02-25,69.74026489257812,160.31472778320312,98.63700103759766,68.84120178222656,195.5644073486328
2020-02-26,70.84659576416016,162.31781005859375,98.97949981689453,69.04727172851562,195.99176025390625
2020-02-27,66.21549224853516,150.8810272216797,94.21499633789062,65.29713439941406,188.58741760253906
2020-02-28,66.1767349243164,154.5343017578125,94.1875,66.50382232666016,191.29075622558594
2020-03-02,72.33785247802734,164.81692504882812,97.69750213623047,68.84120178222656,195.23643493652344
2020-03-03,70.04046630859375,156.91897583007812,95.44950103759766,66.42784118652344,184.75106811523438
2020-03-04,73.28926086425781,162.68026733398438,98.79149627685547,68.6068115234375,190.5850830078125
2020-03-05,70.9119644165039,158.59774780273438,96.20149993896484,65.28771209716797,184.0354461669922
2020-03-06,69.9702377319336,154.11460876464844,95.05449676513672,64.34322357177734,179.98049926757812
2020-03-09,64.43616485595703,143.66989135742188,90.03050231933594,60.37310028076172,168.46148681640625
2020-03-10,69.07695007324219,153.49459838867188,94.59100341796875,63.3217658996582,177.09825134277344
2020-03-11,66.67787170410156,146.541015625,91.04299926757812,60.13027572631836,169.19696044921875
2020-03-12,60.09310531616211,132.64329528808594,83.83049774169922,55.196800231933594,153.52359008789062
2020-03-13,67.29277038574219,151.50103759765625,89.25,60.2976188659668,169.23672485351562
2020-03-16,58.63577651977539,129.1712188720703,84.4574966430664,53.28250503540039,145.1154022216797
2020-03-17,61.2139778137207,139.8068084716797,90.39199829101562,55.52007293701172,148.5045166015625
2020-03-18,59.715457916259766,133.92147827148438,91.5,54.1857795715332,146.05960083007812
2020-03-19,59.25792694091797,136.12490844726562,94.04650115966797,55.2027587890625,152.19178771972656
2020-03-20,55.49590301513672,131.01223754882812,92.30449676513672,53.044647216796875,148.81260681152344
2020-03-23,54.31694030761719,129.70538330078125,95.1415023803711,52.34546661376953,147.192626953125
2020-03-24,59.76630783081055,141.49508666992188,97.00499725341797,56.11347961425781,159.99368286132812
2020-03-25,59.437068939208984,140.140625,94.29199981689453,54.70370101928711,155.25291442871094
2020-03-26,62.56483840942383,148.90655517578125,97.77449798583984,57.747711181640625,162.33921813964844
2020-03-27,59.9744987487793,142.79234313964844,95.00499725341797,55.132747650146484,155.82933044433594
2020-03-30,61.686058044433594,152.83642578125,98.19750213623047,56.92289733886719,164.93324279785156
2020-03-31,61.560176849365234,150.4327392578125,97.48600006103516,57.69953155517578,165.77801513671875
2020-04-01,58.32106018066406,145.0911407470703,95.38500213623047,54.7275390625,158.6221466064453
2020-04-02,59.29422378540039,148.0957794189453,95.94149780273438,55.46893310546875,157.22079467773438
2020-04-03,58.44209671020508,146.73175048828125,95.32949829101562,54.2607536315918,153.2353515625
2020-04-06,63.54042053222656,157.64390563964844,99.87950134277344,58.754268646240234,164.53567504882812
2020-04-07,62.80449295043945,155.94602966308594,100.58000183105469,58.72298049926758,167.79559326171875
2020-04-08,64.41195678710938,157.5103302001953,102.1500015258789,59.936607360839844,173.21217346191406
2020-04-09,64.87675476074219,157.51991271972656,102.13800048828125,59.915252685546875,174.1166229248047
2020-04-10,64.87675476074219,157.51991271972656,102.13800048828125,59.915252685546875,174.1166229248047
2020-04-13,66.15013885498047,157.87281799316406,108.44349670410156,60.10593795776367,173.71908569335938
2020-04-14,69.49091339111328,165.6848602294922,114.16600036621094,62.82816696166992,177.078369140625
2020-04-15,68.85665130615234,163.9488983154297,115.38400268554688,62.434383392333984,175.88572692871094
2020-04-16,69.40375518798828,168.8707733154297,120.40950012207031,62.440834045410156,175.17015075683594
2020-04-17,68.4620590209961,170.35879516601562,118.75,63.51195526123047,178.14183044433594
2020-04-20,67.04100036621094,166.98216247558594,119.68049621582031,62.62555694580078,177.14793395996094
2020-04-21,64.96874237060547,160.0762481689453,116.40599822998047,60.19284439086914,169.75350952148438
2020-04-22,66.8400650024414,165.51319885253906,118.17449951171875,62.489505767822266,181.1631622314453
2020-04-23,66.58104705810547,163.51010131835938,119.97250366210938,63.12313461303711,183.99571228027344
2020-04-24,68.50321960449219,166.49571228027344,120.51100158691406,63.39278030395508,188.9054718017578
2020-04-27,68.55162811279297,166.01878356933594,118.80000305175781,63.10773849487305,186.35121154785156
2020-04-28,67.44043731689453,161.97439575195312,115.7040023803711,61.20734405517578,181.78933715820312
2020-04-29,69.65555572509766,169.2427520751953,118.635498046875,66.64932250976562,193.00022888183594
2020-04-30,71.12498474121094,170.9406280517578,123.69999694824219,66.87376403808594,203.45578002929688
2020-05-01,69.97994232177734,166.51475524902344,114.302001953125,65.41482543945312,201.03070068359375
2020-05-04,70.9700698852539,170.5876922607422,115.79949951171875,65.6919174194336,204.0023956298828
2020-05-05,72.03524017333984,172.41908264160156,115.88999938964844,66.98896789550781,205.8013153076172
2020-05-06,72.7784652709961,174.1169891357422,117.56300354003906,66.81069946289062,207.1927032470703
2020-05-07,73.53135681152344,175.1280975341797,118.38050079345703,67.99502563476562,209.9656219482422
2020-05-08,75.28150939941406,176.15821838378906,118.98049926757812,68.74286651611328,211.04893493652344
2020-05-11,76.46609497070312,178.12318420410156,120.44999694824219,69.69877624511719,211.8738555908203
2020-05-12,75.59220123291016,174.0883331298828,117.84750366210938,68.28800964355469,208.812744140625
2020-05-13,74.67950439453125,171.4557342529297,118.39600372314453,66.95470428466797,203.84336853027344
2020-05-14,75.1382827758789,172.19970703125,119.44249725341797,67.37828826904297,205.5428924560547
2020-05-15,74.6940689086914,174.70840454101562,120.48899841308594,68.18273162841797,209.58795166015625
2020-05-18,76.45394897460938,176.37767028808594,121.31300354003906,68.78459167480469,211.88380432128906
2020-05-19,76.01217651367188,175.1566925048828,122.46649932861328,68.24928283691406,215.5511932373047
2020-05-20,77.49046325683594,177.58627319335938,124.89700317382812,69.97537231445312,228.5609893798828
2020-05-21,76.9127426147461,175.4532012939453,122.33699798583984,69.85569763183594,229.9722900390625
2020-05-22,77.40794372558594,175.5297393798828,121.84400177001953,70.177978515625,233.47071838378906
2020-05-25,77.40794372558594,175.5297393798828,121.84400177001953,70.177978515625,233.47071838378906
2020-05-26,76.88362884521484,173.67408752441406,121.09300231933594,70.5816879272461,230.77732849121094
2020-05-27,77.21857452392578,173.90365600585938,120.51950073242188,70.52757263183594,227.736083984375
2020-05-28,77.25257873535156,173.51148986816406,120.05500030517578,70.42626190185547,224.07864379882812
2020-05-29,77.17732238769531,175.28103637695312,122.11849975585938,71.1850357055664,223.7108917236328
2020-06-01,78.12643432617188,174.8792724609375,123.552001953125,71.2520751953125,230.48910522460938
2020-06-02,78.48814392089844,176.86888122558594,123.62049865722656,71.62152099609375,231.29412841796875
2020-06-03,78.92019653320312,177.29931640625,123.91999816894531,71.46956634521484,228.7498321533203
2020-06-04,78.24053192138672,174.9654083251953,123.02999877929688,70.23060607910156,224.9035186767578
2020-06-05,80.46891021728516,179.0592803955078,124.1500015258789,71.50780487060547,229.35610961914062
2020-06-08,80.9446792602539,180.1688232421875,126.2030029296875,71.90605926513672,229.98219299316406
2020-06-09,83.50074005126953,181.5461883544922,130.04299926757812,72.1066665649414,237.20770263671875
2020-06-10,85.64899444580078,188.28005981445312,132.37249755859375,72.73335266113281,235.27955627441406
2020-06-11,81.53697204589844,178.16970825195312,127.89800262451172,69.6148681640625,223.05491638183594
2020-06-12,82.24092102050781,179.57577514648438,127.2509994506836,70.16207885742188,227.17950439453125
2020-06-15,83.25799560546875,180.7236328125,128.63400268554688,70.55040740966797,231.07550048828125
2020-06-16,85.4645004272461,185.15225219726562,130.7635040283203,71.82809448242188,234.20616149902344
2020-06-17,85.34556579589844,185.7931365966797,132.0489959716797,72.12952423095703,234.0869140625
2020-06-18,85.37956237792969,187.7826690673828,132.69900512695312,71.2148208618164,234.49441528320312
2020-06-19,84.89166259765625,186.66357421875,133.75050354003906,70.74407196044922,237.3269500732422
2020-06-22,87.11273956298828,191.84786987304688,135.6909942626953,72.03616333007812,237.7543182373047
2020-06-23,88.97212982177734,193.12960815429688,138.2205047607422,72.69760131835938,240.75582885742188
2020-06-24,87.401611328125,189.23655700683594,136.72000122070312,71.1443099975586,232.586181640625
2020-06-25,88.5619125366211,191.6278533935547,137.72900390625,71.56143188476562,234.23599243164062
2020-06-26,85.84076690673828,187.79225158691406,134.64349365234375,67.66033935546875,214.75608825683594
2020-06-29,87.81910705566406,189.81048583984375,134.0189971923828,69.3799819946289,219.28814697265625
2020-06-30,88.55220031738281,194.6599578857422,137.9409942626953,70.41682434082031,225.6787567138672
2020-07-01,88.38469696044922,195.7982940673828,143.93499755859375,71.60612487792969,236.09454345703125
2020-07-02,88.38469696044922,197.2904052734375,144.51499938964844,72.9930648803711,231.98985290527344
2020-07-03,88.38469696044922,197.2904052734375,144.51499938964844,72.9930648803711,231.98985290527344
2020-07-06,90.74901580810547,201.53733825683594,152.8520050048828,74.46888732910156,238.80784606933594
2020-07-07,90.46742248535156,199.19390869140625,150.00599670410156,73.98571014404297,239.38427734375
2020-07-08,92.57444763183594,203.57470703125,154.0554962158203,74.66503143310547,242.08761596679688
2020-07-09,92.97254943847656,204.99993896484375,159.13150024414062,75.41287231445312,243.00196838378906
2020-07-10,93.1351547241211,204.37814331054688,160.0,76.42340850830078,243.5684814453125
2020-07-13,92.70552062988281,198.06521606445312,155.1999969482422,75.09357452392578,237.53564453125
2020-07-14,94.23965454101562,199.28953552246094,154.1999969482422,75.52210998535156,238.26119995117188
2020-07-15,94.88777160644531,198.9929962158203,150.44349670410156,75.3244857788086,238.80784606933594
2020-07-16,93.72017669677734,195.05218505859375,149.9949951171875,75.2271499633789,239.45384216308594
2020-07-17,93.53083801269531,194.0574188232422,148.09849548339844,75.322998046875,240.54710388183594
2020-07-20,95.50190734863281,202.398193359375,159.8419952392578,77.6563949584961,243.91632080078125
2020-07-21,94.18379974365234,199.672119140625,156.9145050048828,77.26309967041016,240.26881408691406
2020-07-22,94.44841003417969,202.54168701171875,154.99549865722656,77.70655059814453,238.4003143310547
2020-07-23,90.14944458007812,193.73216247558594,149.32749938964844,75.31802368164062,231.17486572265625
2020-07-24,89.92611694335938,192.546142578125,150.44549560546875,74.89395904541016,229.2964630126953
2020-07-27,92.0573959350586,194.98521423339844,152.760498046875,75.94766998291016,232.06935119628906
2020-07-28,90.54512023925781,193.23483276367188,150.01649475097656,74.66751861572266,228.71006774902344
2020-07-29,92.28073120117188,195.1860809326172,151.67649841308594,75.65370178222656,231.86065673828125
2020-07-30,93.3973159790039,195.03305053710938,152.593994140625,76.3916244506836,233.063232421875
2020-07-31,103.17495727539062,196.0947723388672,158.23399353027344,73.88788604736328,252.11578369140625
2020-08-03,105.77473449707031,207.1233673095703,155.59449768066406,73.63016510009766,250.416259765625
2020-08-04,106.48111724853516,204.0147247314453,156.94149780273438,73.160400390625,248.29931640625
2020-08-05,106.8670883178711,203.67991638183594,160.25149536132812,73.44791412353516,247.59365844726562
2020-08-06,110.59558868408203,206.94166564941406,161.25,74.73206329345703,263.6546325683594
2020-08-07,108.08110809326172,203.2399139404297,158.3730010986328,74.40531921386719,266.7952880859375
2020-08-10,109.65206146240234,199.19390869140625,157.4080047607422,74.32835388183594,261.38861083984375
2020-08-11,106.39102172851562,194.53565979003906,154.0334930419922,73.5199203491211,254.56069946289062
2020-08-12,109.92684173583984,200.09298706054688,158.11199951171875,74.84578704833984,258.2976989746094
2020-08-13,111.87227630615234,199.62429809570312,158.05099487304688,75.31304931640625,259.69903564453125
2020-08-14,111.7725601196289,199.81561279296875,157.4010009765625,74.71617126464844,259.6393737792969
2020-08-17,111.48075866699219,201.1356201171875,159.12049865722656,75.2927017211914,259.55987548828125
2020-08-18,112.40970611572266,202.29299926757812,165.62449645996094,77.25614929199219,260.732666015625
2020-08-19,112.55075073242188,201.06570434570312,163.0240020751953,76.70147705078125,260.9811096191406
2020-08-20,115.0481948852539,205.74476623535156,164.86849975585938,78.27264404296875,267.3618469238281
2020-08-21,120.97692108154297,204.24899291992188,164.23599243164062,78.2388916015625,265.3740539550781
2020-08-24,122.423828125,204.8914031982422,165.3730010986328,78.71459197998047,269.72723388671875
2020-08-25,121.41949462890625,207.55694580078125,167.32449340820312,79.74250793457031,279.09942626953125
2020-08-26,123.0706787109375,212.04420471191406,172.09249877929688,81.64339447021484,302.0479431152344
2020-08-27,121.5994644165039,217.2506561279297,170.0,80.86824798583984,291.4234313964844
2020-08-28,121.40247344970703,219.48471069335938,170.08999633789062,81.41000366210938,291.8608093261719
2020-08-31,125.51951599121094,216.243896484375,172.54800415039062,80.91839599609375,291.4035949707031
2020-09-01,130.51927185058594,217.91226196289062,174.95599365234375,82.18714904785156,293.6298522949219
2020-09-02,127.81511688232422,222.1118927001953,176.57249450683594,85.28131103515625,300.6466064453125
2020-09-03,117.58213806152344,208.3527374267578,168.39999389648438,80.91740417480469,289.3363037109375
2020-09-04,117.65992736816406,205.4283447265625,164.7310028076172,78.51895141601562,280.9977722167969
2020-09-07,117.65992736816406,205.4283447265625,164.7310028076172,78.51895141601562,280.9977722167969
2020-09-08,109.74203491210938,194.3155517578125,157.49200439453125,75.6581802368164,269.4986572265625
2020-09-09,114.11923217773438,202.5902099609375,163.4304962158203,76.83159637451172,272.0429382324219
2020-09-10,110.39370727539062,196.91395568847656,158.7554931640625,75.77983093261719,266.4473876953125
2020-09-11,108.94439697265625,195.62918090820312,155.81100463867188,75.26886749267578,264.9764404296875
2020-09-14,112.21272277832031,196.95230102539062,155.14849853515625,74.92473602294922,264.5193176269531
2020-09-15,112.38780212402344,200.18357849121094,157.80650329589844,76.230224609375,270.75091552734375
2020-09-16,109.07083892822266,196.60716247558594,153.90499877929688,75.08663177490234,261.9053955078125
2020-09-17,107.32966613769531,194.55523681640625,150.43649291992188,73.84270477294922,253.25875854492188
2020-09-18,103.9251708984375,192.13905334472656,147.74549865722656,72.05751037597656,250.98277282714844
2020-09-21,107.0767822265625,194.2004852294922,148.02349853515625,71.0171890258789,246.6295928955078
2020-09-22,108.75956726074219,198.87953186035156,156.44949340820312,72.49102020263672,253.1891632080078
2020-09-23,104.19751739501953,192.3307647705078,149.9929962158203,69.9867935180664,247.49429321289062
2020-09-24,105.26752471923828,194.82376098632812,150.989501953125,70.65568542480469,248.0011444091797
2020-09-25,109.21673583984375,199.2630615234375,154.75650024414062,71.46012878417969,253.25875854492188
2020-09-28,111.8236312866211,200.81642150878906,158.70249938964844,72.43342590332031,255.24652099609375
2020-09-29,110.97737121582031,198.7261505126953,157.24400329589844,72.79890441894531,260.18603515625
2020-09-30,112.65045166015625,201.6697540283203,157.43649291992188,72.77803802490234,260.2953796386719
2020-10-01,113.60370635986328,203.7120819091797,161.06300354003906,73.88539123535156,264.99639892578125
2020-10-02,109.93655395507812,197.70021057128906,156.25,72.2814712524414,258.3473815917969
2020-10-05,113.32162475585938,201.7176971435547,159.9600067138672,73.6336441040039,263.028564453125
2020-10-06,110.07275390625,197.4317626953125,154.9980010986328,72.05403137207031,257.0751953125
2020-10-07,111.94037628173828,201.1903533935547,159.7845001220703,72.4572525024414,256.53851318359375
2020-10-08,111.83335876464844,201.90943908691406,159.52749633789062,73.66344451904297,262.1439514160156
2020-10-09,113.77880859375,206.9241180419922,164.33250427246094,75.00518035888672,262.8297424316406
2020-10-12,121.00608825683594,212.28395080566406,172.14649963378906,77.69364929199219,274.0604248046875
2020-10-13,117.7961196899414,213.683837890625,172.18150329589844,77.81678771972656,274.4481201171875
2020-10-14,117.88365173339844,211.7661895751953,168.1855010986328,77.63653564453125,270.15460205078125
2020-10-15,117.41675567626953,210.61558532714844,166.9324951171875,77.24076843261719,265.0857849121094
2020-10-16,115.77288055419922,210.61558532714844,163.635498046875,77.84807586669922,264.3006286621094
2020-10-19,112.81581115722656,205.3995819091797,160.36050415039062,75.97349548339844,259.79840087890625
2020-10-20,114.30406951904297,205.81187438964844,160.85049438476562,77.02275848388672,265.920654296875
2020-10-21,113.68152618408203,205.9556884765625,159.2469940185547,78.75630950927734,277.0222473144531
2020-10-22,112.59208679199219,206.04197692871094,158.82000732421875,79.78273010253906,276.41595458984375
2020-10-23,111.9014663696289,207.3267822265625,160.22000122070312,81.0897216796875,283.045166015625
2020-10-26,111.91118621826172,201.4300537109375,160.3520050048828,78.6718978881836,275.412109375
2020-10-27,113.41891479492188,204.46949768066406,164.31649780273438,79.39639282226562,281.55426025390625
2020-10-28,108.16622161865234,194.33473205566406,158.13900756835938,75.0225601196289,266.0299987792969
2020-10-29,112.1738052368164,196.29075622558594,160.55050659179688,77.31077575683594,279.1093444824219
2020-10-30,105.89006042480469,194.13340759277344,151.8074951171875,80.25198364257812,261.4979248046875
2020-11-02,105.8025131225586,193.99913024902344,150.2239990234375,80.65967559814453,259.7586364746094
2020-11-03,107.42694091796875,197.9302978515625,152.42050170898438,81.71937561035156,263.6745300292969
2020-11-04,111.81390380859375,207.48020935058594,162.05799865722656,86.69456481933594,285.6192321777344
2020-11-05,115.7825927734375,214.09613037109375,166.10000610351562,87.52135467529297,292.87451171875
2020-11-06,115.65104675292969,214.50840759277344,165.56849670410156,87.38380432128906,291.6123046875
2020-11-09,113.34172821044922,209.39785766601562,157.18699645996094,87.46772003173828,277.0619812011719
2020-11-10,113.00069427490234,202.32171630859375,151.75100708007812,86.29084777832031,270.7608337402344
2020-11-11,116.43057250976562,207.63368225097656,156.8695068359375,86.76309204101562,274.7860412597656
2020-11-12,116.15774536132812,206.56930541992188,155.51400756835938,86.54409790039062,273.39459228515625
2020-11-13,116.20645141601562,207.59527587890625,156.4405059814453,88.00601196289062,275.253173828125
2020-11-16,117.2198257446289,208.28561401367188,156.55299377441406,88.09391021728516,277.2508239746094
2020-11-17,116.33314514160156,205.6297149658203,156.7830047607422,87.4796371459961,273.3150939941406
2020-11-18,115.00794982910156,202.91873168945312,155.2729949951172,86.43584442138672,270.3036193847656
2020-11-19,115.60235595703125,204.2069091796875,155.8509979248047,87.3261947631836,271.2677001953125
2020-11-20,114.33563232421875,202.2554168701172,154.97000122070312,86.22430419921875,268.04754638671875
2020-11-23,110.93498992919922,201.98623657226562,154.91949462890625,85.78632354736328,266.7853088378906
2020-11-24,112.22117614746094,205.59127807617188,155.9029998779297,87.59087371826172,275.2233581542969
2020-11-25,113.05916595458984,205.60084533691406,159.2534942626953,87.60230255126953,273.9014587402344
2020-11-26,113.05916595458984,205.60084533691406,159.2534942626953,87.60230255126953,273.9014587402344
2020-11-27,113.60482788085938,206.90829467773438,159.76699829101562,88.73895263671875,276.10784912109375
2020-11-30,116.00183868408203,205.79312133789062,158.40199279785156,87.11912536621094,275.2729797363281
2020-12-01,119.577880859375,207.8503875732422,161.00399780273438,89.15310668945312,284.7943115234375
2020-12-02,119.92866516113281,207.0428466796875,160.17649841308594,90.62345886230469,285.75836181640625
2020-12-03,119.79225158691406,205.95651245117188,159.3365020751953,90.46803283691406,280.1231384277344
2020-12-04,119.11991119384766,206.07191467285156,158.12899780273438,90.56338500976562,277.9862976074219
2020-12-07,120.5815200805664,206.00460815429688,157.89999389648438,90.22917938232422,283.83026123046875
2020-12-08,121.19537353515625,207.6581268310547,158.864501953125,89.94612884521484,281.66363525390625
2020-12-09,118.66194152832031,203.6109161376953,155.2100067138672,88.28409576416016,276.2171936035156
2020-12-10,120.08456420898438,202.38038635253906,155.07449340820312,87.77708435058594,275.4220886230469
2020-12-11,119.27581787109375,205.01446533203125,155.8209991455078,88.13213348388672,271.87396240234375
2020-12-14,118.66194152832031,205.91810607910156,157.84849548339844,87.01286315917969,272.5100402832031
2020-12-15,124.60577392578125,205.85079956054688,158.25599670410156,87.45083618164062,273.8616943359375
2020-12-16,124.53755950927734,210.8016815185547,162.04800415039062,87.2576675415039,273.9809875488281
2020-12-17,125.4047622680664,210.936279296875,161.8040008544922,86.42938232421875,272.79827880859375
2020-12-18,123.41699981689453,210.1383514404297,160.08250427246094,85.71977996826172,274.70648193359375
2020-12-21,124.94679260253906,213.98370361328125,160.3090057373047,86.13392639160156,271.11865234375
2020-12-22,128.5033721923828,215.28147888183594,160.3260040283203,85.42183685302734,265.4535217285156
2020-12-23,127.60688781738281,212.47442626953125,159.2635040283203,85.81959533691406,266.4673156738281
2020-12-24,128.59104919433594,214.13751220703125,158.63450622558594,86.11405944824219,265.76165771484375
2020-12-25,128.59104919433594,214.13751220703125,158.63450622558594,86.11405944824219,265.76165771484375
2020-12-28,133.19020080566406,216.26211547851562,164.197998046875,88.09043884277344,275.3028259277344
2020-12-29,131.416748046875,215.48336791992188,166.10000610351562,87.2859878540039,275.08416748046875
2020-12-30,130.29624938964844,213.10890197753906,164.29249572753906,86.21784973144531,270.2042541503906
2020-12-31,129.2926025390625,213.82028198242188,162.84649658203125,87.03173828125,271.486328125
2021-01-01,129.2926025390625,213.82028198242188,162.84649658203125,87.03173828125,271.486328125
2021-01-04,126.09659576416016,209.27316284179688,159.3314971923828,85.71532440185547,267.2922668457031
2021-01-05,127.65559387207031,209.47503662109375,160.92550659179688,86.40655517578125,269.3097839355469
2021-01-06,123.35853576660156,204.04348754882812,156.91900634765625,85.55391693115234,261.69671630859375
2021-01-07,127.5678939819336,209.8499755859375,158.10800170898438,88.10930633544922,267.0934143066406
2021-01-08,128.6689910888672,211.12857055664062,159.13499450683594,89.2757568359375,265.9306640625
2021-01-11,125.67760467529297,209.0809326171875,155.7104949951172,87.21298217773438,255.26634216308594
2021-01-12,125.502197265625,206.619873046875,156.04150390625,86.27643585205078,249.5515899658203
2021-01-13,127.5387191772461,207.97532653808594,158.29449462890625,86.76409149169922,250.09820556640625
2021-01-14,125.60938262939453,204.78372192382812,156.37350463867188,85.95317077636719,244.13499450683594
2021-01-15,123.88471221923828,204.42799377441406,155.21249389648438,85.789306640625,249.81993103027344
2021-01-18,123.88471221923828,204.42799377441406,155.21249389648438,85.789306640625,249.81993103027344
2021-01-19,124.55704498291016,208.07147216796875,156.03799438476562,88.61233520507812,259.5002746582031
2021-01-20,128.64950561523438,215.666015625,163.16900634765625,93.3595962524414,265.8411560058594
2021-01-21,133.3655548095703,216.2716522216797,165.34950256347656,93.56218719482422,271.1981506347656
2021-01-22,135.50930786132812,217.2138214111328,164.6114959716797,93.97982025146484,272.81817626953125
2021-01-25,139.26068115234375,220.65538024902344,164.6999969482422,94.06522369384766,276.306640625
2021-01-26,139.4945068359375,223.34710693359375,166.30650329589844,94.7440414428711,280.3219299316406
2021-01-27,138.42266845703125,223.8950958251953,161.62899780273438,90.32402801513672,270.47259521484375
2021-01-28,133.5799102783203,229.69187927246094,161.88099670410156,92.02529907226562,263.3763732910156
2021-01-29,128.58131408691406,222.99142456054688,160.30999755859375,90.74214172363281,256.74725341796875
2021-02-01,130.70545959472656,230.38406372070312,167.1439971923828,94.00514221191406,260.4046630859375
2021-02-02,131.53367614746094,230.24951171875,169.0,95.29871368408203,265.4436340332031
2021-02-03,130.51058959960938,233.6045379638672,165.62649536132812,102.23884582519531,265.0162353515625
2021-02-04,133.87225341796875,232.65284729003906,166.5500030517578,101.9781494140625,264.8572082519531
2021-02-05,133.45751953125,232.8354949951172,167.6074981689453,103.72608947753906,266.4573669433594
2021-02-08,133.6038818359375,233.09507751464844,166.14700317382812,103.51206970214844,264.9466552734375
2021-02-09,132.7256317138672,234.3448028564453,165.25,103.05870056152344,267.79913330078125
2021-02-10,132.12057495117188,233.4315185546875,164.32899475097656,103.60939025878906,270.2042541503906
2021-02-11,131.86688232421875,235.03700256347656,163.10650634765625,103.72212219238281,268.7333679199219
2021-02-12,132.10108947753906,235.51766967773438,163.885498046875,104.03396606445312,268.8426208496094
2021-02-15,132.10108947753906,235.51766967773438,163.885498046875,104.03396606445312,268.8426208496094
2021-02-16,129.9737091064453,234.2775115966797,163.44749450683594,104.81210327148438,272.2914123535156
2021-02-17,127.68047332763672,235.29891967773438,165.4320068359375,105.20539093017578,271.8938293457031
2021-02-18,126.5777816772461,234.9037628173828,166.4114990234375,104.56927490234375,267.7394714355469
2021-02-19,126.73387908935547,232.18658447265625,162.4949951171875,103.72509765625,259.95745849609375
2021-02-22,122.95735931396484,225.96205139160156,159.03700256347656,102.00942993164062,258.7348937988281
2021-02-23,122.82073974609375,224.7672576904297,159.72500610351562,102.30042266845703,264.2310791015625
2021-02-24,122.32305145263672,226.0006103515625,157.97650146484375,103.47681427001953,262.69061279296875
2021-02-25,118.0683364868164,220.64329528808594,152.85800170898438,100.1070556640625,253.1295166015625
2021-02-26,118.3318099975586,223.90972900390625,154.64649963378906,100.40300750732422,256.0415344238281
2021-03-01,124.70414733886719,228.30348205566406,157.3070068359375,102.77415466308594,263.2868957519531
2021-03-02,122.09859466552734,225.34535217285156,154.72650146484375,102.51692199707031,257.41314697265625
2021-03-03,119.11249542236328,219.26541137695312,150.25,99.88160705566406,253.84510803222656
2021-03-04,117.22909545898438,218.4656524658203,148.8784942626953,100.9999008178711,256.0614929199219
2021-03-05,118.48795318603516,223.1581268310547,150.0229949951172,104.13526153564453,262.6607666015625
2021-03-08,113.55014038085938,219.1016082763672,147.59750366210938,99.68743133544922,253.7457275390625
2021-03-09,118.1659164428711,225.25869750976562,153.1425018310547,101.31919860839844,264.11181640625
2021-03-10,117.08272552490234,223.9482421875,152.8820037841797,101.11212158203125,263.2769775390625
2021-03-11,119.01490783691406,228.48655700683594,155.67950439453125,104.30757904052734,272.20196533203125
2021-03-12,118.10738372802734,227.15682983398438,154.47450256347656,101.79789733886719,266.7554931640625
2021-03-15,120.99588775634766,226.25112915039062,154.08399963378906,102.01837158203125,272.0727233886719
2021-03-16,122.53772735595703,229.0453643798828,154.59300231933594,103.48078155517578,277.5688171386719
2021-03-17,121.74730682373047,228.3998260498047,156.7864990234375,103.39785766601562,282.2698974609375
2021-03-18,117.61943054199219,222.31019592285156,151.39950561523438,100.37471008300781,276.9129333496094
2021-03-19,117.09247589111328,221.95370483398438,153.7480010986328,100.6537857055664,288.33251953125
2021-03-22,120.41039276123047,227.3881378173828,155.5435028076172,100.83900451660156,291.74151611328125
2021-03-23,119.58091735839844,228.92018127441406,156.875,101.36736297607422,288.8493347167969
2021-03-24,117.1900634765625,226.87744140625,154.35350036621094,100.93037414550781,280.4113464355469
2021-03-25,117.6780014038086,223.8711395263672,152.31300354003906,100.9269027709961,277.03216552734375
2021-03-26,118.28302764892578,227.8602294921875,152.60150146484375,100.54305267333984,281.2859191894531
2021-03-29,118.45867156982422,226.6654510498047,153.7864990234375,101.58882904052734,289.0381774902344
2021-03-30,117.004638671875,223.39903259277344,152.76449584960938,101.62259674072266,286.23541259765625
2021-03-31,119.2003173828125,227.17613220214844,154.70399475097656,102.41960144042969,292.72540283203125
2021-04-01,120.0298080444336,233.51629638671875,158.0500030517578,105.75956726074219,296.830078125
2021-04-02,120.0298080444336,233.51629638671875,158.0500030517578,105.75956726074219,296.830078125
2021-04-05,122.85977172851562,239.99134826660156,161.3365020751953,110.18801879882812,307.0173034667969
2021-04-06,123.16229248046875,238.82545471191406,161.1909942626953,109.70633697509766,304.3835754394531
2021-04-07,124.81148529052734,240.7911376953125,163.96949768066406,111.18464660644531,311.17169189453125
2021-04-08,127.2120590209961,244.01895141601562,164.96499633789062,111.75074005126953,311.10211181640625
2021-04-09,129.78834533691406,246.52423095703125,168.61000061035156,112.75580596923828,310.5455627441406
2021-04-12,128.07081604003906,246.58201599121094,168.96949768066406,111.46223449707031,309.6312255859375
2021-04-13,131.1837615966797,249.06797790527344,170.0,111.94937133789062,307.8621520996094
2021-04-14,128.84173583984375,246.27369689941406,166.64999389648438,111.3276596069336,300.9646301269531
2021-04-15,131.25210571289062,250.04116821289062,168.95449829101562,113.47981262207031,305.93402099609375
2021-04-16,130.92034912109375,251.23594665527344,169.9720001220703,113.35567474365234,304.3040771484375
2021-04-19,131.58387756347656,249.308837890625,168.60049438476562,113.70377349853516,300.38818359375
2021-04-20,129.89566040039062,248.84634399414062,166.7344970703125,113.16995239257812,300.7956848144531
2021-04-21,130.27622985839844,251.0818328857422,168.1009979248047,113.13719177246094,299.6229248046875
2021-04-22,128.75392150878906,247.79612731933594,165.45199584960938,111.85453033447266,294.7032470703125
2021-04-23,131.07643127441406,251.6310272216797,167.04400634765625,114.20880126953125,299.28497314453125
2021-04-26,131.46678161621094,252.0164031982422,170.4499969482422,114.70536804199219,301.18328857421875
2021-04-27,131.144775390625,252.42111206054688,170.8715057373047,113.76435852050781,301.71002197265625
2021-04-28,130.35430908203125,245.28123474121094,172.9250030517578,117.14405059814453,305.2184143066406
2021-04-29,130.2567138671875,243.3059539794922,173.5655059814453,118.81849670410156,327.4911193847656
2021-04-30,128.28546142578125,242.98797607421875,173.37100219726562,116.86893463134766,323.08819580078125
2021-05-03,129.33941650390625,242.67965698242188,169.32449340820312,116.35150909423828,320.603515625
2021-05-04,124.76268768310547,238.7579803466797,165.593505859375,114.55142974853516,316.409423828125
2021-05-05,125.00664520263672,237.486083984375,163.52699279785156,114.94571685791016,313.08990478515625
2021-05-06,126.60702514648438,240.62733459472656,165.31849670410156,116.06697845458984,318.05926513671875
2021-05-07,127.28152465820312,243.25778198242188,164.58050537109375,116.79097747802734,317.1249694824219
2021-05-10,123.99708557128906,238.17022705078125,159.52450561523438,113.80260467529297,304.0953063964844
2021-05-11,123.07823944091797,237.2548370361328,161.19549560546875,112.72552490234375,304.65191650390625
2021-05-12,120.00885009765625,230.2884063720703,157.5970001220703,109.25892639160156,300.6963195800781
2021-05-13,122.15938568115234,234.17149353027344,158.07350158691406,110.68856811523438,303.3896789550781
2021-05-14,124.5835952758789,239.1048583984375,161.14500427246094,113.13867950439453,314.00421142578125
2021-05-17,123.43013000488281,236.2430877685547,163.51950073242188,113.66206359863281,313.5271911621094
2021-05-18,122.04206848144531,234.21969604492188,161.61399841308594,112.34861755371094,308.0608825683594
2021-05-19,121.88568115234375,234.79917907714844,161.58999633789062,112.79703521728516,311.6686706542969
2021-05-20,124.44674682617188,238.0441436767578,162.38400268554688,114.55738830566406,316.6578674316406
2021-05-21,122.6090316772461,236.77899169921875,160.1540069580078,113.9207763671875,314.2924499511719
2021-05-24,124.241455078125,242.1969757080078,162.24949645996094,117.24337005615234,322.6410217285156
2021-05-25,124.04595947265625,243.10476684570312,162.95249938964844,117.334228515625,325.7816162109375
2021-05-26,123.99708557128906,242.88267517089844,163.25799560546875,118.20027160644531,325.6524658203125
2021-05-27,122.46240997314453,240.77731323242188,161.5054931640625,117.3248062133789,330.71124267578125
2021-05-28,121.80747985839844,241.13461303710938,161.15350341796875,117.03528594970703,326.7159423828125
2021-05-31,121.80747985839844,241.13461303710938,161.15350341796875,117.03528594970703,326.7159423828125
2021-06-01,121.48489379882812,238.9326629638672,160.9324951171875,118.24346160888672,327.1134338378906
2021-06-02,122.24734497070312,238.83607482910156,161.69949340820312,117.71759033203125,327.13330078125
2021-06-03,120.76154327392578,237.300537109375,159.35049438476562,116.57496643066406,324.0423583984375
2021-06-04,123.05867767333984,242.2066650390625,160.31100463867188,118.85871887207031,328.32598876953125
2021-06-07,123.0684585571289,245.123291015625,159.90049743652344,119.29222869873047,334.51776123046875
2021-06-08,123.88957977294922,243.9257049560547,163.20550537109375,119.10054779052734,331.6355285644531
2021-06-09,124.27079010009766,244.91082763671875,164.0574951171875,119.57229614257812,328.2265625
2021-06-10,123.27374267578125,248.43589782714844,167.4824981689453,120.9224853515625,330.4229736328125
2021-06-11,124.48583221435547,249.06370544433594,167.3415069580078,120.67767333984375,329.23040771484375
2021-06-14,127.54542541503906,250.99517822265625,169.19349670410156,121.60677337646484,334.70660400390625
2021-06-15,126.72435760498047,249.5175323486328,169.156494140625,120.5877914428711,334.686767578125
2021-06-16,127.22284698486328,248.57110595703125,170.7624969482422,119.94522857666016,329.0514831542969
2021-06-17,128.8259735107422,251.97061157226562,174.46200561523438,120.90958404541016,334.4482116699219
2021-06-18,127.5259017944336,250.55096435546875,174.34500122070312,119.28825378417969,327.64019775390625
2021-06-21,129.32447814941406,253.64141845703125,172.697998046875,120.97809600830078,330.25408935546875
2021-06-22,130.9667205810547,256.4228210449219,175.27200317382812,121.49254608154297,336.9527587890625
2021-06-23,130.6929931640625,256.19110107421875,175.1909942626953,121.29045104980469,338.50323486328125
2021-06-24,130.40956115722656,257.5624694824219,172.45399475097656,121.66089630126953,341.07733154296875
2021-06-25,130.11630249023438,255.9495849609375,170.072998046875,121.66932678222656,339.2784423828125
2021-06-28,131.74876403808594,259.5229797363281,172.1945037841797,121.69664764404297,353.4610290527344
2021-06-29,133.26385498046875,262.1112365722656,172.40699768066406,121.4349594116211,349.7340393066406
2021-06-30,133.87973022460938,261.6282958984375,172.00799560546875,121.25321197509766,345.57958984375
2021-07-01,134.18272399902344,262.30438232421875,171.64849853515625,121.60577392578125,352.2187194824219
2021-07-02,136.81224060058594,268.1473693847656,175.5489959716797,124.3995132446289,352.5268249511719
2021-07-05,136.81224060058594,268.1473693847656,175.5489959716797,124.3995132446289,352.5268249511719
2021-07-06,138.82591247558594,268.1570129394531,183.78700256347656,125.32560729980469,350.6185607910156
2021-07-07,141.31854248046875,270.3492736816406,184.82899475097656,125.607666015625,348.3425598144531
2021-07-08,140.01846313476562,267.92523193359375,186.57049560546875,124.18746948242188,343.5322265625
2021-07-09,141.8463897705078,268.4273681640625,185.9669952392578,124.65872192382812,348.27301025390625
2021-07-12,141.25013732910156,267.8286437988281,185.92750549316406,126.10574340820312,350.9962463378906
2021-07-13,142.36448669433594,271.3633728027344,183.8679962158203,126.46922302246094,349.93280029296875
2021-07-14,145.7955322265625,272.84100341796875,184.08399963378906,127.35859680175781,345.5000915527344
2021-07-15,145.140625,271.4116516113281,181.55999755859375,126.13501739501953,342.3495178222656
2021-07-16,143.09762573242188,271.1412048339844,178.68150329589844,126.10028076171875,339.0697326660156
2021-07-19,139.24623107910156,267.52923583984375,177.47950744628906,123.72465515136719,334.8855285644531
2021-07-20,142.86302185058594,269.76019287109375,178.6595001220703,125.34497833251953,339.566650390625
2021-07-21,142.12986755371094,271.7689514160156,179.25999450683594,126.67530059814453,344.10870361328125
2021-07-22,143.49838256835938,276.3467712402344,181.90150451660156,127.54183197021484,349.0382385253906
2021-07-23,145.2187957763672,279.7560119628906,182.83200073242188,132.10386657714844,367.5242919921875
2021-07-26,145.63914489746094,279.15716552734375,184.99099731445312,133.1168670654297,370.177978515625
2021-07-27,143.4690704345703,276.73309326171875,181.3195037841797,130.9965057373047,365.55645751953125
2021-07-28,141.71934509277344,276.4240417480469,181.51600646972656,135.16175842285156,370.9928894042969
2021-07-29,142.36448669433594,276.6944885253906,179.99600219726562,134.84742736816406,356.12457275390625
2021-07-30,142.57955932617188,275.15887451171875,166.37950134277344,133.8036346435547,354.1169738769531
2021-08-02,142.24720764160156,275.07196044921875,166.57400512695312,133.93077087402344,349.7936706542969
2021-08-03,144.04580688476562,277.29315185546875,168.31199645996094,134.70094299316406,349.08795166015625
2021-08-04,143.64505004882812,276.7040710449219,167.73599243164062,134.19992065429688,356.7209167480469
2021-08-05,143.75257873535156,279.6111145019531,168.79949951171875,135.31820678710938,360.7461242675781
2021-08-06,143.06727600097656,279.5531311035156,167.2469940185547,134.80868530273438,361.2828063964844
2021-08-09,143.01832580566406,278.4618225097656,167.093505859375,135.9751739501953,359.3944091796875
2021-08-10,142.53863525390625,276.636474609375,166.03399658203125,135.8699188232422,358.9173278808594
2021-08-11,142.7931671142578,277.1290588378906,164.60549926757812,135.34552001953125,357.7544860839844
2021-08-12,145.7594757080078,279.8910827636719,165.1750030517578,136.25424194335938,360.42803955078125
2021-08-13,145.9650115966797,282.8271789550781,164.69850158691406,136.78407287597656,360.9548034667969
2021-08-16,147.9425506591797,284.51727294921875,164.94949340820312,137.36209106445312,364.3141174316406
2021-08-17,147.03213500976562,283.0492248535156,162.09800720214844,135.72537231445312,356.2537841796875
2021-08-18,143.28268432617188,281.3172302246094,160.06100463867188,134.52120971679688,353.272216796875
2021-08-19,143.6155242919922,287.16168212890625,159.3874969482422,134.75062561035156,352.9441833496094
2021-08-20,145.07415771484375,294.505859375,159.99749755859375,136.4881591796875,357.16815185546875
2021-08-23,146.56219482421875,294.7864685058594,163.2935028076172,139.0822296142578,361.123779296875
2021-08-24,146.47410583496094,292.82232666015625,165.28900146484375,140.29388427734375,363.27056884765625
2021-08-25,145.24061584472656,292.2320251464844,164.95899963378906,141.1057891845703,366.1329345703125
2021-08-26,144.43785095214844,289.4065856933594,165.8000030517578,140.47166442871094,362.1474609375
2021-08-27,145.47555541992188,290.01611328125,167.48150634765625,143.01759338378906,370.346923828125
2021-08-30,149.9005126953125,293.7608642578125,171.07850646972656,143.60008239746094,378.3277282714844
2021-08-31,148.6376190185547,292.1062316894531,173.5395050048828,143.70632934570312,377.0555725097656
2021-09-01,149.30331420898438,292.0578308105469,173.9499969482422,144.22079467773438,379.70916748046875
2021-09-02,150.41937255859375,291.3998718261719,173.156005859375,142.30551147460938,372.9806823730469
2021-09-03,151.0557098388672,291.3901672363281,173.90249633789062,142.7549285888672,373.9547119140625
2021-09-06,151.0557098388672,291.3901672363281,173.90249633789062,142.7549285888672,373.9547119140625
2021-09-07,153.39549255371094,290.46124267578125,175.46449279785156,143.2921905517578,379.8383483886719
2021-09-08,151.84869384765625,290.49029541015625,176.27499389648438,142.70672607421875,375.25665283203125
2021-09-09,150.83053588867188,287.6260986328125,174.20799255371094,142.55776977539062,375.6839904785156
2021-09-10,145.83778381347656,286.135986328125,173.45750427246094,139.91102600097656,376.3697814941406
2021-09-13,146.40557861328125,287.37451171875,172.85850524902344,141.35755920410156,374.2031555175781
2021-09-14,145.00564575195312,290.0838928222656,172.5,141.5680694580078,374.2230224609375
2021-09-15,145.89651489257812,294.9510498046875,173.7895050048828,143.440185546875,371.6290283203125
2021-09-16,145.66156005859375,295.3380432128906,174.41200256347656,142.62628173828125,370.7742614746094
2021-09-17,142.9889373779297,290.1612854003906,173.12600708007812,139.83554077148438,362.4853820800781
2021-09-20,139.9345703125,284.7716979980469,167.7864990234375,137.76930236816406,353.52069091796875
2021-09-21,140.4142608642578,285.25543212890625,167.18150329589844,138.0806427001953,355.2897644042969
2021-09-22,142.7833709716797,288.91302490234375,169.00250244140625,139.32257080078125,341.10711669921875
2021-09-23,143.74276733398438,289.8612976074219,170.8000030517578,140.24868774414062,343.8403015136719
2021-09-24,143.8308868408203,289.6581726074219,171.2760009765625,141.24085998535156,350.79742431640625
2021-09-27,142.31349182128906,284.6458435058594,170.2899932861328,140.10568237304688,351.41363525390625
2021-09-28,138.9261932373047,274.3406677246094,165.79800415039062,134.8995819091797,338.5628662109375
2021-09-29,139.82693481445312,274.8050842285156,165.05599975585938,133.43319702148438,337.52923583984375
2021-09-30,138.52481079101562,272.7925109863281,164.2519989013672,132.76031494140625,337.31060791015625
2021-10-01,139.65065002441406,279.739990234375,164.16299438476562,135.6077117919922,340.90838623046875
2021-10-04,136.21444702148438,273.9439392089844,159.48899841308594,132.74395751953125,324.2312316894531
2021-10-05,138.14305114746094,279.4110107421875,161.0500030517578,135.09127807617188,330.9199523925781
2021-10-06,139.0143585205078,283.6200866699219,163.10049438476562,136.62271118164062,331.5958251953125
2021-10-07,140.27720642089844,285.3038635253906,165.1215057373047,138.27134704589844,327.2029113769531
2021-10-08,139.89540100097656,285.3038635253906,164.43099975585938,138.82797241210938,328.02777099609375
2021-10-11,139.80728149414062,284.7038879394531,162.31500244140625,137.96246337890625,323.4560241699219
2021-10-12,138.53460693359375,283.3975830078125,162.3665008544922,135.5143585205078,321.7862548828125
2021-10-13,137.94725036621094,286.7165222167969,164.21400451660156,136.63958740234375,322.55157470703125
2021-10-14,140.7373046875,292.94805908203125,164.9929962158203,140.18414306640625,326.5171203613281
2021-10-15,141.7946319580078,294.36077880859375,170.4510040283203,140.39964294433594,322.77020263671875
2021-10-18,143.46865844726562,297.341064453125,172.33700561523438,141.79998779296875,333.2854309082031
2021-10-19,145.63217163085938,298.2506408691406,172.20750427246094,142.25584411621094,337.90692138671875
2021-10-20,146.12168884277344,297.4571533203125,170.7530059814453,140.79791259765625,338.6920471191406
2021-10-21,146.3370361328125,300.69866943359375,171.75050354003906,140.91409301757812,339.78533935546875
2021-10-22,145.56365966796875,299.15057373046875,166.77749633789062,136.62420654296875,322.62109375
2021-10-25,145.5146942138672,298.1539001464844,166.01849365234375,136.50552368164062,326.6761169433594
2021-10-26,146.180419921875,300.0696716308594,168.80349731445312,138.354248046875,313.8750305175781
2021-10-27,145.72030639648438,312.7069091796875,169.62449645996094,145.21592712402344,310.3070068359375
2021-10-28,149.36209106445312,313.8487243652344,172.32850646972656,144.84994506835938,314.978271484375
2021-10-29,146.6503448486328,320.88330078125,168.6215057373047,147.0319366455078,321.5874938964844
2021-11-01,145.8280029296875,318.7062072753906,165.90550231933594,142.51406860351562,327.9582824707031
2021-11-02,146.86570739746094,322.3444519042969,165.6374969482422,144.43629455566406,326.0698547363281
2021-11-03,148.3048095703125,323.1863098144531,169.1999969482422,145.5938262939453,329.58819580078125
2021-11-04,147.7859344482422,325.54730224609375,173.85000610351562,147.2518768310547,333.79229736328125
2021-11-05,148.3153533935547,325.1795654296875,175.94949340820312,147.83241271972656,339.0399169921875
2021-11-08,147.4918212890625,326.0794372558594,174.44900512695312,148.01014709472656,336.5452880859375
2021-11-09,147.85455322265625,325.0731201171875,178.81149291992188,147.89845275878906,333.3152160644531
2021-11-10,145.0211639404297,320.08990478515625,174.1024932861328,144.89414978027344,325.6325988769531
2021-11-11,144.97218322753906,321.6671447753906,173.625,144.7680206298828,325.7319030761719
2021-11-12,147.05062866210938,325.8182373046875,176.25750732421875,147.6595916748047,338.8013610839844
2021-11-15,147.0604705810547,325.18927001953125,177.28399658203125,147.43511962890625,345.4305725097656
2021-11-16,148.0408477783203,328.517822265625,177.03500366210938,146.8630828857422,340.85870361328125
2021-11-17,150.48204040527344,328.7408142089844,177.4499969482422,147.0328826904297,338.68206787109375
2021-11-18,154.7762451171875,330.8250427246094,184.80299377441406,148.8121337890625,336.6148986816406
2021-11-19,157.4036865234375,332.6087646484375,183.82850646972656,147.9063720703125,343.184326171875
2021-11-22,157.86448669433594,329.4290466308594,178.6284942626953,145.29983520507812,338.920654296875
2021-11-23,158.246826171875,327.34490966796875,179.0019989013672,144.7834014892578,335.1837158203125
2021-11-24,158.7664337158203,327.5678405761719,179.02049255371094,145.11911010742188,338.9703674316406
2021-11-25,158.7664337158203,327.5678405761719,179.02049255371094,145.11911010742188,338.9703674316406
2021-11-26,153.73699951171875,319.58978271484375,175.22799682617188,141.20907592773438,331.0790100097656
2021-11-29,157.09976196289062,326.3270568847656,178.07850646972656,144.53363037109375,335.9588928222656
2021-11-30,162.06060791015625,320.4718933105469,175.35350036621094,140.925537109375,322.4720458984375
2021-12-01,161.54100036621094,319.9775085449219,172.18600463867188,140.08529663085938,308.6969909667969
2021-12-02,160.55076599121094,319.4055480957031,171.8679962158203,141.98670959472656,308.48822021484375
2021-12-03,158.66839599609375,313.1238708496094,169.489501953125,141.02880859375,304.9599914550781
2021-12-06,162.08026123046875,316.2065734863281,171.36849975585938,142.17440795898438,315.9223937988281
2021-12-07,167.82534790039062,324.66937255859375,176.1645050048828,146.26072692871094,320.8321838378906
2021-12-08,171.64892578125,324.7178649902344,176.1580047607422,147.17141723632812,328.53466796875
2021-12-09,171.13912963867188,322.9051208496094,174.17100524902344,146.627197265625,327.7992248535156
2021-12-10,175.93333435058594,332.05621337890625,172.21200561523438,146.98768615722656,327.7296447753906
2021-12-13,172.29600524902344,329.01226806640625,169.5675048828125,144.82762145996094,332.44061279296875
2021-12-14,170.91363525390625,318.2908020019531,169.0915069580078,142.92124938964844,331.6951599121094
2021-12-15,175.78622436523438,324.4076843261719,173.31500244140625,145.43788146972656,339.566650390625
2021-12-16,168.88421630859375,314.9560546875,168.87100219726562,143.45558166503906,332.8480224609375
2021-12-17,167.78616333007812,313.88970947265625,170.0175018310547,140.7541961669922,331.744873046875
2021-12-20,166.42337036132812,310.1187438964844,167.07899475097656,140.6370086669922,323.4560241699219
2021-12-21,169.59991455078125,317.2728271484375,170.41700744628906,142.48974609375,332.15240478515625
2021-12-22,172.19796752929688,323.0020446777344,171.03700256347656,145.4120635986328,328.42535400390625
2021-12-23,172.82542419433594,324.4464416503906,171.06849670410156,145.91015625,333.18597412109375
2021-12-24,172.82542419433594,324.4464416503906,171.06849670410156,145.91015625,333.18597412109375
2021-12-27,176.7960205078125,331.96893310546875,169.66949462890625,146.8933563232422,344.0589599609375
2021-12-28,175.7764434814453,330.8056335449219,170.66099548339844,145.68222045898438,344.0987243652344
2021-12-29,175.8646697998047,331.4842834472656,169.2010040283203,145.65042114257812,340.8388366699219
2021-12-30,174.70779418945312,328.9347229003906,168.64450073242188,145.19903564453125,342.2500915527344
2021-12-31,174.0901336669922,326.0265197753906,166.7169952392578,143.85980224609375,334.2892150878906
2022-01-03,178.44314575195312,324.5046081542969,170.4044952392578,143.99832153320312,336.4658203125
2022-01-04,176.17840576171875,318.9402160644531,167.52200317382812,143.41038513183594,334.4681396484375
2022-01-05,171.49205017089844,306.6968994140625,164.35699462890625,136.8312530517578,322.183837890625
2022-01-06,168.62930297851562,304.27337646484375,163.25399780273438,136.803955078125,330.4229736328125
2022-01-07,168.79598999023438,304.4284973144531,162.5540008544922,136.0784454345703,329.7571716308594
2022-01-10,168.81556701660156,304.6513977050781,161.48599243164062,137.71961975097656,326.0599060058594
2022-01-11,171.64892578125,305.33966064453125,165.36199951171875,138.77880859375,332.3213195800781
2022-01-12,172.09011840820312,308.52899169921875,165.20700073242188,140.46170043945312,331.2181396484375
2022-01-13,168.81556701660156,295.47125244140625,161.21400451660156,137.63771057128906,324.4797058105469
2022-01-14,169.67831420898438,300.70599365234375,162.13800048828125,138.5250701904297,329.8664855957031
2022-01-17,169.67831420898438,300.70599365234375,162.13800048828125,138.5250701904297,329.8664855957031
2022-01-18,166.47239685058594,293.3870849609375,158.91749572753906,135.0664520263672,316.20068359375
2022-01-19,162.97238159179688,294.0462341308594,156.2989959716797,134.1909637451172,317.6319274902344
2022-01-20,161.28607177734375,292.3691711425781,151.66749572753906,132.39437866210938,314.6204833984375
2022-01-21,159.22723388671875,286.9697265625,142.64300537109375,129.4586181640625,301.3125305175781
2022-01-24,158.4527130126953,287.29931640625,144.54400634765625,129.90802001953125,306.81854248046875
2022-01-25,156.64874267578125,279.66046142578125,139.98599243164062,126.06551361083984,298.31103515625
2022-01-26,156.56053161621094,287.62884521484375,138.87249755859375,128.34776306152344,292.8247985839844
2022-01-27,156.0997314453125,290.6630554199219,139.6374969482422,128.121337890625,292.8348083496094
2022-01-28,166.9920196533203,298.82537841796875,143.97799682617188,132.43756103515625,299.8614196777344
2022-01-31,171.35482788085938,301.4620666503906,149.57350158691406,134.37667846679688,311.3407287597656
2022-02-01,171.1881561279297,299.3101501464844,151.19349670410156,136.70115661621094,317.0455017089844
2022-02-02,172.39407348632812,303.8661804199219,150.6125030517578,146.98622131347656,321.02099609375
2022-02-03,169.5116424560547,292.0299072265625,138.8455047607422,142.10984802246094,236.3032684326172
2022-02-04,169.2270050048828,296.576416015625,157.63949584960938,142.3114471435547,235.6373748779297
2022-02-07,168.5103759765625,291.7390441894531,157.9355010986328,138.24749755859375,223.531982421875
2022-02-08,171.6222381591797,295.2386169433594,161.4134979248047,138.44415283203125,218.8309783935547
2022-02-09,173.04562377929688,301.6850891113281,161.1894989013672,140.62210083007812,230.5785675048828
2022-02-10,168.96192932128906,293.1253356933594,159.0034942626953,137.67047119140625,226.67263793945312
2022-02-11,165.54580688476562,286.0099182128906,153.2935028076172,133.36268615722656,218.20481872558594
2022-02-14,165.78138732910156,285.9712219238281,155.16700744628906,134.59767150878906,216.3661651611328
2022-02-15,169.61961364746094,291.2737731933594,156.510498046875,135.67276000976562,219.6459503173828
2022-02-16,169.3840789794922,290.9338073730469,158.10049438476562,136.79452514648438,215.2132568359375
2022-02-17,165.78138732910156,282.4146423339844,154.65249633789062,131.63111877441406,206.43739318847656
2022-02-18,164.2303924560547,279.69476318359375,152.60150146484375,129.509765625,204.89688110351562
2022-02-21,164.2303924560547,279.69476318359375,152.60150146484375,129.509765625,204.89688110351562
2022-02-22,161.30506896972656,279.4906921386719,150.19749450683594,128.92430114746094,200.8418731689453
2022-02-23,157.133056640625,272.2538146972656,144.82699584960938,126.71403503417969,197.234130859375
2022-02-24,159.75404357910156,286.1642150878906,151.35800170898438,131.78208923339844,206.3280487060547
2022-02-25,161.8253173828125,288.806396484375,153.7884979248047,133.53848266601562,209.19039916992188
2022-02-28,162.09039306640625,290.2441711425781,153.56300354003906,134.1318817138672,209.73704528808594
2022-03-01,160.20559692382812,286.5139465332031,151.14199829101562,133.1431884765625,202.24325561523438
2022-03-02,163.5039520263672,291.60406494140625,152.05250549316406,133.64971923828125,206.83493041992188
2022-03-03,163.18002319335938,287.4561767578125,147.89849853515625,132.98231506347656,201.7263946533203
2022-03-04,160.17613220214844,281.5694885253906,145.64100646972656,131.00294494628906,198.83425903320312
2022-03-07,156.3771514892578,270.93267822265625,137.4530029296875,125.51283264160156,186.32139587402344
2022-03-08,154.5513153076172,267.96026611328125,136.01449584960938,126.2338638305664,189.1240997314453
2022-03-09,159.96018981933594,280.2483825683594,139.2790069580078,132.506103515625,197.2838134765625
2022-03-10,155.61146545410156,277.4216613769531,146.8175048828125,131.5223846435547,194.01397705078125
2022-03-11,151.8909912109375,272.0596008300781,145.52450561523438,128.9809112548828,186.4605255126953
2022-03-14,147.85641479492188,268.53338623046875,141.85299682617188,125.08824920654297,185.48654174804688
2022-03-15,152.24436950683594,278.93701171875,147.3665008544922,128.31300354003906,190.85345458984375
2022-03-16,156.66184997558594,285.969970703125,153.10400390625,132.3675537109375,202.3823699951172
2022-03-17,157.67294311523438,286.7762145996094,157.23899841308594,132.92222595214844,206.56658935546875
2022-03-18,160.97128295898438,291.8371887207031,161.25050354003906,135.1930694580078,215.16357421875
2022-03-21,162.34561157226562,290.603515625,161.4915008544922,135.1692352294922,210.19422912597656
2022-03-22,165.72251892089844,295.3633728027344,164.88900756835938,138.909912109375,215.32257080078125
2022-03-23,167.0869903564453,290.924072265625,163.4080047607422,137.3283233642578,212.1521453857422
2022-03-24,170.8761749267578,295.4022216796875,163.64950561523438,140.60226440429688,218.22471618652344
2022-03-25,171.51422119140625,294.9942321777344,164.77349853515625,140.70254516601562,220.46092224121094
2022-03-28,172.37808227539062,301.8134460449219,168.99049377441406,140.48655700683594,222.22007751464844
2022-03-29,175.6764678955078,306.3887634277344,169.31500244140625,141.52935791015625,228.45166015625
2022-03-30,174.50828552246094,304.8830261230469,166.30099487304688,140.9662322998047,226.45399475097656
2022-03-31,171.4062957763672,299.49188232421875,162.99749755859375,138.1149139404297,220.9976043701172
2022-04-01,171.11175537109375,300.570068359375,163.55999755859375,139.19049072265625,223.47238159179688
2022-04-04,175.16598510742188,305.9613037109375,168.34649658203125,141.99217224121094,232.45697021484375
2022-04-05,171.8479766845703,301.9883117675781,164.05499267578125,139.6279754638672,230.41952514648438
2022-04-06,168.67724609375,290.9338073730469,158.75599670410156,135.61265563964844,221.93186950683594
2022-04-07,168.98158264160156,292.7502746582031,157.7845001220703,134.9576873779297,221.58396911621094
2022-04-08,166.9691925048828,288.47613525390625,154.4604949951172,132.37449645996094,220.9677734375
2022-04-11,162.70883178710938,277.10107421875,151.1219940185547,127.94108581542969,215.13375854492188
2022-04-12,164.58377075195312,273.99261474609375,150.78750610351562,126.83967590332031,212.82797241210938
2022-04-13,167.27349853515625,279.3935852050781,155.54100036621094,129.00424194335938,213.67279052734375
2022-04-14,162.2572479248047,271.8263854980469,151.7064971923828,125.86193084716797,208.89224243164062
2022-04-15,162.2572479248047,271.8263854980469,151.7064971923828,125.86193084716797,208.89224243164062
2022-04-18,162.04129028320312,272.4967041015625,152.78500366210938,126.80192565917969,209.4786376953125
2022-04-19,164.3285369873047,277.1399841308594,158.11549377441406,129.1184539794922,215.97854614257812
2022-04-20,164.16168212890625,278.16961669921875,153.9980010986328,127.16294860839844,199.1920166015625
2022-04-21,163.36651611328125,272.7782897949219,148.29600524902344,123.95954132080078,186.91769409179688
2022-04-22,158.8214874267578,266.1922912597656,144.35000610351562,118.81600952148438,182.9819793701172
2022-04-25,159.8914794921875,272.6910095214844,146.07400512695312,122.23095703125,185.84434509277344
2022-04-26,153.9230194091797,262.4912414550781,139.39100646972656,117.83726501464844,179.84132385253906
2022-04-27,153.69725036621094,275.11944580078125,138.16700744628906,113.51160430908203,173.8780975341797
2022-04-28,160.6375274658203,281.3460998535156,144.59649658203125,117.71064758300781,204.46949768066406
2022-04-29,154.75743103027344,269.5823669433594,124.28150177001953,113.3278579711914,199.2417449951172
2022-05-02,155.06175231933594,276.3337097167969,124.5,115.784423828125,209.83641052246094
2022-05-03,156.55386352539062,273.7206726074219,124.25350189208984,116.53028106689453,210.73089599609375
2022-05-04,162.97386169433594,281.68609619140625,125.92849731445312,121.42353057861328,222.04116821289062
2022-05-05,153.89356994628906,269.4172668457031,116.40699768066406,115.70745086669922,207.00387573242188
2022-05-06,154.62106323242188,266.8722839355469,114.77249908447266,114.95365142822266,202.52151489257812
2022-05-09,149.4893341064453,257.0125427246094,108.78900146484375,111.74031829833984,195.00784301757812
2022-05-10,151.8979034423828,261.7918701171875,108.85900115966797,113.61140441894531,196.4390106201172
2022-05-11,144.02333068847656,253.09779357910156,105.37200164794922,112.8243408203125,187.58360290527344
2022-05-12,140.14990234375,248.04656982421875,106.93049621582031,112.07103729248047,190.0683135986328
2022-05-13,144.62301635742188,253.6515655517578,113.05500030517578,115.25556945800781,197.403076171875
2022-05-16,143.07957458496094,254.02061462402344,110.81050109863281,113.66106414794922,198.8143768310547
2022-05-17,146.71702575683594,259.18853759765625,115.36849975585938,115.67517852783203,201.37857055664062
2022-05-18,138.4393310546875,247.3877410888672,107.11250305175781,111.13301086425781,191.06216430664062
2022-05-19,135.0280303955078,246.4724884033203,107.31900024414062,109.62789154052734,190.1179656982422
2022-05-20,135.26393127441406,245.9077606201172,107.59100341796875,108.1619873046875,192.3542022705078
2022-05-23,140.69064331054688,253.7847137451172,107.55699920654297,110.72432708740234,195.0277099609375
2022-05-24,137.98712158203125,252.78179931640625,104.0999984741211,105.24412536621094,180.1693115234375
2022-05-25,138.14442443847656,255.6053924560547,106.7750015258789,105.08025360107422,182.7036895751953
2022-05-26,141.3493194580078,258.8963928222656,111.07749938964844,107.05414581298828,190.4558868408203
2022-05-27,147.1102294921875,266.0429992675781,115.14649963378906,111.5471420288086,193.93446350097656
2022-05-30,147.1102294921875,266.0429992675781,115.14649963378906,111.5471420288086,193.93446350097656
2022-05-31,146.32374572753906,264.70916748046875,120.20950317382812,112.98274993896484,192.45358276367188
2022-06-01,146.19595336914062,265.24468994140625,121.68399810791016,113.11186218261719,187.4842071533203
2022-06-02,148.6536865234375,267.34783935546875,125.51100158691406,116.81680297851562,197.6416015625
2022-06-03,142.9222869873047,262.9078369140625,122.3499984741211,113.75641632080078,189.61109924316406
2022-06-06,143.66941833496094,261.67132568359375,124.79000091552734,116.02030181884766,193.05982971191406
2022-06-07,146.19595336914062,265.3226318359375,123.0,116.3470458984375,194.45127868652344
2022-06-08,145.45863342285156,263.2876281738281,121.18000030517578,116.39124298095703,195.43521118164062
2022-06-09,140.2285614013672,257.81561279296875,116.1500015258789,114.04890441894531,182.8726348876953
2022-06-10,134.8116912841797,246.32643127441406,109.6500015258789,110.40005493164062,174.4943084716797
2022-06-13,129.65048217773438,235.87905883789062,103.66999816894531,105.66372680664062,163.2535858154297
2022-06-14,130.5155792236328,238.0503387451172,102.30999755859375,105.9845199584961,162.72683715820312
2022-06-15,133.14048767089844,245.12881469726562,107.66999816894531,109.01263427734375,168.3124237060547
2022-06-16,127.86126708984375,238.51768493652344,103.66000366210938,105.30718994140625,159.8843536376953
2022-06-17,129.33587646484375,241.12709045410156,106.22000122070312,106.40958404541016,162.73678588867188
2022-06-20,129.33587646484375,241.12709045410156,106.22000122070312,106.40958404541016,162.73678588867188
2022-06-21,133.57298278808594,247.0566864013672,108.68000030517578,110.77993774414062,156.0877685546875
2022-06-22,133.06182861328125,246.4627685546875,108.94999694824219,110.72383117675781,154.89512634277344
2022-06-23,135.9324493408203,252.04185485839844,112.44000244140625,111.47314453125,157.77732849121094
2022-06-24,139.26513671875,260.6490478515625,116.45999908447266,117.16688537597656,169.11744689941406
2022-06-27,139.26513671875,257.9129943847656,113.22000122070312,115.0400619506836,168.45156860351562
2022-06-28,135.11647033691406,249.7245330810547,107.4000015258789,111.2402572631836,159.6955108642578
2022-06-29,136.87620544433594,253.4049835205078,108.91999816894531,110.93636322021484,162.935546875
2022-06-30,134.40866088867188,250.06529235839844,106.20999908447266,108.21662139892578,160.2620391845703
2022-07-01,136.58128356933594,252.7428741455078,109.55999755859375,107.99266815185547,159.04953002929688
2022-07-04,136.58128356933594,252.7428741455078,109.55999755859375,107.99266815185547,159.04953002929688
2022-07-05,139.1668243408203,255.9268035888672,113.5,112.48717498779297,167.1595001220703
2022-07-06,140.50384521484375,259.19818115234375,114.33000183105469,113.78719329833984,168.7298126220703
2022-07-07,143.87583923339844,261.33056640625,116.33000183105469,117.96935272216797,171.13502502441406
2022-07-08,144.55418395996094,260.61004638671875,115.54000091552734,118.53594970703125,169.83302307128906
2022-07-11,142.42086791992188,257.5429992675781,111.75,114.8841323852539,161.8820343017578
2022-07-12,143.39414978027344,246.988525390625,109.22000122070312,113.2394790649414,162.26966857910156
2022-07-13,143.0303955078125,246.0635528564453,110.4000015258789,110.59074401855469,162.48831176757812
2022-07-14,145.9600372314453,247.3877410888672,110.62999725341797,109.61151123046875,157.08163452148438
2022-07-15,147.6312713623047,249.95819091796875,113.55000305175781,111.01183319091797,163.69090270996094
2022-07-18,144.5836944580078,247.55325317382812,113.76000213623047,108.28315734863281,166.20538330078125
2022-07-19,148.44725036621094,252.6942138671875,118.20999908447266,113.0304183959961,174.7030029296875
2022-07-20,150.45272827148438,255.3620147705078,122.7699966430664,113.11980438232422,181.9682159423828
2022-07-21,152.7237091064453,257.8642883300781,124.62999725341797,113.55679321289062,182.0477294921875
2022-07-22,151.48501586914062,253.50230407714844,122.41999816894531,107.16090393066406,168.23291015625
2022-07-25,150.36428833007812,252.01258850097656,121.13999938964844,106.77357482910156,165.62893676757812
2022-07-26,149.037109375,245.26516723632812,114.80999755859375,104.30062866210938,158.17489624023438
2022-07-27,154.1393585205078,261.66162109375,120.97000122070312,112.28555297851562,168.5409698486328
2022-07-28,154.6898651123047,269.1296081542969,122.27999877929688,113.4376220703125,159.7352752685547
2022-07-29,159.7626495361328,273.34552001953125,134.9499969482422,115.52323150634766,158.12522888183594
2022-08-01,158.77955627441406,270.68743896484375,135.38999938964844,114.07322692871094,158.95010375976562
2022-08-02,157.304931640625,267.5815124511719,134.16000366210938,114.34137725830078,159.2085418701172
2022-08-03,163.32147216796875,275.0299377441406,139.52000427246094,117.27117156982422,167.76576232910156
2022-08-04,163.00686645507812,276.1789245605469,142.57000732421875,117.38041687011719,169.52493286132812
2022-08-05,162.78045654296875,275.4583740234375,140.8000030517578,116.66535186767578,166.08609008789062
2022-08-08,162.30789184570312,272.93658447265625,139.41000366210938,116.49651336669922,169.20687866210938
2022-08-09,162.3571319580078,274.8644104003906,137.8300018310547,115.83110046386719,167.49742126464844
2022-08-10,166.61001586914062,281.5437316894531,142.69000244140625,118.88006591796875,177.24729919433594
2022-08-11,165.87164306640625,279.4600830078125,140.63999938964844,118.02595520019531,176.40255737304688
2022-08-12,169.425537109375,284.2213134765625,143.5500030517578,120.84650421142578,179.39407348632812
2022-08-15,170.4986114501953,285.7402648925781,143.17999267578125,121.24376678466797,179.78167724609375
2022-08-16,170.34107971191406,285.00030517578125,144.77999877929688,120.86636352539062,178.3704071044922
2022-08-17,171.83746337890625,284.24896240234375,142.10000610351562,118.7311019897461,173.77871704101562
2022-08-18,171.44369506835938,283.1268615722656,142.3000030517578,119.34685516357422,173.5898895263672
2022-08-19,168.85458374023438,279.2044372558594,138.22999572753906,116.4071273803711,166.93093872070312
2022-08-22,164.96592712402344,271.0083312988281,133.22000122070312,113.45748138427734,162.051025390625
2022-08-23,164.63124084472656,269.7301025390625,133.6199951171875,113.080078125,160.12289428710938
2022-08-24,164.9265594482422,269.0959167480469,133.8000030517578,112.91123962402344,162.2596893310547
2022-08-25,167.38772583007812,272.08160400390625,137.27999877929688,115.85096740722656,167.74588012695312
2022-08-26,161.0773162841797,261.582763671875,130.75,109.58418273925781,160.7887725830078
2022-08-29,158.87216186523438,258.7922058105469,129.7899932861328,108.67048645019531,158.1947784423828
2022-08-30,156.44052124023438,256.58709716796875,128.72999572753906,108.19377899169922,156.19708251953125
2022-08-31,154.77679443359375,255.12347412109375,126.7699966430664,107.47871398925781,161.93174743652344
2022-09-01,155.5052947998047,254.0794219970703,127.81999969482422,108.98829650878906,164.34686279296875
2022-09-02,153.38868713378906,249.84478759765625,127.51000213623047,107.11124420166016,159.33775329589844
2022-09-05,153.38868713378906,249.84478759765625,127.51000213623047,107.11124420166016,159.33775329589844
2022-09-06,152.1285858154297,247.10299682617188,126.11000061035156,106.07836151123047,157.56861877441406
2022-09-07,153.53639221191406,251.8255157470703,129.47999572753906,108.70027923583984,159.4073028564453
2022-09-08,152.05967712402344,252.24508666992188,129.82000732421875,107.63761138916016,161.0670623779297
2022-09-09,154.92445373535156,258.0409240722656,133.27000427246094,109.8920669555664,168.11361694335938
2022-09-12,160.89027404785156,260.1777038574219,136.4499969482422,110.10063171386719,167.92478942871094
2022-09-13,151.44927978515625,245.87353515625,126.81999969482422,103.60542297363281,152.19178771972656
2022-09-14,152.89646911621094,246.0979766845703,128.5500030517578,104.28076171875,150.54196166992188
2022-09-15,150.00213623046875,239.4239959716797,126.27999877929688,102.20509338378906,148.6337127685547
2022-09-16,148.3581085205078,238.79954528808594,123.52999877929688,102.09584045410156,145.3936767578125
2022-09-19,152.079345703125,238.58489990234375,124.66000366210938,102.36398315429688,147.1130828857422
2022-09-20,154.4617462158203,236.5651092529297,122.19000244140625,100.44720458984375,145.19493103027344
2022-09-21,151.33116149902344,233.1501007080078,118.54000091552734,98.5999526977539,141.24923706054688
2022-09-22,150.36639404296875,235.13082885742188,117.30999755859375,99.45406341552734,141.94493103027344
2022-09-23,148.09228515625,232.1450958251953,113.77999877929688,98.06364440917969,139.54971313476562
2022-09-26,148.4270477294922,231.6864776611328,115.1500015258789,97.4975357055664,135.5344696044922
2022-09-27,149.40162658691406,230.6717071533203,114.41000366210938,96.83213806152344,133.5765380859375
2022-09-28,147.51145935058594,235.21864318847656,118.01000213623047,99.36467742919922,140.7423858642578
2022-09-29,140.265869140625,231.73532104492188,114.80000305175781,96.752685546875,135.57423400878906
2022-09-30,136.05233764648438,227.24693298339844,113.0,94.99481201171875,134.84869384765625
2022-10-03,140.23631286621094,234.89666748046875,115.87999725341797,97.9643325805664,137.76075744628906
2022-10-04,143.82957458496094,242.83908081054688,121.08999633789062,100.94378662109375,139.42050170898438
2022-10-05,144.12489318847656,243.1512908935547,120.94999694824219,100.73522186279297,138.12847900390625
2022-10-06,143.1699981689453,240.79977416992188,120.30000305175781,100.72528076171875,138.2179412841797
2022-10-07,137.91297912597656,228.55441284179688,114.55999755859375,98.00405883789062,132.63235473632812
2022-10-10,138.23785400390625,223.68556213378906,113.66999816894531,97.18966674804688,132.9702606201172
2022-10-11,136.82020568847656,219.93873596191406,112.20999908447266,96.51432800292969,127.75244140625
2022-10-12,136.19017028808594,220.27047729492188,112.9000015258789,96.8917236328125,126.71882629394531
2022-10-13,140.76792907714844,228.55441284179688,112.52999877929688,98.3814468383789,129.49171447753906
2022-10-14,136.2295684814453,223.0122833251953,106.9000015258789,95.8985824584961,125.98334503173828
2022-10-17,140.19696044921875,231.76454162597656,113.79000091552734,99.28521728515625,133.21875
2022-10-18,141.51612854003906,232.7110137939453,116.36000061035156,100.0797348022461,131.98635864257812
2022-10-19,141.6243896484375,230.74002075195312,115.06999969482422,98.94754791259766,132.4136962890625
2022-10-20,141.16168212890625,230.41802978515625,115.25,99.28521728515625,130.72413635253906
2022-10-21,144.98143005371094,236.2431182861328,119.31999969482422,100.43727111816406,129.2134246826172
2022-10-24,147.1275177001953,241.24864196777344,119.81999969482422,101.8177490234375,128.9252166748047
2022-10-25,149.97259521484375,244.5758514404297,120.5999984741211,103.76433563232422,136.66746520996094
2022-10-26,147.0290985107422,225.70529174804688,115.66000366210938,94.27973175048828,129.0246124267578
2022-10-27,142.54978942871094,221.24623107910156,110.95999908447266,91.58831024169922,97.33992767333984
2022-10-28,153.3197784423828,230.1448516845703,103.41000366210938,95.63042449951172,98.59219360351562
2022-10-31,150.9570770263672,226.49563598632812,102.44000244140625,93.86262512207031,92.58922576904297
2022-11-01,148.30885314941406,222.63172912597656,96.79000091552734,89.85029602050781,94.61671447753906
2022-11-02,142.77618408203125,214.75762939453125,92.12000274658203,86.37427520751953,89.98526000976562
2022-11-03,136.72177124023438,209.0496063232422,89.30000305175781,82.8585205078125,88.3652572631836
2022-11-04,136.45556640625,216.01632690429688,90.9800033569336,85.9869384765625,90.2337417602539
2022-11-07,136.98802185058594,222.33901977539062,90.52999877929688,87.88385772705078,96.12741088867188
2022-11-08,137.5599365234375,223.31472778320312,89.9800033569336,88.29104614257812,95.87893676757812
2022-11-09,132.99436950683594,219.06060791015625,86.13999938964844,86.72186279296875,100.84830474853516
2022-11-10,144.82748413085938,237.08226013183594,96.62999725341797,93.29651641845703,111.18457794189453
2022-11-11,147.61810302734375,241.11204528808594,100.79000091552734,95.74959564208984,112.32752990722656
2022-11-14,146.21786499023438,235.68698120117188,98.48999786376953,95.0444564819336,113.52017974853516
2022-11-15,147.95338439941406,236.09678649902344,98.94000244140625,97.76570129394531,116.3626480102539
2022-11-16,146.72076416015625,236.5272979736328,97.12000274658203,98.17288970947266,112.5362548828125
2022-11-17,148.6239013671875,236.4783935546875,94.8499984741211,97.68624877929688,110.76715087890625
2022-11-18,149.18601989746094,236.0282745361328,94.13999938964844,96.76262664794922,111.36347961425781
2022-11-21,145.95159912109375,236.84043884277344,92.45999908447266,94.94514465332031,109.1868896484375
2022-11-22,148.09146118164062,239.75625610351562,93.19999694824219,96.3852310180664,110.75721740722656
2022-11-23,148.96905517578125,242.2514190673828,94.12999725341797,97.78556060791016,111.55230712890625
2022-11-24,148.96905517578125,242.2514190673828,94.12999725341797,97.78556060791016,111.55230712890625
2022-11-25,146.05026245117188,242.16334533691406,93.41000366210938,96.79240417480469,110.72740173339844
2022-11-28,142.21437072753906,236.556640625,93.94999694824219,95.39207458496094,108.11351776123047
2022-11-29,139.20675659179688,235.15745544433594,92.41999816894531,94.53797149658203,108.78934478759766
2022-11-30,145.9713592529297,249.64866638183594,96.54000091552734,100.2982406616211,117.37639617919922
2022-12-01,146.24745178222656,249.2083740234375,95.5,100.2982406616211,119.70207214355469
2022-12-02,145.75437927246094,249.5312957763672,94.12999725341797,99.75200653076172,122.73338317871094
2022-12-05,144.5908203125,244.8149871826172,91.01000213623047,98.798583984375,121.67987823486328
2022-12-06,140.92254638671875,239.84434509277344,88.25,96.31570434570312,113.42079162597656
2022-12-07,138.9799346923828,239.11048889160156,88.45999908447266,94.28968048095703,113.23194885253906
2022-12-08,140.66615295410156,242.0752410888672,90.3499984741211,93.06809997558594,114.62338256835938
2022-12-09,140.1829833984375,240.1378631591797,89.08999633789062,92.19412994384766,115.18988800048828
2022-12-12,142.4805908203125,247.07530212402344,90.55000305175781,92.67083740234375,114.00717163085938
2022-12-13,143.44691467285156,251.390380859375,92.48999786376953,94.9749526977539,119.41385650634766
2022-12-14,141.21836853027344,251.6839141845703,91.58000183105469,94.41879272460938,120.84503173828125
2022-12-15,134.6016845703125,243.65060424804688,88.44999694824219,90.23762512207031,115.4383544921875
2022-12-16,132.63934326171875,239.4236297607422,87.86000061035156,89.64173889160156,118.69825744628906
2022-12-19,130.52911376953125,235.2748565673828,84.91999816894531,87.83419799804688,113.77859497070312
2022-12-20,130.46011352539062,236.59579467773438,85.19000244140625,88.41022491455078,116.37258911132812
2022-12-21,133.56626892089844,239.169189453125,86.7699966430664,88.96639251708984,119.02623748779297
2022-12-22,130.3910675048828,233.06350708007812,83.79000091552734,87.15885925292969,116.40242004394531
2022-12-23,130.02621459960938,233.5918731689453,85.25,88.61878967285156,117.3167724609375
2022-12-26,130.02621459960938,233.5918731689453,85.25,88.61878967285156,117.3167724609375
2022-12-27,128.2216796875,231.8599853515625,83.04000091552734,86.79139709472656,116.16387939453125
2022-12-28,124.28716278076172,229.48228454589844,81.81999969482422,85.43077087402344,114.91160583496094
2022-12-29,127.80752563476562,235.8228302001953,84.18000030517578,87.84413146972656,119.52317810058594
2022-12-30,128.12303161621094,234.65843200683594,84.0,87.62564086914062,119.6026840209961
2023-01-02,128.12303161621094,234.65843200683594,84.0,87.62564086914062,119.6026840209961
2023-01-03,123.33063507080078,234.42359924316406,85.81999969482422,88.50953674316406,123.9757308959961
2023-01-04,124.60269927978516,224.1691436767578,85.13999938964844,87.47666931152344,126.58961486816406
2023-01-05,123.28133392333984,217.5252685546875,83.12000274658203,85.60953521728516,126.16223907470703
2023-01-06,127.8173828125,220.08888244628906,86.08000183105469,86.7417221069336,129.223388671875
2023-01-09,128.34002685546875,222.23175048828125,87.36000061035156,87.41706848144531,128.67674255371094
2023-01-10,128.9119415283203,223.92453002929688,89.87000274658203,87.81433868408203,132.17520141601562
2023-01-11,131.63356018066406,230.69558715820312,95.08999633789062,90.8930892944336,132.07579040527344
2023-01-12,131.55467224121094,233.3766326904297,95.2699966430664,90.50577545166016,135.8723907470703
2023-01-13,132.88589477539062,234.0811309814453,98.12000274658203,91.4889907836914,136.1407012939453
2023-01-16,132.88589477539062,234.0811309814453,98.12000274658203,91.4889907836914,136.1407012939453
2023-01-17,134.0494842529297,235.17701721191406,96.05000305175781,90.6646728515625,134.53065490722656
2023-01-18,133.3296356201172,230.73475646972656,95.45999908447266,90.495849609375,132.2050018310547
2023-01-19,133.3887939453125,226.938232421875,93.68000030517578,92.41262817382812,135.31581115722656
2023-01-20,135.95262145996094,235.04977416992188,97.25,97.34857940673828,138.51608276367188
2023-01-23,139.14756774902344,237.3590087890625,97.5199966430664,99.1064453125,142.3922119140625
2023-01-24,140.54783630371094,236.8306121826172,96.31999969482422,97.03076171875,142.26300048828125
2023-01-25,139.8871612548828,235.43141174316406,97.18000030517578,94.56775665283203,140.633056640625
2023-01-26,141.95794677734375,242.66236877441406,99.22000122070312,96.85199737548828,146.3975067138672
2023-01-27,143.90054321289062,242.81895446777344,102.23999786376953,98.6893310546875,150.81031799316406
2023-01-30,141.0113067626953,237.4862060546875,100.55000305175781,96.27598571777344,146.1589813232422
2023-01-31,142.2833709716797,242.4764404296875,103.12999725341797,98.16295623779297,148.05726623535156
2023-02-01,143.40748596191406,247.3101348876953,105.1500015258789,99.74207305908203,152.1818389892578
2023-02-02,148.72251892089844,258.9050598144531,112.91000366210938,107.00199127197266,187.61341857910156
2023-02-03,152.3513641357422,252.7895965576172,103.38999938964844,104.06227111816406,185.3871307373047
2023-02-06,149.619873046875,251.2435760498047,102.18000030517578,102.19515228271484,184.92002868652344
2023-02-07,152.49929809570312,261.8013916015625,102.11000061035156,106.90267181396484,190.44593811035156
2023-02-08,149.80722045898438,260.9892272949219,100.05000305175781,98.6893310546875,182.30613708496094
2023-02-09,148.7718505859375,257.9461669921875,98.23999786376953,94.35920715332031,176.8298797607422
2023-02-10,149.1372833251953,257.4373474121094,97.61000061035156,93.92221069335938,173.08297729492188
2023-02-13,151.94204711914062,265.4804382324219,99.54000091552734,93.96192932128906,178.3306427001953
2023-02-14,151.3000946044922,266.3121643066406,99.69999694824219,94.03146362304688,178.38034057617188
2023-02-15,153.4036865234375,264.1835632324219,101.16000366210938,96.27598571777344,176.07455444335938
2023-02-16,151.8037567138672,257.1502990722656,98.1500015258789,94.85577392578125,171.38345336914062
2023-02-17,150.65817260742188,253.13829040527344,97.19999694824219,93.70372009277344,171.82078552246094
2023-02-20,150.65817260742188,253.13829040527344,97.19999694824219,93.70372009277344,171.82078552246094
2023-02-21,146.63861083984375,247.85107421875,94.58000183105469,91.16126251220703,171.0256805419922
2023-02-22,147.0633087158203,246.71324157714844,95.79000091552734,91.022216796875,170.07156372070312
2023-02-23,147.5472412109375,249.9110565185547,95.81999969482422,90.26741790771484,170.98590087890625
2023-02-24,144.89060974121094,244.46688842773438,93.5,88.51947784423828,169.3460235595703
2023-02-27,146.0855712890625,245.3889617919922,93.76000213623047,89.25440216064453,168.50123596191406
2023-02-28,145.58192443847656,244.66307067871094,94.2300033569336,89.44310760498047,173.86814880371094
2023-03-01,143.50794982910156,241.5731658935547,92.16999816894531,89.74105072021484,172.35748291015625
2023-03-02,144.10052490234375,246.3208465576172,92.12999725341797,91.36981201171875,173.46066284179688
2023-03-03,149.1570281982422,250.42112731933594,94.9000015258789,93.00851440429688,184.11497497558594
2023-03-06,151.92227172851562,251.9709930419922,93.75,94.47837829589844,183.7671356201172
2023-03-07,149.71994018554688,249.3028564453125,93.55000305175781,93.2170639038086,183.37950134277344
2023-03-08,150.97418212890625,248.86143493652344,93.91999816894531,93.60440063476562,183.83670043945312
2023-03-09,148.72250366210938,247.50779724121094,92.25,91.68761444091797,180.57679748535156
2023-03-10,146.65838623046875,243.84889221191406,90.7300033569336,90.00919342041016,178.41015625
2023-03-13,148.60394287109375,249.07725524902344,92.43000030517578,90.48591613769531,179.79165649414062
2023-03-14,150.6976318359375,255.81622314453125,94.87999725341797,93.32632446289062,192.8312530517578
2023-03-15,151.0926971435547,260.3775329589844,96.19999694824219,95.45166015625,196.53839111328125
2023-03-16,153.91726684570312,270.932373046875,100.04000091552734,99.63282775878906,203.6743927001953
2023-03-17,153.07778930664062,274.1007385253906,98.94999694824219,100.92391967773438,194.41151428222656
2023-03-20,155.447998046875,267.0380554199219,97.70999908447266,100.52666473388672,196.5980224609375
2023-03-21,157.3046875,268.55853271484375,100.61000061035156,104.20130920410156,200.92138671875
2023-03-22,155.8726806640625,267.096923828125,98.69999694824219,102.66193389892578,198.5857696533203
2023-03-23,156.9590301513672,272.3644714355469,98.70999908447266,104.87664794921875,203.0283966064453
2023-03-24,158.26266479492188,275.218994140625,98.12999725341797,104.71775817871094,204.74777221679688
2023-03-27,156.3170928955078,271.1089172363281,98.04000091552734,101.7581558227539,201.5972137451172
2023-03-28,155.69488525390625,269.9808654785156,97.23999786376953,100.33796691894531,199.45042419433594
2023-03-29,158.77622985839844,275.16015625,100.25,100.69549560546875,204.0918426513672
2023-03-30,160.3465118408203,278.63262939453125,102.0,100.19891357421875,206.56658935546875
2023-03-31,162.85498046875,282.8015441894531,103.29000091552734,103.01947021484375,210.6414794921875
2023-04-03,164.10926818847656,281.7519836425781,102.41000366210938,103.64514923095703,211.76455688476562
2023-04-04,163.57595825195312,281.702880859375,103.94999694824219,104.00269317626953,213.40443420410156
2023-04-05,161.72914123535156,278.91705322265625,101.0999984741211,103.75439453125,210.1842803955078
2023-04-06,162.6179962158203,286.03857421875,102.05999755859375,107.6773452758789,214.77598571777344
2023-04-07,162.6179962158203,286.03857421875,102.05999755859375,107.6773452758789,214.77598571777344
2023-04-10,160.02056884765625,283.8707580566406,102.16999816894531,105.71090698242188,213.43423461914062
2023-04-11,158.80584716796875,277.4358825683594,99.91999816894531,104.62836456298828,212.53976440429688
2023-04-12,158.11453247070312,278.0832824707031,97.83000183105469,103.92323303222656,212.68885803222656
2023-04-13,163.50680541992188,284.3121643066406,102.4000015258789,106.69412231445312,218.9999542236328
2023-04-14,163.1611785888672,280.6827697753906,102.51000213623047,108.12425994873047,220.13294982910156
2023-04-17,163.18092346191406,283.2919921875,102.73999786376953,105.24412536621094,217.51905822753906
2023-04-18,164.40554809570312,282.8702087402344,102.30000305175781,103.78418731689453,216.5550079345703
2023-04-19,165.55116271972656,282.9486999511719,104.30000305175781,103.46638488769531,214.37840270996094
2023-04-20,164.5832977294922,280.65325927734375,103.80999755859375,104.56877899169922,211.76455688476562
2023-04-21,162.97354125976562,280.3100280761719,106.95999908447266,104.68795776367188,211.58563232421875
2023-04-24,163.27967834472656,276.3960876464844,106.20999908447266,105.24412536621094,211.4862518310547
2023-04-25,161.739013671875,270.1672668457031,102.56999969482422,103.13864135742188,206.27838134765625
2023-04-26,161.72914123535156,289.7366943359375,104.9800033569336,102.99960327148438,208.11700439453125
2023-04-27,166.3214874267578,299.0162658691406,109.81999969482422,106.85301971435547,237.0983428955078
2023-04-28,167.5757293701172,301.3999938964844,105.44999694824219,106.60472869873047,238.8475799560547
2023-05-01,167.48683166503906,299.73236083984375,102.05000305175781,106.4656982421875,241.6900634765625
2023-05-02,166.4498748779297,299.5852355957031,103.62999725341797,104.59857177734375,237.77420043945312
2023-05-03,165.37335205078125,298.5944519042969,103.6500015258789,104.68795776367188,235.57772827148438
2023-05-04,163.7339630126953,299.5852355957031,104.0,103.97288513183594,232.08924865722656
2023-05-05,171.41748046875,304.7253112792969,105.66000366210938,104.84686279296875,231.353759765625
2023-05-08,171.34835815429688,302.763427734375,105.83000183105469,107.03178405761719,231.8407745361328
2023-05-09,169.63980102539062,301.1448974609375,106.62000274658203,106.61466979980469,231.94015502929688
2023-05-10,171.4075927734375,306.3536071777344,110.19000244140625,110.98453521728516,231.6519317626953
2023-05-11,171.59524536132812,304.195556640625,112.18000030517578,115.7715072631836,234.3453369140625
2023-05-12,170.66563415527344,303.0773620605469,110.26000213623047,116.705078125,232.37747192382812
2023-05-15,170.17112731933594,303.5579833984375,111.19999694824219,115.71192932128906,237.39651489257812
2023-05-16,170.17112731933594,305.79449462890625,113.4000015258789,118.69137573242188,237.35678100585938
2023-05-17,170.78428649902344,308.6847839355469,115.5,120.01226806640625,241.00430297851562
2023-05-18,173.11825561523438,313.1282043457031,118.1500015258789,121.98863983154297,245.3375701904297
2023-05-19,173.22705078125,312.9513244628906,116.25,121.91912078857422,244.13499450683594
2023-05-22,172.27761840820312,315.7431945800781,115.01000213623047,124.19343566894531,246.79855346679688
2023-05-23,169.66677856445312,309.9234313964844,114.98999786376953,121.7204818725586,245.22825622558594
2023-05-24,169.94369506835938,308.5372619628906,116.75,120.07186126708984,247.68312072753906
2023-05-25,171.0810089111328,320.4029846191406,115.0,122.6341781616211,251.14178466796875
2023-05-26,173.4940643310547,327.2549743652344,120.11000061035156,123.75643157958984,260.43450927734375
2023-05-29,173.4940643310547,327.2549743652344,120.11000061035156,123.75643157958984,260.43450927734375
2023-05-30,175.34341430664062,325.60333251953125,121.66000366210938,122.82288360595703,260.91156005859375
2023-05-31,175.29397583007812,322.8311767578125,120.58000183105469,122.02835845947266,263.09808349609375
2023-06-01,178.1026153564453,326.9501953125,122.7699966430664,122.8725357055664,270.9397277832031
2023-06-02,178.9531707763672,329.72247314453125,124.25,123.8160171508789,270.9397277832031
2023-06-05,177.5982666015625,330.25335693359375,125.30000305175781,125.1468505859375,269.72723388671875
2023-06-06,177.2323455810547,328.0315856933594,126.61000061035156,126.43794250488281,269.4588623046875
2023-06-07,175.85768127441406,317.9059753417969,121.2300033569336,121.66089630126953,261.98492431640625
2023-06-08,178.5773468017578,319.754150390625,124.25,121.30335998535156,262.9589538574219
2023-06-09,178.96304321289062,321.25823974609375,123.43000030517578,121.39273834228516,263.32666015625
2023-06-12,181.76181030273438,326.23260498046875,126.56999969482422,122.7930679321289,269.3892822265625
2023-06-13,181.287109375,328.63128662109375,126.66000366210938,122.98178100585938,269.6576843261719
2023-06-14,181.92002868652344,331.629638671875,126.41999816894531,122.82288360595703,271.6752014160156
2023-06-15,183.95729064941406,342.20751953125,127.11000061035156,124.23314666748047,280.10321044921875
2023-06-16,182.87933349609375,336.5351867675781,125.48999786376953,122.683837890625,279.2783508300781
2023-06-19,182.87933349609375,336.5351867675781,125.48999786376953,122.683837890625,279.2783508300781
2023-06-20,182.9683380126953,332.3276062011719,125.77999877929688,122.25677490234375,282.587890625
2023-06-21,181.929931640625,327.9136047363281,124.83000183105469,119.72425079345703,279.9144592285156
2023-06-22,184.93638610839844,333.95953369140625,130.14999389648438,122.30644226074219,283.134521484375
2023-06-23,184.61988830566406,329.3489074707031,129.3300018310547,121.50198364257812,286.9609375
2023-06-26,183.22544860839844,323.0376281738281,127.33000183105469,117.52938079833984,276.7638244628906
2023-06-27,185.98468017578125,328.9065246582031,129.17999267578125,117.51946258544922,285.2912292480469
2023-06-28,187.1615447998047,330.1648864746094,129.0399932861328,119.35678100585938,283.54205322265625
2023-06-29,187.497802734375,329.37841796875,127.9000015258789,118.2841796875,279.8050537109375
2023-06-30,191.8294677734375,334.77545166015625,130.36000061035156,118.88006591796875,285.2216796875
2023-07-03,190.3361358642578,332.2686462402344,130.22000122070312,119.07870483398438,284.2675476074219
2023-07-04,190.3361358642578,332.2686462402344,130.22000122070312,119.07870483398438,284.2675476074219
2023-07-05,189.21859741210938,332.4258728027344,130.3800048828125,120.9160385131836,292.56640625
2023-07-06,189.6933135986328,335.49310302734375,128.36000061035156,119.28726959228516,290.2009582519531
2023-07-07,188.5757598876953,331.51165771484375,129.77999877929688,118.66158294677734,288.7499694824219
2023-07-10,186.52862548828125,326.212890625,127.12999725341797,115.65232849121094,292.2980651855469
2023-07-11,186.00445556640625,326.84210205078125,128.77999877929688,116.33760070800781,296.4624328613281
2023-07-12,187.6758270263672,331.49200439453125,130.8000030517578,118.11534118652344,307.4447021484375
2023-07-13,188.43731689453125,336.8595886230469,134.3000030517578,123.68692779541016,311.48974609375
2023-07-14,188.58566284179688,339.3959045410156,134.67999267578125,124.56088256835938,306.9775695800781
2023-07-17,191.8492431640625,339.8776550292969,133.55999755859375,123.7961654663086,308.7168273925781
2023-07-18,191.5921173095703,353.4046325683594,132.8300018310547,122.9122543334961,310.1380920410156
2023-07-19,192.94700622558594,349.0693359375,135.36000061035156,121.1941146850586,314.0738830566406
2023-07-20,190.9987335205078,340.9983215332031,129.9600067138672,118.38349914550781,300.6664733886719
2023-07-21,189.82186889648438,337.9507751464844,130.0,119.1978759765625,292.4570617675781
2023-07-24,190.6229248046875,339.2680969238281,128.8000030517578,120.6975326538086,289.82330322265625
2023-07-25,191.48333740234375,345.03875732421875,129.1300048828125,121.37287902832031,292.6658020019531
2023-07-26,192.35362243652344,332.0523986816406,128.14999389648438,128.384521484375,296.74072265625
2023-07-27,191.08775329589844,325.1217041015625,128.25,128.5136260986328,309.8002014160156
2023-07-28,193.6689453125,332.6422119140625,132.2100067138672,131.67184448242188,323.4858093261719
2023-07-31,194.2821044921875,330.2336730957031,133.67999267578125,131.81089782714844,316.6479797363281
2023-08-01,193.45138549804688,330.6465759277344,131.69000244140625,130.64889526367188,320.7327575683594
2023-08-02,190.45480346679688,321.9561767578125,128.2100067138672,127.5006103515625,312.3842468261719
2023-08-03,189.06036376953125,321.13043212890625,128.91000366210938,127.57012939453125,311.2711181640625
2023-08-04,179.98167419433594,322.23150634765625,139.57000732421875,127.23246002197266,308.826171875
2023-08-07,176.87635803222656,324.5220031738281,142.22000122070312,130.6290283203125,314.6204833984375
2023-08-08,177.81585693359375,320.53076171875,139.94000244140625,130.49990844726562,310.7244873046875
2023-08-09,176.22361755371094,316.7754211425781,137.85000610351562,128.77183532714844,303.3399963378906
2023-08-10,176.0060272216797,317.46356201171875,138.55999755859375,128.80166625976562,303.86669921875
2023-08-11,176.06544494628906,315.57611083984375,138.41000366210938,128.6725311279297,299.7918701171875
2023-08-14,177.71926879882812,318.5548095703125,140.57000732421875,130.43040466308594,304.3139953613281
2023-08-15,175.72874450683594,316.4116516113281,137.6699981689453,128.89100646972656,300.10003662109375
2023-08-16,174.85728454589844,315.643310546875,135.07000732421875,127.81842803955078,292.48687744140625
2023-08-17,172.31219482421875,312.1755676269531,133.97999572753906,129.03005981445312,283.34326171875
2023-08-18,172.79747009277344,311.781494140625,133.22000122070312,126.5869140625,281.5145568847656
2023-08-21,174.13436889648438,317.1012878417969,134.67999267578125,127.49067687988281,288.123779296875
2023-08-22,175.51089477539062,317.6726989746094,134.25,128.19583129882812,285.837890625
2023-08-23,179.36314392089844,322.1453552246094,135.52000427246094,131.46328735351562,292.43719482421875
2023-08-24,174.66912841796875,315.2196960449219,131.83999633789062,128.89100646972656,284.99310302734375
2023-08-25,176.87750244140625,318.18499755859375,133.25999450683594,128.99034118652344,283.750732421875
2023-08-28,178.44216918945312,318.8943176269531,133.13999938964844,130.1125946044922,288.48162841796875
2023-08-29,182.3340301513672,323.53436279296875,134.91000366210938,133.64822387695312,296.1642150878906
2023-08-30,185.8297882080078,323.90875244140625,135.07000732421875,134.94923400878906,293.2919616699219
2023-08-31,186.0476531982422,322.8940124511719,138.00999450683594,135.2372589111328,294.0771179199219
2023-09-01,187.62228393554688,323.7806396484375,138.1199951171875,134.7307586669922,294.5640869140625
2023-09-04,187.62228393554688,323.7806396484375,138.1199951171875,134.7307586669922,294.5640869140625
2023-09-05,187.8599395751953,328.5980224609375,137.27000427246094,134.8400115966797,298.31103515625
2023-09-06,181.1357879638672,327.93798828125,135.36000061035156,133.53895568847656,297.3370361328125
2023-09-07,175.83766174316406,325.0120849609375,137.85000610351562,134.33348083496094,296.840087890625
2023-09-08,176.45166015625,329.3073425292969,138.22999572753906,135.44583129882812,296.0648498535156
2023-09-11,177.62020874023438,332.9228820800781,143.10000610351562,135.98211669921875,305.67559814453125
2023-09-12,174.5899200439453,326.84442138671875,141.22999572753906,134.41293334960938,299.8117980957031
2023-09-13,172.5201873779297,331.07080078125,144.85000610351562,135.77357482910156,303.19091796875
2023-09-14,174.03533935546875,333.671630859375,144.72000122070312,137.15403747558594,309.8100891113281
2023-09-15,173.3124237060547,325.3175048828125,140.38999938964844,136.4588165283203,298.47003173828125
2023-09-18,176.2436981201172,324.1747131347656,139.97999572753906,137.26329040527344,300.6963195800781
2023-09-19,177.33302307128906,323.77081298828125,137.6300048828125,137.0944366455078,303.20086669921875
2023-09-20,173.7877655029297,316.00775146484375,135.2899932861328,132.82391357421875,297.8339538574219
2023-09-21,172.2428741455078,314.7861633300781,129.3300018310547,129.5465087890625,293.9180908203125
2023-09-22,173.09454345703125,312.3035888671875,129.1199951171875,129.3577880859375,297.2475280761719
2023-09-25,174.37205505371094,312.82574462890625,131.27000427246094,130.2119140625,298.9868469238281
2023-09-26,170.29200744628906,307.5058898925781,125.9800033569336,127.68932342529297,297.1282653808594
2023-09-27,168.77682495117188,308.1462097167969,125.9800033569336,129.64581298828125,295.9158020019531
2023-09-28,169.03433227539062,308.9836730957031,125.9800033569336,131.40367126464844,302.0976867675781
2023-09-29,169.5492706298828,311.0622863769531,127.12000274658203,129.963623046875,298.3706359863281
2023-10-02,172.0646514892578,317.0224609375,129.4600067138672,133.25096130371094,304.94012451171875
2023-10-03,170.7277374267578,308.7373352050781,124.72000122070312,131.52285766601562,299.0961608886719
2023-10-04,171.9755096435547,314.224609375,127.0,134.3136444091797,303.70770263671875
2023-10-05,173.21336364746094,314.6186828613281,125.95999908447266,134.144775390625,302.92254638671875
2023-10-06,175.76837158203125,322.4014892578125,127.95999908447266,136.63760375976562,313.4973449707031
2023-10-09,177.25381469726562,324.9234313964844,128.25999450683594,137.47183227539062,316.409423828125
2023-10-10,176.6596221923828,323.5146789550781,129.47999572753906,137.1143035888672,319.8680725097656
2023-10-11,178.0559844970703,327.4848327636719,131.8300018310547,139.58726501464844,325.81146240234375
2023-10-12,178.9571533203125,326.2435302734375,132.3300018310547,138.01808166503906,322.17388916015625
2023-10-13,177.11520385742188,322.8644104003906,129.7899932861328,136.4191131591797,312.76190185546875
2023-10-16,176.98641967773438,327.7015686035156,132.5500030517578,138.14718627929688,319.1823425292969
2023-10-17,175.431640625,327.1301574707031,131.47000122070312,138.762939453125,322.014892578125
2023-10-18,174.13436889648438,325.2091369628906,128.1300048828125,137.01499938964844,315.0279846191406
2023-10-19,173.758056640625,326.40118408203125,128.39999389648438,136.8064422607422,310.8934326171875
2023-10-20,171.2030792236328,321.8201599121094,125.16999816894531,134.67115783691406,306.7589416503906
2023-10-23,171.32192993164062,324.43084716796875,126.55999755859375,135.5649871826172,312.0860900878906
2023-10-24,171.75765991210938,325.62286376953125,128.55999755859375,137.8591766357422,310.635009765625
2023-10-25,169.44033813476562,335.61236572265625,121.38999938964844,124.74958801269531,297.6947937011719
2023-10-26,165.2711944580078,323.0221252441406,119.56999969482422,121.44239807128906,286.58331298828125
2023-10-27,166.58828735351562,324.9136047363281,127.73999786376953,121.3331527709961,294.9119567871094
2023-10-30,168.63818359375,332.3022155761719,132.7100067138672,123.60747528076172,300.80560302734375
2023-10-31,169.11354064941406,333.09033203125,133.08999633789062,123.23007202148438,299.4241638183594
2023-11-01,172.28248596191406,340.9321594238281,137.0,125.58382415771484,309.9393310546875
2023-11-02,175.8476104736328,343.14874267578125,138.07000732421875,126.61671447753906,308.9653015136719
2023-11-03,174.93649291992188,347.5622863769531,138.60000610351562,128.21568298339844,312.6724853515625
2023-11-06,177.49147033691406,351.23687744140625,139.74000549316406,129.3577880859375,313.8651123046875
2023-11-07,180.05638122558594,355.1775207519531,142.7100067138672,130.0728759765625,316.8666687011719
2023-11-08,181.11598205566406,357.8078308105469,142.0800018310547,130.93692016601562,317.8207702636719
2023-11-09,180.64064025878906,355.3351135253906,140.60000610351562,129.34788513183594,318.58599853515625
2023-11-10,184.8351287841797,364.18182373046875,143.55999755859375,131.68177795410156,326.7556457519531
2023-11-13,183.24853515625,361.2362060546875,142.58999633789062,131.18521118164062,327.1730651855469
2023-11-14,185.8664093017578,364.77288818359375,145.8000030517578,132.70472717285156,334.2494201660156
2023-11-15,186.43162536621094,364.9209899902344,143.1999969482422,133.6978759765625,330.6715087890625
2023-11-16,188.11734008789062,371.33746337890625,142.8300018310547,135.99203491210938,332.1424255371094
2023-11-17,188.09750366210938,365.0986633300781,145.17999267578125,134.3831329345703,332.98724365234375
2023-11-20,189.84274291992188,372.5911560058594,146.1300048828125,135.31671142578125,337.88702392578125
2023-11-21,189.03952026367188,368.27728271484375,143.89999389648438,136.03175354003906,334.9153747558594
2023-11-22,189.7039031982422,372.9958801269531,146.7100067138672,137.54136657714844,339.3976745605469
2023-11-23,189.7039031982422,372.9958801269531,146.7100067138672,137.54136657714844,339.3976745605469
2023-11-24,188.37515258789062,372.5812683105469,146.74000549316406,135.7537078857422,336.1576843261719
2023-11-27,188.1966552734375,373.74609375,147.72999572753906,135.47561645507812,332.6493225097656
2023-11-28,188.80152893066406,377.7835998535156,147.02999877929688,136.2602081298828,336.9129943847656
2023-11-29,187.78018188476562,373.9830322265625,146.32000732421875,134.0653533935547,330.16461181640625
2023-11-30,188.35533142089844,374.04229736328125,146.08999633789062,131.6221923828125,325.1455383300781
2023-12-01,189.63449096679688,369.69879150390625,147.02999877929688,130.95677185058594,322.82989501953125
2023-12-04,187.83966064453125,364.3977966308594,144.83999633789062,128.384521484375,318.05926513671875
2023-12-05,191.7961883544922,367.7343444824219,146.8800048828125,130.09275817871094,316.3398742675781
2023-12-06,190.70542907714844,364.0621337890625,144.52000427246094,129.12937927246094,315.5050048828125
2023-12-07,192.63905334472656,366.18450927734375,146.8800048828125,135.99203491210938,324.5889892578125
2023-12-08,194.0669403076172,369.4223937988281,147.4199981689453,134.0653533935547,330.71124267578125
2023-12-11,191.55819702148438,366.5299987792969,145.88999938964844,132.37698364257812,323.28704833984375
2023-12-12,193.07537841796875,369.5704650878906,147.47999572753906,131.6122589111328,332.17218017578125
2023-12-13,196.298095703125,369.5605773925781,148.83999633789062,131.6619415283203,332.68902587890625
2023-12-14,196.44680786132812,361.22900390625,147.4199981689453,131.03623962402344,331.12872314453125
2023-12-15,195.91134643554688,365.96734619140625,149.97000122070312,131.69171142578125,332.8680114746094
2023-12-18,194.24545288085938,367.8626403808594,154.07000732421875,134.86981201171875,342.5085144042969
2023-12-19,195.28663635253906,368.4648742675781,153.7899932861328,135.71395874023438,348.2133483886719
2023-12-20,193.19436645507812,365.8587341308594,152.1199951171875,137.3923797607422,347.1400146484375
2023-12-21,193.0456085205078,368.7413024902344,153.83999633789062,139.45814514160156,351.92047119140625
2023-12-22,191.9746856689453,369.7679138183594,153.4199981689453,140.5208282470703,351.224853515625
2023-12-25,191.9746856689453,369.7679138183594,153.4199981689453,140.5208282470703,351.224853515625
2023-12-26,191.4292755126953,369.84686279296875,153.41000366210938,140.55059814453125,352.6559753417969
2023-12-27,191.52845764160156,369.2644348144531,153.33999633789062,139.40846252441406,355.6375732421875
2023-12-28,191.95486450195312,370.4588623046875,153.3800048828125,139.26942443847656,356.12457275390625
2023-12-29,190.91366577148438,371.2091369628906,151.94000244140625,138.733154296875,351.7912902832031
2024-01-01,190.91366577148438,371.2091369628906,151.94000244140625,138.733154296875,351.7912902832031
2024-01-02,184.0814971923828,366.10552978515625,149.92999267578125,137.22354125976562,344.1683349609375
2024-01-03,182.70318603515625,365.8390197753906,148.47000122070312,137.9684295654297,342.3594970703125
2024-01-04,180.38282775878906,363.21319580078125,144.57000732421875,135.45574951171875,344.9931945800781
2024-01-05,179.65892028808594,363.025634765625,145.24000549316406,134.80027770996094,349.7936706542969
2024-01-08,184.00216674804688,369.8764953613281,149.10000610351562,137.8889617919922,356.46246337890625
2024-01-09,183.585693359375,370.96234130859375,151.3699951171875,139.9844970703125,355.2400207519531
2024-01-10,184.62686157226562,377.8526916503906,153.72999572753906,141.30540466308594,368.20013427734375
2024-01-11,184.03192138671875,379.68878173828125,155.17999267578125,141.10679626464844,367.4050598144531
2024-01-12,184.35914611816406,383.4794616699219,154.6199951171875,141.6728515625,372.19549560546875
2024-01-15,184.35914611816406,383.4794616699219,154.6199951171875,141.6728515625,372.19549560546875
2024-01-16,182.08839416503906,385.2563171386719,153.16000366210938,141.51397705078125,365.2086181640625
2024-01-17,181.14633178710938,384.4665832519531,151.7100067138672,140.50094604492188,366.113037109375
2024-01-18,187.04640197753906,388.81005859375,153.5,142.49716186523438,373.8254699707031
2024-01-19,189.95181274414062,393.5484313964844,155.33999633789062,145.37730407714844,381.1006164550781
2024-01-22,192.26222229003906,391.4161376953125,154.77999877929688,144.99000549316406,379.44085693359375
2024-01-23,193.54141235351562,393.77545166015625,156.02000427246094,146.03277587890625,382.8399353027344
2024-01-24,192.86712646484375,397.388427734375,156.8699951171875,147.68142700195312,388.30621337890625
2024-01-25,192.5398712158203,399.6687927246094,157.75,150.82969665527344,390.7709655761719
2024-01-26,190.8045654296875,398.7408447265625,159.1199951171875,151.14752197265625,391.7251281738281
2024-01-29,190.12037658691406,404.4564514160156,161.25999450683594,152.45848083496094,398.56298828125
2024-01-30,186.4613494873047,403.3409729003906,159.0,150.4225311279297,397.6088562011719
2024-01-31,182.8519287109375,392.472412109375,155.1999969482422,139.14036560058594,387.7496643066406
2024-02-01,185.291259765625,398.5927734375,159.27999877929688,140.19308471679688,392.3612060546875
2024-02-02,184.28973388671875,405.93719482421875,171.80999755859375,141.4047088623047,472.0797424316406
2024-02-05,186.1043701171875,400.43878173828125,170.30999755859375,142.69580078125,456.5952453613281
2024-02-06,187.71078491210938,400.28076171875,169.14999389648438,143.11294555664062,451.9339294433594
2024-02-07,187.8198699951172,408.7308044433594,170.52999877929688,144.54306030273438,466.71282958984375
2024-02-08,186.739013671875,408.7900695800781,169.83999633789062,144.91053771972656,467.12030029296875
2024-02-09,187.5034942626953,415.1473388671875,174.4499969482422,147.97938537597656,465.2419128417969
2024-02-12,185.8156280517578,409.92529296875,172.33999633789062,146.51943969726562,466.02703857421875
2024-02-13,183.72067260742188,401.1001281738281,168.63999938964844,144.1457977294922,457.30084228515625
2024-02-14,182.83702087402344,404.9769592285156,170.97999572753906,144.94032287597656,470.3802490234375
2024-02-15,182.54910278320312,402.0792236328125,169.8000030517578,141.79205322265625,481.06439208984375
2024-02-16,181.01014709472656,399.6067810058594,169.50999450683594,139.5574493408203,470.41998291015625
2024-02-19,181.01014709472656,399.6067810058594,169.50999450683594,139.5574493408203,470.41998291015625
2024-02-20,180.26548767089844,398.35076904296875,167.0800018310547,140.15335083007812,468.859619140625
2024-02-21,181.02008056640625,397.7474670410156,168.58999633789062,141.5735626220703,465.65594482421875
2024-02-22,183.055419921875,407.11309814453125,174.5800018310547,143.1029815673828,483.6641845703125
2024-02-23,181.21865844726562,405.8175354003906,174.99000549316406,142.97389221191406,481.5747985839844
2024-02-26,179.8683319091797,403.04840087890625,174.72999572753906,136.62767028808594,479.29638671875
2024-02-27,181.32785034179688,402.98907470703125,173.5399932861328,137.9287109375,484.5794677734375
2024-02-28,180.12648010253906,403.2264709472656,173.16000366210938,135.44583129882812,481.5648498535156
2024-02-29,179.46128845214844,409.0812072753906,176.75999450683594,137.51156616210938,487.64385986328125
2024-03-01,178.3790283203125,410.9206848144531,178.22000122070312,136.20062255859375,499.75213623046875
2024-03-04,173.85154724121094,410.34710693359375,177.5800018310547,132.4365692138672,495.6629638671875
2024-03-05,168.90704345703125,398.2123107910156,174.1199951171875,131.76123046875,487.7333984375
2024-03-06,167.91419982910156,397.6584777832031,173.50999450683594,130.49990844726562,493.5736083984375
2024-03-07,167.7950439453125,404.63079833984375,176.82000732421875,133.45950317382812,509.5919494628906
2024-03-08,169.51271057128906,401.74298095703125,175.35000610351562,134.48245239257812,503.3836364746094
2024-03-11,171.518310546875,400.06170654296875,171.9600067138672,136.7270050048828,481.13702392578125
2024-03-12,171.994873046875,410.7031555175781,175.38999938964844,137.55128479003906,497.2150573730469
2024-03-13,169.9098663330078,410.52508544921875,176.55999755859375,138.83245849609375,493.0563049316406
2024-03-14,171.7665252685547,420.5335998535156,178.75,142.11978149414062,489.3351745605469
2024-03-15,171.38922119140625,411.8305358886719,174.4199981689453,140.21292114257812,481.6444396972656
2024-03-18,172.48138427734375,412.72064208984375,174.47999572753906,146.6683807373047,494.4591369628906
2024-03-19,174.8245849609375,416.76556396484375,175.89999389648438,146.0228729248047,493.72283935546875
2024-03-20,177.39610290527344,420.54345703125,178.14999389648438,147.7211456298828,502.955810546875
2024-03-21,170.14813232421875,424.6378479003906,178.14999389648438,146.58895874023438,505.1844177246094
2024-03-22,171.05165100097656,424.0147705078125,178.8699951171875,149.7372283935547,506.9951477050781
2024-03-25,169.63185119628906,418.1995544433594,179.7100067138672,149.0420684814453,500.4684753417969
2024-03-26,168.49998474121094,417.0028991699219,178.3000030517578,149.637939453125,493.3746337890625
2024-03-27,172.0742950439453,416.7853088378906,179.8300018310547,149.8365478515625,491.3548889160156
2024-03-28,170.25735473632812,416.08319091796875,180.3800048828125,149.89614868164062,483.1169128417969
2024-03-29,170.25735473632812,416.08319091796875,180.3800048828125,149.89614868164062,483.1169128417969
2024-04-01,168.8177032470703,419.8907470703125,180.97000122070312,154.4249267578125,488.857666015625
2024-04-02,167.6361846923828,416.7952575683594,180.69000244140625,153.50128173828125,494.8471374511719
2024-04-03,168.44039916992188,415.81610107421875,182.41000366210938,153.8588104248047,504.1695556640625
2024-04-04,167.6163330078125,413.2744445800781,180.0,149.49887084960938,508.3283996582031
2024-04-05,168.37091064453125,420.83026123046875,185.07000732421875,151.45538330078125,524.6651000976562
2024-04-08,167.24896240234375,419.9105224609375,185.19000244140625,153.789306640625,516.6161499023438
2024-04-09,168.46026611328125,421.5819091796875,185.6699981689453,155.52731323242188,514.278076171875
2024-04-10,166.58372497558594,418.59515380859375,185.9499969482422,155.07046508789062,517.1931762695312
2024-04-11,173.79197692871094,423.2136535644531,189.0500030517578,158.31808471679688,520.5062866210938
2024-04-12,175.2912139892578,417.2502136230469,186.1300048828125,156.64956665039062,509.3034362792969
2024-04-15,171.45872497558594,409.0812072753906,183.6199951171875,153.7992401123047,497.692626953125
2024-04-16,168.1723175048828,410.01080322265625,183.32000732421875,153.34237670898438,497.22503662109375
2024-04-17,166.80218505859375,407.3010559082031,181.27999877929688,154.40505981445312,491.6633605957031
2024-04-18,165.8489990234375,399.814453125,179.22000122070312,154.9413604736328,499.254638671875
2024-04-19,163.82357788085938,394.7212219238281,174.6300048828125,153.0345001220703,478.62982177734375
2024-04-22,164.65756225585938,396.54095458984375,177.22999572753906,155.20950317382812,479.2864685058594
2024-04-23,165.71002197265625,403.0781555175781,179.5399932861328,157.17591857910156,493.5835876464844
2024-04-24,167.8148956298828,404.55169677734375,176.58999633789062,158.03997802734375,490.9967346191406
2024-04-25,168.67869567871094,394.6421203613281,173.6699981689453,154.93142700195312,439.14111328125
2024-04-26,168.0928955078125,401.84185791015625,179.6199951171875,170.7721710205078,441.04144287109375
2024-04-29,172.26295471191406,397.81671142578125,180.9600067138672,165.0118865966797,430.425537109375
2024-04-30,169.1155548095703,385.0390930175781,175.0,161.66497802734375,427.9880065917969
2024-05-01,168.0928955078125,390.5873107910156,179.0,162.73757934570312,436.9622497558594
2024-05-02,171.79629516601562,393.455322265625,184.72000122070312,165.47866821289062,439.4396057128906
2024-05-03,182.072509765625,402.1781311035156,186.2100067138672,166.09442138671875,449.66748046875
2024-05-06,180.4144287109375,408.9822998046875,188.6999969482422,166.94854736328125,463.31787109375
2024-05-07,181.0994873046875,404.82855224609375,188.75999450683594,170.07696533203125,465.8648986816406
2024-05-08,181.4370880126953,406.0153503417969,188.0,168.2197723388672,470.2027893066406
2024-05-09,183.25404357910156,407.7757568359375,189.5,168.79580688476562,473.00848388671875
2024-05-10,181.99136352539062,410.1690673828125,187.47999572753906,167.49476623535156,473.7845458984375
2024-05-13,185.2026824951172,409.1602478027344,186.57000732421875,167.9813995361328,465.6360778808594
2024-05-14,186.34605407714844,411.9690246582031,187.07000732421875,169.17320251464844,469.4565734863281
2024-05-15,188.62281799316406,419.1718444824219,185.99000549316406,171.32833862304688,479.097412109375
2024-05-16,188.74209594726562,417.10113525390625,183.6300048828125,172.98690795898438,470.8295593261719
2024-05-17,188.77194213867188,416.3283386230469,184.6999969482422,174.85400390625,469.5162658691406
2024-05-20,189.93515014648438,421.4110107421875,183.5399932861328,175.7081298828125,466.46185302734375
2024-05-21,191.2375946044922,425.07684326171875,183.14999389648438,176.63177490234375,462.273193359375
2024-05-22,189.79595947265625,426.54315185546875,183.1300048828125,175.1718292236328,465.4072265625
2024-05-23,185.79920959472656,423.0556640625,181.0500030517578,172.36122131347656,463.4173583984375
2024-05-24,188.88128662109375,426.1864318847656,180.75,173.79136657714844,475.7942810058594
2024-05-27,188.88128662109375,426.1864318847656,180.75,173.79136657714844,475.7942810058594
2024-05-28,188.8912353515625,426.3450012207031,182.14999389648438,175.19168090820312,477.48565673828125
2024-05-29,189.18951416015625,425.20562744140625,182.02000427246094,174.69509887695312,471.9538269042969
2024-05-30,190.1837158203125,410.8395690917969,179.32000732421875,170.93106079101562,464.680908203125
2024-05-31,191.13815307617188,411.2953186035156,176.44000244140625,171.3184051513672,464.4620361328125
2024-06-03,192.90786743164062,409.7001953125,178.33999633789062,171.98382568359375,475.06793212890625
2024-06-04,193.22604370117188,412.2265930175781,179.33999633789062,172.5995635986328,474.57049560546875
2024-06-05,194.7372283935547,420.0932922363281,181.27999877929688,174.20848083496094,492.548828125
2024-06-06,193.35525512695312,420.59857177734375,185.0,175.5194091796875,491.25543212890625
2024-06-07,195.7513427734375,419.9347839355469,184.3000030517578,173.26499938964844,490.45947265625
2024-06-10,192.0031280517578,423.9176025390625,187.05999755859375,174.0106658935547,500.0506286621094
2024-06-11,205.9519805908203,428.68316650390625,187.22999572753906,175.6114959716797,504.8958740234375
2024-06-12,211.8377685546875,436.98577880859375,186.88999938964844,176.77479553222656,506.2589416503906
2024-06-13,213.00099182128906,437.5009765625,183.8300018310547,174.1598358154297,501.5429992675781
2024-06-14,211.26112365722656,438.4818420410156,183.66000366210938,175.78050231933594,502.1007080078125
2024-06-17,215.4169464111328,444.2282409667969,184.05999755859375,176.2279510498047,504.5606384277344
2024-06-18,213.05068969726562,442.21697998046875,182.80999755859375,174.09022521972656,497.44976806640625
2024-06-19,213.05068969726562,442.21697998046875,182.80999755859375,174.09022521972656,497.44976806640625
2024-06-20,208.4673614501953,441.58294677734375,186.10000610351562,175.29331970214844,499.65081787109375
2024-06-21,206.2900390625,445.6252136230469,189.0800018310547,178.6043243408203,492.759033203125
2024-06-24,206.93626403808594,443.5347595214844,185.57000732421875,178.19664001464844,496.8721618652344
2024-06-25,207.8609161376953,446.784423828125,186.33999633789062,182.9791717529297,508.514404296875
2024-06-26,212.01670837402344,447.9832763671875,193.61000061035156,182.8300323486328,511.02410888671875
2024-06-27,212.86180114746094,448.6669006347656,197.85000610351562,184.35130310058594,517.437744140625
2024-06-28,209.4019317626953,442.8213806152344,193.25,181.10992431640625,502.16046142578125
2024-07-01,215.49647521972656,452.5110168457031,197.1999969482422,181.94512939453125,502.61859130859375
2024-07-02,218.99612426757812,455.0374450683594,200.0,184.18226623535156,507.41888427734375
2024-07-03,220.2687225341797,456.5137023925781,197.58999633789062,184.7589569091797,507.8769836425781
2024-07-04,220.2687225341797,456.5137023925781,197.58999633789062,184.7589569091797,507.8769836425781
2024-07-05,225.031005859375,463.240966796875,200.0,189.51168823242188,537.7046508789062
2024-07-08,226.50245666503906,461.9331970214844,199.2899932861328,187.9506378173828,527.1578979492188
2024-07-09,227.3574981689453,455.2950439453125,199.33999633789062,187.9009246826172,527.8351440429688
2024-07-10,231.6326141357422,461.9430847167969,199.7899932861328,190.08834838867188,532.506103515625
2024-07-11,226.25390625,450.49981689453125,195.0500030517578,184.51039123535156,510.6058349609375
2024-07-12,229.20672607421875,449.3603820800781,194.49000549316406,184.0132598876953,496.8323059082031
2024-07-15,233.04440307617188,449.7665710449219,192.72000122070312,185.46490478515625,494.13336181640625
2024-07-16,233.4619903564453,445.36761474609375,193.02000427246094,182.86981201171875,487.7894287109375
2024-07-17,227.55633544921875,439.42303466796875,187.92999267578125,179.9863739013672,460.10296630859375
2024-07-18,222.8834991455078,436.3021240234375,183.75,176.67538452148438,473.9063415527344
2024-07-19,223.0127410888672,433.0722351074219,183.1300048828125,176.64556884765625,474.842529296875
2024-07-22,222.66477966308594,438.8484191894531,182.5500030517578,180.63265991210938,485.4091796875
2024-07-23,223.70870971679688,440.74072265625,186.41000366210938,180.75196838378906,486.6938781738281
2024-07-24,217.276123046875,424.9381408691406,180.8300018310547,171.64427185058594,459.3858947753906
2024-07-25,216.23220825195312,414.53509521484375,179.85000610351562,166.32481384277344,451.5580139160156
2024-07-26,216.69947814941406,421.34161376953125,182.5,166.04640197753906,463.7978210449219
2024-07-29,216.9778594970703,422.7881774902344,183.1999969482422,168.56198120117188,463.8077697753906
2024-07-30,217.53463745117188,419.0133972167969,181.7100067138672,169.317626953125,461.29803466796875
2024-07-31,220.795654296875,414.4855651855469,186.97999572753906,170.5605010986328,472.8905029296875
2024-08-01,217.09716796875,413.2569885253906,184.07000732421875,169.78494262695312,495.7069091796875
2024-08-02,218.58848571777344,404.7166748046875,167.89999389648438,165.7083740234375,486.1461181640625
2024-08-05,208.05975341796875,391.4998474121094,161.02000427246094,158.34068298339844,473.78680419921875
2024-08-06,206.03152465820312,395.9186706542969,161.92999267578125,157.3861541748047,492.07183837890625
2024-08-07,208.60655212402344,394.7496032714844,162.77000427246094,158.03244018554688,486.9229431152344
2024-08-08,212.07638549804688,398.9702453613281,165.8000030517578,161.1048126220703,507.5483703613281
2024-08-09,214.98944091796875,402.2694396972656,166.94000244140625,162.73544311523438,515.6550903320312
2024-08-12,216.5222930908203,403.0521240234375,166.8000030517578,161.36331176757812,513.8425903320312
2024-08-13,220.2449951171875,410.1856689453125,170.22999572753906,163.22264099121094,526.3810424804688
2024-08-14,220.69287109375,413.00933837890625,170.10000610351562,159.45428466796875,524.6083984375
2024-08-15,223.6790008544922,417.89263916015625,177.58999633789062,160.37896728515625,535.13525390625
2024-08-16,225.00283813476562,415.35174560546875,177.05999755859375,162.02951049804688,525.2656860351562
2024-08-19,224.84356689453125,418.3888854980469,178.22000122070312,165.71829223632812,527.1181640625
2024-08-20,225.460693359375,421.63458251953125,178.8800048828125,166.22540283203125,524.5784912109375
2024-08-21,225.35121154785156,420.9794921875,180.11000061035156,164.90298461914062,532.9739990234375
2024-08-22,223.48988342285156,412.4534606933594,176.1300048828125,162.86468505859375,529.7572631835938
2024-08-23,225.78916931152344,413.6842346191406,177.0399932861328,164.67428588867188,525.8433227539062
2024-08-26,226.12759399414062,410.4088439941406,175.5,165.2112274169922,518.9913940429688
2024-08-27,226.97366333007812,410.7562561035156,173.1199951171875,163.7396697998047,516.979736328125
2024-08-28,225.4407958984375,407.5403747558594,170.8000030517578,161.9201202392578,514.669189453125
2024-08-29,228.7255096435547,410.0416259765625,172.1199951171875,160.85621643066406,516.1032104492188
2024-08-30,227.9391632080078,414.03167724609375,178.5,162.4470977783203,519.1806640625
2024-09-02,227.9391632080078,414.03167724609375,178.5,162.4470977783203,519.1806640625
2024-09-03,221.73802185058594,406.3890380859375,176.25,156.4614715576172,509.6697082519531
2024-09-04,219.82693481445312,405.8530578613281,173.3300018310547,155.55667114257812,510.6456604003906
2024-09-05,221.34983825683594,405.34686279296875,177.88999938964844,156.3421630859375,514.748779296875
2024-09-06,219.79705810546875,398.7066955566406,171.38999938964844,150.0582275390625,498.2265930175781
2024-09-09,219.8866424560547,402.6967468261719,175.39999389648438,148.0570831298828,502.7281188964844
2024-09-10,219.09034729003906,411.1135559082031,179.5500030517578,148.0072784423828,502.7281188964844
2024-09-11,221.62855529785156,419.8876953125,184.52000427246094,150.49632263183594,509.7393798828125
2024-09-12,221.73802185058594,423.81817626953125,187.0,154.0108184814453,523.4530639648438
2024-09-13,221.46925354003906,427.3813781738281,186.49000549316406,156.76866149902344,522.4771728515625
2024-09-16,215.3179168701172,428.1258544921875,184.88999938964844,157.3660125732422,531.6084594726562
2024-09-17,215.78570556640625,431.9074401855469,186.8800048828125,158.6204833984375,534.6388549804688
2024-09-18,219.66766357421875,427.5997619628906,186.42999267578125,159.10833740234375,536.2638549804688
2024-09-19,227.8097686767578,435.42108154296875,189.8699951171875,161.42808532714844,557.3474731445312
2024-09-20,227.1428680419922,432.0264892578125,191.60000610351562,162.87173461914062,559.5904541015625
2024-09-23,225.4208984375,430.2796630859375,193.8800048828125,161.13937377929688,562.6408081054688
2024-09-24,226.31671142578125,425.9720153808594,193.9600067138672,161.5774383544922,561.5642700195312
2024-09-25,225.3213348388672,428.8900451660156,192.52999877929688,160.7809600830078,566.5286254882812
2024-09-26,226.4660186767578,428.09600830078125,191.16000366210938,162.0155029296875,566.06005859375
2024-09-27,226.73475646972656,424.8305358886719,187.97000122070312,163.2301483154297,565.5816040039062
2024-09-30,231.92062377929688,427.09356689453125,186.3300018310547,165.12181091308594,570.645751953125
2024-10-01,225.16209411621094,417.5552062988281,185.1300048828125,166.25682067871094,574.6630249023438
2024-10-02,225.7294464111328,414.021728515625,184.75999450683594,165.13177490234375,571.0145263671875
2024-10-03,224.6245880126953,413.4361267089844,181.9600067138672,165.13177490234375,580.943359375
2024-10-04,225.74935913085938,412.959716796875,186.50999450683594,166.3264923095703,594.072021484375
2024-10-07,220.6630401611328,406.48828125,180.8000030517578,162.26441955566406,582.947021484375
2024-10-08,224.72415161132812,411.6197204589844,182.72000122070312,163.65826416015625,591.0315551757812
2024-10-09,228.47665405273438,414.3492431640625,185.1699981689453,161.14932250976562,588.6589965820312
2024-10-10,227.97897338867188,412.7413024902344,186.64999389648438,161.3683624267578,581.9999389648438
2024-10-11,226.4958953857422,413.2177734375,188.82000732421875,162.5232696533203,588.1007690429688
2024-10-14,230.228515625,416.0167541503906,187.5399932861328,164.2357177734375,588.5692749023438
2024-10-15,232.76669311523438,415.61968994140625,187.69000244140625,164.73353576660156,584.432373046875
2024-10-16,230.70628356933594,413.01922607421875,186.88999938964844,164.43482971191406,574.9820556640625
2024-10-17,231.07455444335938,413.6147766113281,187.52999877929688,162.21463012695312,575.12158203125
2024-10-18,233.91136169433594,415.0440673828125,188.99000549316406,162.70248413085938,574.6630249023438
2024-10-21,235.38450622558594,415.659423828125,189.07000732421875,163.34963989257812,573.357177734375
2024-10-22,234.76739501953125,424.32440185546875,189.6999969482422,164.41493225097656,580.1856689453125
2024-10-23,229.69100952148438,421.4360656738281,184.7100067138672,162.06529235839844,561.9231567382812
2024-10-24,229.5019073486328,421.5650939941406,186.3800048828125,162.00555419921875,566.0003051757812
2024-10-25,230.3380126953125,424.9595947265625,187.8300018310547,164.5443572998047,571.453125
2024-10-28,232.31878662109375,423.4112243652344,188.38999938964844,165.98800659179688,576.3477172851562
2024-10-29,232.58753967285156,428.7312927246094,190.8300018310547,168.93499755859375,591.42041015625
2024-10-30,229.03408813476562,429.30694580078125,192.72999572753906,173.69400024414062,589.9449462890625
2024-10-31,224.8634796142578,403.3220520019531,186.39999389648438,170.35870361328125,565.8009643554688
2024-11-01,221.87738037109375,407.3121032714844,197.92999267578125,170.5379180908203,565.3822021484375
2024-11-04,220.98155212402344,405.41632080078125,195.77999877929688,168.49693298339844,558.9225463867188
2024-11-05,222.4148712158203,408.3939514160156,199.5,168.99473571777344,570.6357421875
2024-11-06,221.68826293945312,417.0489807128906,207.08999633789062,175.73500061035156,570.2568969726562
2024-11-07,226.42620849609375,422.2598571777344,210.0500030517578,179.9563751220703,589.8453369140625
2024-11-08,226.15716552734375,419.3913879394531,208.17999267578125,177.56692504882812,587.4927368164062
2024-11-11,223.4368133544922,414.8951721191406,206.83999633789062,179.55813598632812,581.342041015625
2024-11-12,223.4368133544922,419.87774658203125,208.91000366210938,180.82257080078125,582.9868774414062
2024-11-13,224.3236541748047,422.0316162109375,214.10000610351562,178.09458923339844,578.1819458007812
2024-11-14,227.41270446777344,423.7090148925781,211.47999572753906,174.80909729003906,575.350830078125
2024-11-15,224.2041015625,411.9075927734375,202.61000061035156,171.732666015625,552.34326171875
2024-11-18,227.21340942382812,412.6619567871094,201.6999969482422,174.5303192138672,552.6622924804688
2024-11-19,227.4724884033203,414.67681884765625,204.61000061035156,177.33792114257812,559.331298828125
2024-11-20,228.18994140625,412.3939208984375,202.8800048828125,175.20733642578125,563.7474365234375
2024-11-21,227.71165466308594,410.61370849609375,198.3800048828125,166.8939971923828,561.3250122070312
2024-11-22,229.05686950683594,414.7211608886719,197.1199951171875,164.03659057617188,557.3873901367188
2024-11-25,232.04624938964844,416.5013732910156,201.4499969482422,166.9138946533203,563.338623046875
2024-11-26,234.228515625,425.6510925292969,207.86000061035156,168.37745666503906,571.7421875
2024-11-27,234.0989532470703,420.67840576171875,205.74000549316406,168.48696899414062,567.415771484375
2024-11-28,234.0989532470703,420.67840576171875,205.74000549316406,168.48696899414062,567.415771484375
2024-11-29,236.490478515625,421.1458435058594,207.88999938964844,168.20819091796875,572.5198364257812
2024-12-02,238.74246215820312,428.624755859375,210.7100067138672,170.73704528808594,590.9718017578125
2024-12-03,241.79165649414062,428.8435363769531,213.44000244140625,170.58770751953125,611.7265625
2024-12-04,242.150390625,435.0295715332031,218.16000366210938,173.60438537597656,611.8560791015625
2024-12-05,242.18026733398438,440.2011413574219,220.5500030517578,171.88198852539062,607.0213012695312
2024-12-06,241.98097229003906,441.1459655761719,227.02999877929688,173.94293212890625,621.8148193359375
2024-12-09,245.8771514892578,443.5825500488281,226.08999633789062,174.80010986328125,611.6467895507812
2024-12-10,246.8935546875,440.9072570800781,225.0399932861328,184.5682830810547,617.3787841796875
2024-12-11,245.6180877685547,446.5363464355469,230.25999450683594,194.76502990722656,630.6968383789062
2024-12-12,247.08287048339844,447.1032409667969,228.97000122070312,191.33621215820312,628.8128051757812
2024-12-13,247.2522735595703,444.8257141113281,227.4600067138672,189.2031707763672,618.405517578125
2024-12-16,250.1519775390625,449.12213134765625,232.92999267578125,196.02093505859375,622.7852783203125
2024-12-17,252.58334350585938,451.9764099121094,231.14999389648438,194.7849578857422,617.9964599609375
2024-12-18,247.1725616455078,434.9997253417969,220.52000427246094,187.7877655029297,595.79833984375
2024-12-19,248.90640258789062,434.6416931152344,223.2899932861328,187.89739990234375,594.1820068359375
2024-12-20,253.58978271484375,434.2140808105469,224.9199981689453,190.78799438476562,583.8861083984375
2024-12-23,254.3670196533203,432.8714294433594,225.05999755859375,193.99754333496094,598.4520874023438
2024-12-24,257.28668212890625,436.9291076660156,229.0500030517578,195.47271728515625,606.3336791992188
2024-12-25,257.28668212890625,436.9291076660156,229.0500030517578,195.47271728515625,606.3336791992188
2024-12-26,258.1037292480469,435.7157897949219,227.0500030517578,194.96438598632812,601.9439697265625
2024-12-27,254.6858673095703,428.17718505859375,223.75,192.13360595703125,598.4122314453125
2024-12-30,251.30787658691406,422.50836181640625,221.3000030517578,190.61854553222656,589.8621215820312
2024-12-31,249.5341796875,419.1965637207031,219.38999938964844,188.6848602294922,584.1455078125
2025-01-01,249.5341796875,419.1965637207031,219.38999938964844,188.6848602294922,584.1455078125
2025-01-02,242.98741149902344,416.2925109863281,220.22000122070312,188.81442260742188,597.843505859375
2025-01-03,242.49916076660156,421.0364685058594,224.19000244140625,191.16676330566406,603.2208862304688
2025-01-06,244.1333465576172,425.5118713378906,227.61000061035156,196.23025512695312,628.7313842773438
2025-01-07,241.3532257080078,420.0617980957031,222.11000061035156,194.85475158691406,616.4500732421875
2025-01-08,241.84149169921875,422.23980712890625,222.1300048828125,193.3197479248047,609.2967529296875
2025-01-09,241.84149169921875,422.23980712890625,222.1300048828125,193.3197479248047,609.2967529296875
2025-01-10,236.01219177246094,416.6605224609375,218.94000244140625,191.4159393310547,614.4248046875
2025-01-13,233.5708465576172,414.9101257324219,218.4600067138672,190.3892822265625,606.9124145507812
2025-01-14,232.45480346679688,413.3984375,217.75999450683594,189.04367065429688,592.8651733398438
2025-01-15,237.028564453125,423.9802551269531,223.35000610351562,194.91453552246094,615.681884765625
2025-01-16,227.4525604248047,422.25970458984375,220.66000366210938,192.28311157226562,609.8753662109375
2025-01-17,229.1664581298828,426.6853942871094,225.94000244140625,195.36306762695312,611.342041015625
2025-01-20,229.1664581298828,426.6853942871094,225.94000244140625,195.36306762695312,611.342041015625
2025-01-21,221.85243225097656,426.1583251953125,230.7100067138672,197.4064178466797,615.0234375
2025-01-22,223.03823852539062,443.7615966796875,235.00999450683594,197.72537231445312,622.0469970703125
2025-01-23,222.86883544921875,444.2687683105469,235.4199981689453,197.33663940429688,634.966796875
2025-01-24,221.991943359375,441.6332702636719,234.85000610351562,199.5594024658203,645.9810791015625
2025-01-27,229.04690551757812,432.1852111816406,235.4199981689453,191.1866912841797,658.3422241210938
2025-01-28,237.4171905517578,444.7561340332031,238.14999389648438,194.6653594970703,672.7584838867188
2025-01-29,238.5133056640625,439.9127197265625,237.07000732421875,194.77499389648438,674.9135131835938
2025-01-30,236.7495574951172,412.7221374511719,234.63999938964844,200.2172393798828,685.3990478515625
2025-01-31,235.16519165039062,412.791748046875,237.67999267578125,203.35702514648438,687.5739135742188
2025-02-03,227.2034454345703,408.6744079589844,237.4199981689453,200.57606506347656,695.8346557617188
2025-02-04,231.97650146484375,410.116455078125,242.05999755859375,205.7093505859375,702.5489501953125
2025-02-05,231.64767456054688,411.0314636230469,236.1699981689453,190.70826721191406,703.2274169921875
2025-02-06,232.39501953125,413.5475769042969,238.8300018310547,190.97738647460938,710.3307495117188
2025-02-07,226.82479858398438,407.5107727050781,229.14999389648438,184.7377166748047,712.8548583984375
2025-02-10,227.0941162109375,409.96728515625,233.13999938964844,185.8640594482422,715.7281494140625
2025-02-11,232.052001953125,409.1915588378906,232.75999450683594,184.71780395507812,718.12255859375
2025-02-12,236.29161071777344,406.8046569824219,228.92999267578125,183.0133514404297,723.6895751953125
2025-02-13,240.94024658203125,408.29644775390625,230.3699951171875,185.53512573242188,726.8621826171875
2025-02-14,244.00274658203125,406.1979675292969,228.67999267578125,184.62806701660156,734.9533081054688
2025-02-17,244.00274658203125,406.1979675292969,228.67999267578125,184.62806701660156,734.9533081054688
2025-02-18,243.87306213378906,407.4013977050781,226.64999389648438,183.1728057861328,714.7005615234375
2025-02-19,244.27207946777344,412.5033264160156,226.6300048828125,184.66795349121094,702.1300048828125
2025-02-20,245.229736328125,414.6857604980469,222.8800048828125,183.9602508544922,693.2207641601562
2025-02-21,244.95042419433594,406.793212890625,216.5800018310547,179.076171875,681.95703125
2025-02-24,246.49664306640625,402.59783935546875,212.7100067138672,178.66749572753906,666.572998046875
2025-02-25,246.43678283691406,396.5190124511719,212.8000030517578,174.84994506835938,655.9677734375
2025-02-26,239.77308654785156,398.3426818847656,214.35000610351562,172.16868591308594,672.1300048828125
2025-02-27,236.72056579589844,391.1676330566406,208.74000549316406,167.9524383544922,656.7060546875
2025-02-28,241.24948120117188,395.6121520996094,212.27999877929688,169.7266387939453,666.642822265625
2025-03-03,237.4487762451172,387.14166259765625,205.02000427246094,166.46728515625,653.5234375
2025-03-04,235.35391235351562,387.26123046875,203.8000030517578,170.3645782470703,638.5084838867188
2025-03-05,235.1643829345703,399.628173828125,208.36000061035156,172.45774841308594,654.940185546875
2025-03-06,234.75538635253906,395.5125427246094,200.6999969482422,171.78993225097656,626.4666137695312
2025-03-07,238.4862518310547,391.9449462890625,199.25,173.29502868652344,624.201904296875
2025-03-10,226.92454528808594,378.840576171875,194.5399932861328,165.52139282226562,596.596435546875
2025-03-11,220.30076599121094,379.1296081542969,196.58999633789062,163.6952362060547,604.2985229492188
2025-03-12,216.45018005371094,381.9397888183594,198.88999938964844,166.7587890625,618.1162109375
2025-03-13,209.1680145263672,377.45538330078125,193.88999938964844,162.41793823242188,589.2636108398438
2025-03-14,212.96871948242188,387.21142578125,197.9499969482422,165.14219665527344,606.7233276367188
2025-03-17,213.4774627685547,387.3509521484375,195.74000549316406,163.9447021484375,604.0272827148438
2025-03-18,212.170654296875,382.1889343261719,192.82000732421875,160.3323211669922,581.5197143554688
2025-03-19,214.7144317626953,386.4739990234375,195.5399932861328,163.54556274414062,583.2173461914062
2025-03-20,213.5772247314453,385.4974060058594,194.9499969482422,162.45785522460938,585.1544799804688
2025-03-21,217.73703002929688,389.9020690917969,196.2100067138672,163.64535522460938,595.3897094726562
2025-03-24,220.19102478027344,391.7157287597656,203.25999450683594,167.3275909423828,617.9570922851562
2025-03-25,223.2036590576172,393.7885437011719,205.7100067138672,170.2015380859375,625.4063720703125
2025-03-26,220.9890594482422,388.6165466308594,201.1300048828125,164.7130889892578,610.0984497070312
2025-03-27,223.30340576171875,389.2243957519531,201.36000061035156,161.89903259277344,601.7105712890625
2025-03-28,217.36793518066406,377.48529052734375,192.72000122070312,154.0056610107422,575.9078369140625
2025-03-31,221.58761596679688,374.087158203125,190.25999450683594,154.31500244140625,575.5284423828125
2025-04-01,222.64501953125,380.863525390625,192.1699981689453,156.73989868164062,585.1544799804688
2025-04-02,223.3433074951172,380.813720703125,196.00999450683594,156.70994567871094,583.0874633789062
2025-04-03,202.69386291503906,371.8150329589844,178.41000366210938,150.4032440185547,530.8529663085938
2025-04-04,187.92002868652344,358.5910949707031,171.0,145.29400634765625,504.00177001953125
2025-04-07,181.0169219970703,356.61798095703125,175.25999450683594,146.4415740966797,515.505126953125
2025-04-08,171.99899291992188,353.3294372558594,170.66000366210938,144.39588928222656,509.7135314941406
2025-04-09,198.3644561767578,389.1347351074219,191.10000610351562,158.37644958496094,584.9248657226562
2025-04-10,189.95504760742188,380.0264587402344,181.22000122070312,152.4988250732422,545.5018310546875
2025-04-11,197.66615295410156,387.101806640625,184.8699951171875,156.80975341796875,542.7857666015625
2025-04-14,202.02549743652344,386.4640197753906,182.1199951171875,158.73570251464844,530.713134765625
2025-04-15,201.64642333984375,384.3912658691406,179.58999633789062,155.9814910888672,520.767578125
2025-04-16,193.79563903808594,370.32025146484375,174.3300018310547,153.00775146484375,501.58526611328125
2025-04-17,196.4990234375,366.5035400390625,172.61000061035156,150.84231567382812,500.7564697265625
2025-04-18,196.4990234375,366.5035400390625,172.61000061035156,150.84231567382812,500.7564697265625
2025-04-21,192.68833923339844,357.87359619140625,167.32000732421875,147.35964965820312,483.9607238769531
2025-04-22,199.25228881835938,365.5469055175781,173.17999267578125,151.1516571044922,499.5581970214844
2025-04-23,204.10043334960938,373.09063720703125,180.60000610351562,155.0235137939453,519.5193481445312
2025-04-24,207.8612060546875,385.9557800292969,186.5399932861328,158.9452362060547,532.3807983398438
2025-04-25,208.76898193359375,390.4900207519531,188.99000549316406,161.61962890625,546.4804077148438
2025-04-28,209.62689208984375,389.80242919921875,187.6999969482422,160.2724609375,548.9468383789062
2025-04-29,210.69427490234375,392.67242431640625,187.38999938964844,159.8234100341797,553.6400756835938
2025-04-30,211.9811248779297,393.88818359375,184.4199981689453,158.4662628173828,548.2078857421875
2025-05-01,212.79913330078125,423.9235534667969,190.1999969482422,160.96099853515625,571.3843994140625
2025-05-02,204.8485870361328,433.769287109375,189.97999572753906,163.68527221679688,596.15869140625
2025-05-05,198.40435791015625,434.65618896484375,186.35000610351562,163.86489868164062,598.4053955078125
2025-05-06,198.0252685546875,431.8061218261719,185.00999450683594,162.88693237304688,586.462646484375
2025-05-07,195.7707977294922,431.8459777832031,188.7100067138672,151.06185913085938,595.9489135742188
2025-05-08,197.00778198242188,436.6492614746094,192.0800018310547,153.9557647705078,597.147216796875
2025-05-09,198.0452423095703,437.2073059082031,193.05999755859375,152.42897033691406,591.6351928710938
2025-05-12,210.55104064941406,447.7007751464844,208.63999938964844,158.12696838378906,638.5073852539062
2025-05-13,212.68861389160156,447.5812072753906,211.3699951171875,159.19471740722656,655.08349609375
2025-05-14,212.08929443359375,451.36798095703125,210.25,165.02244567871094,658.4086303710938
2025-05-15,211.21029663085938,452.3863220214844,205.1699981689453,163.61541748046875,642.9509887695312
2025-05-16,211.0205078125,453.5244445800781,205.58999633789062,165.84072875976562,639.4161376953125
2025-05-19,208.54331970214844,458.11688232421875,206.16000366210938,166.1899871826172,639.5059814453125
2025-05-20,206.62550354003906,457.4180603027344,204.07000732421875,163.6353759765625,636.1807861328125
2025-05-21,201.86090087890625,451.8272399902344,201.1199951171875,168.20574951171875,634.5831298828125
2025-05-22,201.13172912597656,454.11346435546875,203.10000610351562,170.51089477539062,635.6515502929688
2025-05-23,195.04864501953125,449.441162109375,200.99000549316406,168.11593627929688,626.1552734375
2025-05-26,195.04864501953125,449.441162109375,200.99000549316406,168.11593627929688,626.1552734375
2025-05-27,199.98304748535156,459.93389892578125,206.02000427246094,172.53662109375,641.3932495117188
2025-05-28,200.1927947998047,456.609375,204.72000122070312,171.9977569580078,642.6514282226562
2025-05-29,199.72332763671875,457.9272155761719,205.6999969482422,171.49880981445312,644.1193237304688
2025-05-30,200.622314453125,459.60443115234375,205.00999450683594,171.3790740966797,646.5557861328125
2025-06-02,201.47134399414062,461.2118225097656,206.64999389648438,168.6747589111328,669.9320678710938
2025-06-03,203.03956604003906,462.2101745605469,205.7100067138672,165.83074951171875,665.8878173828125
2025-06-04,202.590087890625,463.1086730957031,207.22999572753906,167.69680786132812,686.9573974609375
2025-06-05,200.40257263183594,466.91241455078125,207.91000366210938,167.8564910888672,683.6322021484375
2025-06-06,203.68882751464844,469.6080017089844,213.57000732421875,173.31497192382812,696.703369140625
2025-06-09,201.2216339111328,471.97412109375,216.97999572753906,175.93264770507812,693.05859375
2025-06-10,202.44024658203125,470.1471252441406,217.61000061035156,178.44041442871094,701.3865966796875
2025-06-11,198.55465698242188,471.8443298339844,213.1999969482422,177.1915283203125,693.1384887695312
2025-06-12,198.97418212890625,478.0840759277344,213.24000549316406,175.54299926757812,692.359619140625
2025-06-13,196.227294921875,474.18048095703125,212.10000610351562,174.513916015625,681.884765625
2025-06-16,198.195068359375,478.3536376953125,216.10000610351562,176.61204528808594,701.6464233398438
2025-06-17,195.418212890625,477.25543212890625,214.82000732421875,175.7927703857422,696.7597045898438
2025-06-18,196.35714721679688,479.4518127441406,212.52000427246094,173.16513061523438,695.3007202148438
2025-06-19,196.35714721679688,479.4518127441406,212.52000427246094,173.16513061523438,695.3007202148438
2025-06-20,200.7721405029297,476.6164855957031,209.69000244140625,166.4910888671875,681.8897094726562
2025-06-23,201.27157592773438,485.2023620605469,208.47000122070312,165.04238891601562,698.0588989257812
2025-06-24,200.07293701171875,489.30560302734375,212.77000427246094,166.62098693847656,711.7196655273438
2025-06-25,201.33151245117188,491.4620666503906,211.99000549316406,170.52748107910156,708.2020263671875
2025-06-26,200.7721405029297,496.6335754394531,217.1199951171875,173.38491821289062,725.6002807617188
2025-06-27,200.85205078125,495.1260681152344,223.3000030517578,178.37046813964844,733.1351928710938
2025-06-30,204.93740844726562,496.5936584472656,219.38999938964844,176.07252502441406,737.5922241210938
2025-07-01,207.58441162109375,491.242431640625,220.4600067138672,175.682861328125,718.73486328125
2025-07-02,212.1991729736328,490.2840270996094,219.9199981689453,178.48036193847656,713.0886840820312
2025-07-03,213.30792236328125,498.02130126953125,223.41000366210938,179.36956787109375,718.5250244140625
2025-07-04,213.30792236328125,498.02130126953125,223.41000366210938,179.36956787109375,718.5250244140625
2025-07-07,209.7119903564453,496.90313720703125,223.47000122070312,176.63201904296875,717.865478515625
2025-07-08,209.7719268798828,495.804931640625,219.36000061035156,174.20419311523438,720.1838989257812
2025-07-09,210.90065002441406,502.68365478515625,222.5399932861328,176.46217346191406,732.2857666015625
2025-07-10,212.16920471191406,500.656982421875,222.25999450683594,177.46127319335938,726.7494506835938
2025-07-11,210.92062377929688,502.49395751953125,225.02000427246094,180.02899169921875,717.0260620117188
2025-07-14,208.3834991455078,502.1944274902344,225.69000244140625,181.3977508544922,720.4337158203125
2025-07-15,208.87295532226562,504.9898376464844,226.35000610351562,181.83737182617188,709.910888671875
2025-07-16,209.92176818847656,504.7901611328125,223.19000244140625,182.80650329589844,702.4358520507812
2025-07-17,209.78192138671875,510.8601989746094,223.8800048828125,183.41595458984375,700.9368896484375
2025-07-18,210.9405975341797,509.212890625,226.1300048828125,184.89462280273438,703.8049926757812
2025-07-21,212.23912048339844,509.2228698730469,229.3000030517578,189.9301300048828,712.4890747070312
2025-07-22,214.15695190429688,504.44073486328125,227.47000122070312,191.1690216064453,704.3345947265625
2025-07-23,213.9072265625,505.0397644042969,228.2899932861328,190.0600128173828,713.0986938476562
2025-07-24,213.51766967773438,510.0415344238281,232.22999572753906,191.99827575683594,714.31787109375
2025-07-25,213.63754272460938,512.866943359375,231.44000244140625,193.0073699951172,712.1992797851562
2025-07-28,213.80735778808594,511.65887451171875,232.7899932861328,192.4079132080078,717.14599609375
2025-07-29,211.03050231933594,511.728759765625,231.00999450683594,195.5750732421875,699.52783203125
2025-07-30,208.81301879882812,512.3976440429688,230.19000244140625,196.35438537597656,694.7410888671875
2025-07-31,207.33470153808594,532.6243896484375,234.11000061035156,191.728515625,772.9183349609375
2025-08-01,202.1505889892578,523.2498168945312,214.75,188.96099853515625,749.504150390625
2025-08-04,203.11949157714844,534.7609252929688,211.64999389648438,194.86570739746094,775.8463745117188
2025-08-05,202.68995666503906,526.8838500976562,213.75,194.4960479736328,762.945068359375
2025-08-06,213.0082550048828,524.0784912109375,222.30999755859375,195.91476440429688,771.4692993164062
2025-08-07,219.7805633544922,519.9852294921875,223.1300048828125,196.34439086914062,761.316162109375
2025-08-08,229.0900115966797,521.1832275390625,222.69000244140625,201.24000549316406,768.7811279296875
2025-08-11,227.17999267578125,520.9136962890625,221.3000030517578,200.8203887939453,765.3534545898438
2025-08-12,229.64999389648438,528.3713989257812,221.47000122070312,203.15829467773438,789.4671630859375
2025-08-13,233.3300018310547,519.7256469726562,224.55999755859375,201.779541015625,779.5538940429688
2025-08-14,232.77999877929688,521.6224975585938,230.97999572753906,202.75865173339844,781.6024780273438
2025-08-15,231.58999633789062,519.3162841796875,231.02999877929688,203.71778869628906,784.7003784179688
2025-08-18,230.88999938964844,516.2512817382812,231.49000549316406,203.3181610107422,766.8524169921875
2025-08-19,230.55999755859375,508.933349609375,228.00999450683594,201.389892578125,750.97314453125
2025-08-20,226.00999450683594,504.8900146484375,223.80999755859375,199.1418914794922,747.2156372070312
2025-08-21,224.89999389648438,504.239990234375,221.9499969482422,199.57150268554688,738.6014404296875
2025-08-22,227.75999450683594,507.2300109863281,228.83999633789062,205.9058380126953,754.2808837890625
2025-08-25,227.16000366210938,504.260009765625,227.94000244140625,208.30369567871094,752.7918701171875
2025-08-26,229.30999755859375,502.0400085449219,228.7100067138672,206.95489501953125,753.5913696289062
2025-08-27,230.49000549316406,506.739990234375,229.1199951171875,207.29458618164062,746.8759155273438
2025-08-28,232.55999755859375,509.6400146484375,231.60000610351562,211.4508819580078,750.6033935546875
2025-08-29,232.13999938964844,506.69000244140625,229.0,212.71974182128906,738.2017822265625
2025-09-01,232.13999938964844,506.69000244140625,229.0,212.71974182128906,738.2017822265625
2025-09-02,229.72000122070312,505.1199951171875,225.33999633789062,211.16114807128906,734.6141357421875
2025-09-03,238.47000122070312,505.3500061035156,225.99000549316406,230.45388793945312,736.5528564453125
2025-09-04,239.77999877929688,507.9700012207031,235.67999267578125,232.09242248535156,748.1450805664062
2025-09-05,239.69000244140625,495.0,232.3300018310547,234.79000854492188,751.9425048828125
2025-09-08,237.8800048828125,498.20001220703125,235.83999633789062,234.0399932861328,751.7925415039062
2025-09-09,234.35000610351562,498.4100036621094,238.24000549316406,239.6300048828125,765.1835327148438
2025-09-10,226.7899932861328,500.3699951171875,230.3300018310547,239.1699981689453,751.4727783203125
2025-09-11,230.02999877929688,501.010009765625,229.9499969482422,240.3699951171875,750.3935546875
2025-09-12,234.07000732421875,509.8999938964844,228.14999389648438,240.8000030517578,755.0803833007812
2025-09-15,236.6999969482422,515.3599853515625,231.42999267578125,251.61000061035156,764.1842041015625
2025-09-16,238.14999389648438,509.0400085449219,234.0500030517578,251.16000366210938,778.4745483398438
2025-09-17,238.99000549316406,510.0199890136719,231.6199951171875,249.52999877929688,775.19677734375
2025-09-18,237.8800048828125,508.45001220703125,231.22999572753906,252.02999877929688,779.7237548828125
2025-09-19,245.5,517.9299926757812,231.47999572753906,254.72000122070312,777.85498046875
2025-09-22,256.0799865722656,514.4500122070312,227.6300048828125,252.52999877929688,765.1599731445312
2025-09-23,254.42999267578125,509.2300109863281,220.7100067138672,251.66000366210938,755.4000244140625
2025-09-24,252.30999755859375,510.1499938964844,220.2100067138672,247.13999938964844,760.6599731445312
2025-09-25,256.8699951171875,507.0299987792969,218.14999389648438,245.7899932861328,748.9099731445312
2025-09-26,255.4600067138672,511.4599914550781,219.77999877929688,246.5399932861328,743.75
2025-09-29,254.42999267578125,514.5999755859375,222.1699981689453,244.0500030517578,743.4000244140625
2025-09-30,254.6300048828125,517.9500122070312,219.57000732421875,243.10000610351562,734.3800048828125
2025-10-01,255.4499969482422,519.7100219726562,220.6300048828125,244.89999389648438,717.3400268554688
2025-10-02,257.1300048828125,515.739990234375,222.41000366210938,245.69000244140625,727.0499877929688
2025-10-03,258.0199890136719,517.3499755859375,219.50999450683594,245.35000610351562,710.5599975585938
2025-10-06,256.69000244140625,528.5700073242188,220.89999389648438,250.42999267578125,715.6599731445312
2025-10-07,256.4800109863281,523.97998046875,221.77999877929688,245.75999450683594,713.0800170898438
2025-10-08,258.05999755859375,524.8499755859375,225.22000122070312,244.6199951171875,717.8400268554688
2025-10-09,254.0399932861328,522.4000244140625,227.74000549316406,241.52999877929688,733.510009765625
2025-10-10,245.27000427246094,510.9599914550781,216.3699951171875,236.57000732421875,705.2999877929688
2025-10-13,247.66000366210938,514.0499877929688,220.07000732421875,244.14999389648438,715.7000122070312
2025-10-14,247.77000427246094,513.5700073242188,216.38999938964844,245.4499969482422,708.6500244140625
2025-10-15,249.33999633789062,513.4299926757812,215.57000732421875,251.02999877929688,717.5499877929688
2025-10-16,247.4499969482422,511.6099853515625,214.47000122070312,251.4600067138672,712.0700073242188
2025-10-17,252.2899932861328,513.5800170898438,213.0399932861328,253.3000030517578,716.9199829101562
