Date,AAPL,MSFT,GOOGL,AMZN,META,NVDA,JPM,BAC,WFC,XOM,CVX,JNJ,PFE,PG,KO,DIS,NFLX,TSLA,INTC,CSCO,V,V,MA,HD,NKE,T,T,VZ,IBM,ORCL,PEP,MCD
2020-01-02,,,,,,,,,,,,,,,,,,,,,183.54905700683594,43.34949493408203,,,,28.68400001525879,19.206356048583984,,,,,
2020-01-03,,,,,,,,,,,,,,,,,,,,,182.08929443359375,42.887943267822266,,,,29.534000396728516,19.305204391479492,,,,,
2020-01-06,,,,,,,,,,,,,,,,,,,,,181.69557189941406,42.79563903808594,,,,30.1026668548584,19.32497787475586,,,,,
2020-01-07,,,,,,,,,,,,,,,,,,,,,181.21533203125,42.31989669799805,,,,31.270666122436523,19.39911651611328,,,,,
2020-01-08,,,,,,,,,,,,,,,,,,,,,184.3173828125,42.398006439208984,,,,32.80933380126953,19.45842742919922,,,,,
2020-01-09,,,,,,,,,,,,,,,,,,,,,185.59474182128906,42.222225189208984,,,,32.089332580566406,19.51802635192871,,,,,
2020-01-10,,,,,,,,,,,,,,,,,,,,,186.09414672851562,42.32267379760742,,,,31.876667022705078,19.402326583862305,,,,,
2020-01-13,,,,,,,,,,,,,,,,,,,,,187.59226989746094,42.437461853027344,,,,34.990665435791016,19.165895462036133,,,,,
2020-01-14,,,,,,,,,,,,,,,,,,,,,188.28379821777344,42.358543395996094,,,,35.861331939697266,19.160863876342773,,,,,
2020-01-15,,,,,,,,,,,,,,,,,,,,,191.88523864746094,42.40159225463867,,,,34.56666564941406,19.050193786621094,,,,,
2020-01-16,,,,,,,,,,,,,,,,,,,,,192.98968505859375,42.810543060302734,,,,34.232666015625,19.130680084228516,,,,,
2020-01-17,,,,,,,,,,,,,,,,,,,,,196.59112548828125,43.14057540893555,,,,34.03333282470703,19.306747436523438,,,,,
2020-01-21,,,,,,,,,,,,,,,,,,,,,199.07847595214844,43.276885986328125,,,,36.47999954223633,19.37717628479004,,,,,
2020-01-22,,,,,,,,,,,,,,,,,,,,,199.66436767578125,43.39168167114258,,,,37.97066879272461,19.638755798339844,,,,,
2020-01-23,,,,,,,,,,,,,,,,,,,,,198.3390350341797,43.41320037841797,,,,38.14666748046875,19.43250846862793,,,,,
2020-01-24,,,,,,,,,,,,,,,,,,,,,196.87925720214844,43.24818420410156,,,,37.654666900634766,19.36711311340332,,,,,
2020-01-27,,,,,,,,,,,,,,,,,,,,,193.70037841796875,42.98272705078125,,,,37.201332092285156,19.241355895996094,,,,,
2020-01-28,,,,,,,,,,,,,,,,,,,,,194.81442260742188,43.54951477050781,,,,37.793331146240234,19.4073543548584,,,,,
2020-01-29,,,,,,,,,,,,,,,,,,,,,196.7447967529297,42.7100944519043,,,,38.732666015625,18.637699127197266,,,,,
2020-01-30,,,,,,,,,,,,,,,,,,,,,199.9620819091797,42.5881233215332,,,,42.72066879272461,18.828861236572266,,,,,
2020-01-31,,,,,,,,,,,,,,,,,,,,,191.08811950683594,42.645530700683594,,,,43.371334075927734,18.924434661865234,,,,,
2020-02-03,,,,,,,,,,,,,,,,,,,,,192.85520935058594,41.64826202392578,,,,52.0,18.592426300048828,,,,,
2020-02-04,,,,,,,,,,,,,,,,,,,,,195.49630737304688,41.820465087890625,,,,59.137332916259766,18.929460525512695,,,,,
2020-02-05,,,,,,,,,,,,,,,,,,,,,194.77598571777344,42.42311096191406,,,,48.97999954223633,19.0200138092041,,,,,
2020-02-06,,,,,,,,,,,,,,,,,,,,,194.99685668945312,42.645530700683594,,,,49.930667877197266,19.336933135986328,,,,,
2020-02-07,,,,,,,,,,,,,,,,,,,,,194.70875549316406,43.004249572753906,,,,49.871334075927734,19.341960906982422,,,,,
2020-02-10,,,,,,,,,,,,,,,,,,,,,197.8300323486328,43.2194938659668,,,,51.41866683959961,19.28662872314453,,,,,
2020-02-11,,,,,,,,,,,,,,,,,,,,,195.8612518310547,42.107425689697266,,,,51.62533187866211,19.201108932495117,,,,,
2020-02-12,,,,,,,,,,,,,,,,,,,,,199.2226104736328,41.777408599853516,,,,51.15266799926758,19.135713577270508,,,,,
2020-02-13,,,,,,,,,,,,,,,,,,,,,199.47265625,42.07872772216797,,,,53.599998474121094,19.271535873413086,,,,,
2020-02-14,,,,,,,,,,,,,,,,,,,,,202.252197265625,41.97829055786133,,,,53.33533477783203,19.241355895996094,,,,,
2020-02-18,,,,,,,,,,,,,,,,,,,,,203.12741088867188,41.547821044921875,,,,57.22666549682617,19.246379852294922,,,,,
2020-02-19,,,,,,,,,,,,,,,,,,,,,205.15675354003906,41.770233154296875,,,,61.16133117675781,19.336933135986328,,,,,
2020-02-20,,,,,,,,,,,,,,,,,,,,,203.36782836914062,41.67694854736328,,,,59.96066665649414,19.42245101928711,,,,,
2020-02-21,,,,,,,,,,,,,,,,,,,,,200.82875061035156,41.75587844848633,,,,60.06666564941406,19.392269134521484,,,,,
2020-02-24,,,,,,,,,,,,,,,,,,,,,191.1917266845703,41.60520935058594,,,,55.58599853515625,19.140743255615234,,,,,
2020-02-25,,,,,,,,,,,,,,,,,,,,,181.19888305664062,40.98102569580078,,,,53.32733154296875,18.788612365722656,,,,,
2020-02-26,,,,,,,,,,,,,,,,,,,,,180.0543670654297,40.995384216308594,,,,51.91999816894531,18.66285514831543,,,,,
2020-02-27,,,,,,,,,,,,,,,,,,,,,173.12954711914062,39.50307083129883,,,,45.266666412353516,17.97368621826172,,,,,
2020-02-28,,,,,,,,,,,,,,,,,,,,,174.8126678466797,38.857357025146484,,,,44.53266525268555,17.717132568359375,,,,,
2020-03-02,,,,,,,,,,,,,,,,,,,,,184.97865295410156,41.12451171875,,,,49.574668884277344,18.703094482421875,,,,,
2020-03-03,,,,,,,,,,,,,,,,,,,,,178.6309051513672,39.962242126464844,,,,49.70066833496094,18.260419845581055,,,,,
2020-03-04,,,,,,,,,,,,,,,,,,,,,186.86375427246094,41.698482513427734,,,,49.96666717529297,19.206138610839844,,,,,
2020-03-05,,,,,,,,,,,,,,,,,,,,,179.81394958496094,41.009735107421875,,,,48.30266571044922,18.703094482421875,,,,,
2020-03-06,,,,,,,,,,,,,,,,,,,,,177.31332397460938,40.80167007446289,,,,46.89866638183594,18.62763786315918,,,,,
2020-03-09,,,,,,,,,,,,,,,,,,,,,164.58900451660156,40.055519104003906,,,,40.53333282470703,17.450523376464844,,,,,
2020-03-10,,,,,,,,,,,,,,,,,,,,,175.62059020996094,40.55056381225586,,,,43.02199935913086,18.034046173095703,,,,,
2020-03-11,,,,,,,,,,,,,,,,,,,,,166.33938598632812,39.33806228637695,,,,42.28200149536133,17.365009307861328,,,,,
2020-03-12,,,,,,,,,,,,,,,,,,,,,153.96136474609375,36.73369216918945,,,,37.369998931884766,15.76030158996582,,,,,
2020-03-13,,,,,,,,,,,,,,,,,,,,,169.1093292236328,38.864532470703125,,,,36.44133377075195,17.33985137939453,,,,,
2020-03-16,,,,,,,,,,,,,,,,,,,,,146.19976806640625,36.583030700683594,,,,29.67133331298828,16.00176239013672,,,,,
2020-03-17,,,,,,,,,,,,,,,,,,,,,151.8550567626953,38.96498107910156,,,,28.68000030517578,16.972627639770508,,,,,
2020-03-18,,,,,,,,,,,,,,,,,,,,,142.80471801757812,38.97216033935547,,,,24.08133316040039,16.52492332458496,,,,,
2020-03-19,,,,,,,,,,,,,,,,,,,,,146.4306182861328,38.46993637084961,,,,28.50933265686035,15.669751167297363,,,,,
2020-03-20,,,,,,,,,,,,,,,,,,,,,141.2177734375,37.164161682128906,,,,28.50200080871582,14.311534881591797,,,,,
2020-03-23,,,,,,,,,,,,,,,,,,,,,130.5516815185547,36.09516143798828,,,,28.952667236328125,13.466429710388184,,,,,
2020-03-24,,,,,,,,,,,,,,,,,,,,,148.62347412109375,35.86558532714844,,,,33.66666793823242,14.130444526672363,,,,,
2020-03-25,,,,,,,,,,,,,,,,,,,,,155.59637451171875,35.8297004699707,,,,35.95000076293945,14.286386489868164,,,,,
2020-03-26,,,,,,,,,,,,,,,,,,,,,162.4249725341797,38.41253662109375,,,,35.21066665649414,15.393077850341797,,,,,
2020-03-27,,,,,,,,,,,,,,,,,,,,,155.38478088378906,37.86009979248047,,,,34.29066848754883,15.010769844055176,,,,,
2020-03-30,,,,,,,,,,,,,,,,,,,,,159.2415008544922,39.29500198364258,,,,33.47533416748047,15.206953048706055,,,,,
2020-03-31,,,,,,,,,,,,,,,,,,,,,154.9615936279297,38.54886245727539,,,,34.93333435058594,14.663667678833008,,,,,
2020-04-01,,,,,,,,,,,,,,,,,,,,,147.2577362060547,37.96771240234375,,,,32.104000091552734,14.110321998596191,,,,,
2020-04-02,,,,,,,,,,,,,,,,,,,,,151.37411499023438,39.63938903808594,,,,30.29800033569336,14.467485427856445,,,,,
2020-04-03,,,,,,,,,,,,,,,,,,,,,146.04591369628906,39.24478530883789,,,,32.000667572021484,13.813529968261719,,,,,
2020-04-06,,,,,,,,,,,,,,,,,,,,,162.9635772705078,40.6796989440918,,,,34.41600036621094,14.809552192687988,,,,,
2020-04-07,,,,,,,,,,,,,,,,,,,,,162.14608764648438,40.88058853149414,,,,36.36333465576172,15.13149642944336,,,,,
2020-04-08,,,,,,,,,,,,,,,,,,,,,168.2533416748047,41.46889877319336,,,,36.589332580566406,15.388129234313965,,,,,
2020-04-09,,,,,,,,,,,,,,,,,,,,,167.05113220214844,41.6538200378418,,,,38.20000076293945,15.820585250854492,,,,,
2020-04-13,,,,,,,,,,,,,,,,,,,,,162.53079223632812,41.095428466796875,,,,43.39666748046875,15.542572021484375,,,,,
2020-04-14,,,,,,,,,,,,,,,,,,,,,167.94557189941406,42.16143798828125,,,,47.32600021362305,16.02651023864746,,,,,
2020-04-15,,,,,,,,,,,,,,,,,,,,,159.6165771484375,41.28397750854492,,,,48.65533447265625,15.491094589233398,,,,,
2020-04-16,,,,,,,,,,,,,,,,,,,,,156.2119140625,41.813358306884766,,,,49.680667877197266,15.527132987976074,,,,,
2020-04-17,,,,,,,,,,,,,,,,,,,,,163.05975341796875,42.39348602294922,,,,50.259334564208984,16.0779972076416,,,,,
2020-04-20,,,,,,,,,,,,,,,,,,,,,157.94309997558594,42.1541862487793,,,,49.75733184814453,15.94929027557373,,,,,
2020-04-21,,,,,,,,,,,,,,,,,,,,,154.39413452148438,41.204219818115234,,,,45.781333923339844,15.37783432006836,,,,,
2020-04-22,,,,,,,,,,,,,,,,,,,,,160.2225341796875,42.05265426635742,,,,48.807334899902344,15.171904563903809,,,,,
2020-04-23,,,,,,,,,,,,,,,,,,,,,160.02053833007812,41.762596130371094,,,,47.04199981689453,15.187349319458008,,,,,
2020-04-24,,,,,,,,,,,,,,,,,,,,,160.9246368408203,42.009151458740234,,,,48.34333419799805,15.295462608337402,,,,,
2020-04-27,,,,,,,,,,,,,,,,,,,,,165.1949005126953,41.92213439941406,,,,53.25,15.722766876220703,,,,,
2020-04-28,,,,,,,,,,,,,,,,,,,,,164.70437622070312,41.936641693115234,,,,51.27466583251953,15.779396057128906,,,,,
2020-04-29,,,,,,,,,,,,,,,,,,,,,174.8415069580078,42.146942138671875,,,,53.367332458496094,16.180959701538086,,,,,
2020-04-30,,,,,,,,,,,,,,,,,,,,,171.8888702392578,41.66106414794922,,,,52.12533187866211,15.686732292175293,,,,,
2020-05-01,,,,,,,,,,,,,,,,,,,,,168.85928344726562,41.211463928222656,,,,46.75466537475586,15.39327621459961,,,,,
2020-05-04,,,,,,,,,,,,,,,,,,,,,169.41708374023438,40.78361892700195,,,,50.74599838256836,15.2388334274292,,,,,
2020-05-05,,,,,,,,,,,,,,,,,,,,,171.6195831298828,40.97941589355469,,,,51.2140007019043,15.310904502868652,,,,,
2020-05-06,,,,,,,,,,,,,,,,,,,,,171.94656372070312,40.348514556884766,,,,52.172000885009766,14.821821212768555,,,,,
2020-05-07,,,,,,,,,,,,,,,,,,,,,175.73599243164062,40.304996490478516,,,,52.00266647338867,14.873299598693848,,,,,
2020-05-08,,,,,,,,,,,,,,,,,,,,,178.015380859375,41.334739685058594,,,,54.62799835205078,15.336647033691406,,,,,
2020-05-11,,,,,,,,,,,,,,,,,,,,,176.54388427734375,40.89963912963867,,,,54.08599853515625,15.125567436218262,,,,,
2020-05-12,,,,,,,,,,,,,,,,,,,,,172.61019897460938,40.217987060546875,,,,53.96066665649414,14.873299598693848,,,,,
2020-05-13,,,,,,,,,,,,,,,,,,,,,170.60635375976562,39.77561950683594,,,,52.73066711425781,14.461441040039062,,,,,
2020-05-14,,,,,,,,,,,,,,,,,,,,,174.27687072753906,39.819129943847656,,,,53.55533218383789,14.713713645935059,,,,,
2020-05-15,,,,,,,,,,,,,,,,,,,,,176.7720489501953,39.67409896850586,,,,53.27799987792969,14.57470703125,,,,,
2020-05-18,,,,,,,,,,,,,,,,,,,,,184.3731689453125,40.40652847290039,,,,54.242000579833984,15.161602973937988,,,,,
2020-05-19,,,,,,,,,,,,,,,,,,,,,182.4271240234375,39.43479537963867,,,,53.867332458496094,14.909339904785156,,,,,
2020-05-20,,,,,,,,,,,,,,,,,,,,,186.7624053955078,39.3477783203125,,,,54.37066650390625,15.233682632446289,,,,,
2020-05-21,,,,,,,,,,,,,,,,,,,,,183.64097595214844,39.13747787475586,,,,55.17333221435547,15.326350212097168,,,,,
2020-05-22,,,,,,,,,,,,,,,,,,,,,183.87220764160156,39.23174285888672,,,,54.45866775512695,15.38298225402832,,,,,
2020-05-26,,,,,,,,,,,,,,,,,,,,,186.1457977294922,39.37677764892578,,,,54.591331481933594,15.86691665649414,,,,,
2020-05-27,,,,,,,,,,,,,,,,,,,,,185.76046752929688,39.98591995239258,,,,54.68199920654297,16.397184371948242,,,,,
2020-05-28,,,,,,,,,,,,,,,,,,,,,187.14773559570312,40.40652847290039,,,,53.72066879272461,15.990471839904785,,,,,
2020-05-29,,,,,,,,,,,,,,,,,,,,,188.09188842773438,41.61031723022461,,,,55.66666793823242,15.887511253356934,,,,,
2020-06-01,,,,,,,,,,,,,,,,,,,,,187.23443603515625,40.450035095214844,,,,59.87333297729492,15.923545837402344,,,,,
2020-06-02,,,,,,,,,,,,,,,,,,,,,189.1708526611328,40.89963912963867,,,,58.770668029785156,15.954436302185059,,,,,
2020-06-03,,,,,,,,,,,,,,,,,,,,,189.6621551513672,41.211463928222656,,,,58.86399841308594,16.222148895263672,,,,,
2020-06-04,,,,,,,,,,,,,,,,,,,,,186.55043029785156,41.49427795410156,,,,57.62533187866211,16.371440887451172,,,,,
2020-06-05,,,,,,,,,,,,,,,,,,,,,192.30186462402344,41.871360778808594,,,,59.04399871826172,16.870824813842773,,,,,
2020-06-08,,,,,,,,,,,,,,,,,,,,,192.29222106933594,42.12517547607422,,,,63.327999114990234,17.107646942138672,,,,,
2020-06-09,,,,,,,,,,,,,,,,,,,,,191.79124450683594,41.95839309692383,,,,62.711334228515625,16.793601989746094,,,,,
2020-06-10,,,,,,,,,,,,,,,,,,,,,193.13999938964844,42.096168518066406,,,,68.336669921875,16.54648780822754,,,,,
2020-06-11,,,,,,,,,,,,,,,,,,,,,181.9647216796875,40.935890197753906,,,,64.85600280761719,15.53227710723877,,,,,
2020-06-12,,,,,,,,,,,,,,,,,,,,,185.22096252441406,40.99391555786133,,,,62.35200119018555,15.702174186706543,,,,,
2020-06-15,,,,,,,,,,,,,,,,,,,,,184.7392578125,40.71834945678711,,,,66.05999755859375,15.702174186706543,,,,,
2020-06-16,,,,,,,,,,,,,,,,,,,,,185.81829833984375,41.27672576904297,,,,65.47533416748047,15.846325874328613,,,,,
2020-06-17,,,,,,,,,,,,,,,,,,,,,186.47335815429688,41.080928802490234,,,,66.11933135986328,15.578612327575684,,,,,
2020-06-18,,,,,,,,,,,,,,,,,,,,,186.81056213378906,41.25497055053711,,,,66.9306640625,15.624948501586914,,,,,
2020-06-19,,,,,,,,,,,,,,,,,,,,,185.1631622314453,40.7255973815918,,,,66.72666931152344,15.604355812072754,,,,,
2020-06-22,,,,,,,,,,,,,,,,,,,,,187.8220977783203,40.363014221191406,,,,66.28800201416016,15.501387596130371,,,,,
2020-06-23,,,,,,,,,,,,,,,,,,,,,190.7218780517578,39.84089279174805,,,,66.78533172607422,15.573466300964355,,,,,
2020-06-24,,,,,,,,,,,,,,,,,,,,,184.40206909179688,39.10846710205078,,,,64.0566635131836,15.146160125732422,,,,,
2020-06-25,,,,,,,,,,,,,,,,,,,,,186.8779754638672,39.36227798461914,,,,65.73200225830078,15.300609588623047,,,,,
2020-06-26,,,,,,,,,,,,,,,,,,,,,182.34042358398438,38.55008316040039,,,,63.982666015625,14.971120834350586,,,,,
2020-06-29,,,,,,,,,,,,,,,,,,,,,184.3731689453125,39.659603118896484,,,,67.29000091552734,15.398426055908203,,,,,
2020-06-30,,,,,,,,,,,,,,,,,,,,,186.09762573242188,39.97867202758789,,,,71.98733520507812,15.563170433044434,,,,,
2020-07-01,,,,,,,,,,,,,,,,,,,,,186.68533325195312,39.645084381103516,,,,74.64199829101562,15.39327621459961,,,,,
2020-07-02,,,,,,,,,,,,,,,,,,,,,188.50613403320312,39.732120513916016,,,,80.57733154296875,15.485945701599121,,,,,
2020-07-06,,,,,,,,,,,,,,,,,,,,,190.51962280273438,40.05844497680664,,,,91.43866729736328,15.697026252746582,,,,,
2020-07-07,,,,,,,,,,,,,,,,,,,,,187.08990478515625,39.91340637207031,,,,92.65733337402344,15.609501838684082,,,,,
2020-07-08,,,,,,,,,,,,,,,,,,,,,187.92807006835938,40.159969329833984,,,,91.05867004394531,15.681575775146484,,,,,
2020-07-09,,,,,,,,,,,,,,,,,,,,,185.1727752685547,39.55498123168945,,,,92.9520034790039,15.559635162353516,,,,,
2020-07-10,,,,,,,,,,,,,,,,,,,,,185.50035095214844,39.958309173583984,,,,102.97666931152344,15.870400428771973,,,,,
2020-07-13,,,,,,,,,,,,,,,,,,,,,182.09963989257812,39.92897415161133,,,,99.80400085449219,15.675508499145508,,,,,
2020-07-14,,,,,,,,,,,,,,,,,,,,,186.25180053710938,40.65495300292969,,,,101.12000274658203,15.78085708618164,,,,,
2020-07-15,,,,,,,,,,,,,,,,,,,,,189.35386657714844,40.37629318237305,,,,103.06732940673828,15.807193756103516,,,,,
2020-07-16,,,,,,,,,,,,,,,,,,,,,186.4154815673828,40.9042854309082,,,,100.04266357421875,16.00735092163086,,,,,
2020-07-17,,,,,,,,,,,,,,,,,,,,,187.9473114013672,41.285606384277344,,,,100.05599975585938,15.933608055114746,,,,,
2020-07-20,,,,,,,,,,,,,,,,,,,,,191.20359802246094,40.97028350830078,,,,109.53333282470703,15.722917556762695,,,,,
2020-07-21,,,,,,,,,,,,,,,,,,,,,189.2864532470703,40.94828414916992,,,,104.55733489990234,15.933608055114746,,,,,
2020-07-22,,,,,,,,,,,,,,,,,,,,,191.5792999267578,40.88228225708008,,,,106.15533447265625,15.886204719543457,,,,,
2020-07-23,,,,,,,,,,,,,,,,,,,,,190.20167541503906,40.95560836791992,,,,100.87133026123047,15.749256134033203,,,,,
2020-07-24,,,,,,,,,,,,,,,,,,,,,188.00514221191406,41.68892288208008,,,,94.46666717529297,15.575433731079102,,,,,
2020-07-27,,,,,,,,,,,,,,,,,,,,,189.70074462890625,41.70359420776367,,,,102.63999938964844,15.427948951721191,,,,,
2020-07-28,,,,,,,,,,,,,,,,,,,,,189.53692626953125,42.15091323852539,,,,98.43267059326172,15.638641357421875,,,,,
2020-07-29,,,,,,,,,,,,,,,,,,,,,191.3095703125,42.12891387939453,,,,99.94066619873047,15.570164680480957,,,,,
2020-07-30,,,,,,,,,,,,,,,,,,,,,186.95504760742188,42.018917083740234,,,,99.16600036621094,15.575433731079102,,,,,
2020-07-31,,,,,,,,,,,,,,,,,,,,,183.42904663085938,42.15091323852539,,,,95.38400268554688,15.580702781677246,,,,,
2020-08-03,,,,,,,,,,,,,,,,,,,,,183.7084503173828,41.97491455078125,,,,99.0,15.601768493652344,,,,,
2020-08-04,,,,,,,,,,,,,,,,,,,,,185.24984741210938,42.46623611450195,,,,99.13333129882812,15.807193756103516,,,,,
2020-08-05,,,,,,,,,,,,,,,,,,,,,188.92034912109375,42.19491195678711,,,,99.00133514404297,15.722917556762695,,,,,
2020-08-06,,,,,,,,,,,,,,,,,,,,,191.49261474609375,42.40757751464844,,,,99.30533599853516,15.717650413513184,,,,,
2020-08-07,,,,,,,,,,,,,,,,,,,,,189.1708526611328,42.9208984375,,,,96.84733581542969,15.81246280670166,,,,,
2020-08-10,,,,,,,,,,,,,,,,,,,,,189.58506774902344,43.25822067260742,,,,94.57133483886719,15.907272338867188,,,,,
2020-08-11,,,,,,,,,,,,,,,,,,,,,190.52923583984375,42.90622329711914,,,,91.6259994506836,15.907272338867188,,,,,
2020-08-12,,,,,,,,,,,,,,,,,,,,,191.46371459960938,42.972225189208984,,,,103.65066528320312,15.896739959716797,,,,,
2020-08-13,,,,,,,,,,,,,,,,,,,,,190.63394165039062,42.91355895996094,,,,108.06666564941406,15.754522323608398,,,,,
2020-08-14,,,,,,,,,,,,,,,,,,,,,189.7269744873047,43.1115608215332,,,,110.04733276367188,15.807193756103516,,,,,
2020-08-17,,,,,,,,,,,,,,,,,,,,,192.41891479492188,43.104225158691406,,,,122.3759994506836,15.722917556762695,,,,,
2020-08-18,,,,,,,,,,,,,,,,,,,,,192.013671875,43.397552490234375,,,,125.80599975585938,15.691314697265625,,,,,
2020-08-19,,,,,,,,,,,,,,,,,,,,,193.92405700683594,43.302223205566406,,,,125.23533630371094,15.659710884094238,,,,,
2020-08-20,,,,,,,,,,,,,,,,,,,,,196.97293090820312,43.2362174987793,,,,133.45533752441406,15.628106117248535,,,,,
2020-08-21,,,,,,,,,,,,,,,,,,,,,196.9536590576172,43.25822067260742,,,,136.6653289794922,15.638641357421875,,,,,
2020-08-24,,,,,,,,,,,,,,,,,,,,,199.15354919433594,43.683536529541016,,,,134.27999877929688,15.817728996276855,,,,,
2020-08-25,,,,,,,,,,,,,,,,,,,,,200.78408813476562,43.573551177978516,,,,134.8893280029297,15.749256134033203,,,,,
2020-08-26,,,,,,,,,,,,,,,,,,,,,202.86814880371094,43.60287094116211,,,,143.54466247558594,15.796659469604492,,,,,
2020-08-27,,,,,,,,,,,,,,,,,,,,,203.61109924316406,43.58087921142578,,,,149.25,15.749256134033203,,,,,
2020-08-28,,,,,,,,,,,,,,,,,,,,,208.1265411376953,43.45621109008789,,,,147.55999755859375,15.822999954223633,,,,,
2020-08-31,,,,,,,,,,,,,,,,,,,,,204.537353515625,43.46354293823242,,,,166.10667419433594,15.701849937438965,,,,,
2020-09-01,,,,,,,,,,,,,,,,,,,,,205.84957885742188,43.38288497924805,,,,158.35000610351562,15.522759437561035,,,,,
2020-09-02,,,,,,,,,,,,,,,,,,,,,208.86953735351562,44.387516021728516,,,,149.1233367919922,15.643906593322754,,,,,
2020-09-03,,,,,,,,,,,,,,,,,,,,,201.61387634277344,44.446197509765625,,,,135.6666717529297,15.585968017578125,,,,,
2020-09-04,,,,,,,,,,,,,,,,,,,,,197.46502685546875,44.35086441040039,,,,139.44000244140625,15.49642562866211,,,,,
2020-09-08,,,,,,,,,,,,,,,,,,,,,193.08462524414062,43.96953201293945,,,,110.06999969482422,15.543830871582031,,,,,
2020-09-09,,,,,,,,,,,,,,,,,,,,,196.88613891601562,44.0281982421875,,,,122.09333038330078,15.47008991241455,,,,,
2020-09-10,,,,,,,,,,,,,,,,,,,,,194.4547576904297,43.65421676635742,,,,123.77999877929688,15.22778606414795,,,,,
2020-09-11,,,,,,,,,,,,,,,,,,,,,193.62493896484375,43.844871520996094,,,,124.23999786376953,15.275195121765137,,,,,
2020-09-14,,,,,,,,,,,,,,,,,,,,,197.77378845214844,44.23353576660156,,,,139.8733367919922,15.348937034606934,,,,,
2020-09-15,,,,,,,,,,,,,,,,,,,,,198.16940307617188,44.43885803222656,,,,149.9199981689453,15.33840560913086,,,,,
2020-09-16,,,,,,,,,,,,,,,,,,,,,197.91848754882812,44.27019119262695,,,,147.25332641601562,15.401612281799316,,,,,
2020-09-17,,,,,,,,,,,,,,,,,,,,,198.0535888671875,44.4315185546875,,,,141.14332580566406,15.312066078186035,,,,,
2020-09-18,,,,,,,,,,,,,,,,,,,,,195.48707580566406,44.255523681640625,,,,147.38333129882812,15.238325119018555,,,,,
2020-09-21,,,,,,,,,,,,,,,,,,,,,190.5084991455078,43.71287155151367,,,,149.79666137695312,15.08030891418457,,,,,
2020-09-22,,,,,,,,,,,,,,,,,,,,,193.50917053222656,43.86687469482422,,,,141.41000366210938,15.017098426818848,,,,,
2020-09-23,,,,,,,,,,,,,,,,,,,,,188.50161743164062,43.199546813964844,,,,126.78666687011719,14.679991722106934,,,,,
2020-09-24,,,,,,,,,,,,,,,,,,,,,188.6463623046875,43.40488815307617,,,,129.26333618164062,14.769533157348633,,,,,
2020-09-25,,,,,,,,,,,,,,,,,,,,,190.31553649902344,43.551544189453125,,,,135.77999877929688,14.769533157348633,,,,,
2020-09-28,,,,,,,,,,,,,,,,,,,,,193.27760314941406,43.529544830322266,,,,140.39999389648438,14.948620796203613,,,,,
2020-09-29,,,,,,,,,,,,,,,,,,,,,192.42852783203125,43.44154739379883,,,,139.69000244140625,14.906485557556152,,,,,
2020-09-30,,,,,,,,,,,,,,,,,,,,,192.93991088867188,43.624881744384766,,,,143.00332641601562,15.017098426818848,,,,,
2020-10-01,,,,,,,,,,,,,,,,,,,,,196.2010955810547,43.59553909301758,,,,149.3866729736328,15.006563186645508,,,,,
2020-10-02,,,,,,,,,,,,,,,,,,,,,194.37754821777344,43.44154739379883,,,,138.3633270263672,15.106640815734863,,,,,
2020-10-05,,,,,,,,,,,,,,,,,,,,,196.3843994140625,43.749542236328125,,,,141.89332580566406,15.101378440856934,,,,,
2020-10-06,,,,,,,,,,,,,,,,,,,,,193.40304565429688,43.60287094116211,,,,137.9933319091797,15.122444152832031,,,,,
2020-10-07,,,,,,,,,,,,,,,,,,,,,195.3520050048828,43.71287155151367,,,,141.76666259765625,15.169851303100586,,,,,
2020-10-08,,,,,,,,,,,,,,,,,,,,,195.84408569335938,43.867027282714844,,,,141.97332763671875,15.438846588134766,,,,,
2020-10-09,,,,,,,,,,,,,,,,,,,,,199.3754425048828,43.97077560424805,,,,144.6666717529297,15.282352447509766,,,,,
2020-10-12,,,,,,,,,,,,,,,,,,,,,199.14385986328125,44.13383102416992,,,,147.43333435058594,15.179817199707031,,,,,
2020-10-13,,,,,,,,,,,,,,,,,,,,,197.13699340820312,43.993019104003906,,,,148.88333129882812,14.974759101867676,,,,,
2020-10-14,,,,,,,,,,,,,,,,,,,,,195.09149169921875,43.303775787353516,,,,153.76666259765625,14.834457397460938,,,,,
2020-10-15,,,,,,,,,,,,,,,,,,,,,192.53469848632812,43.10367202758789,,,,149.6266632080078,14.812870979309082,,,,,
2020-10-16,,,,,,,,,,,,,,,,,,,,,193.21969604492188,43.022151947021484,,,,146.55667114257812,14.748117446899414,,,,,
2020-10-19,,,,,,,,,,,,,,,,,,,,,190.0453643798828,42.46630859375,,,,143.61000061035156,14.50528621673584,,,,,
2020-10-20,,,,,,,,,,,,,,,,,,,,,190.7496795654297,42.42925262451172,,,,140.64666748046875,14.440526962280273,,,,,
2020-10-21,,,,,,,,,,,,,,,,,,,,,191.4540557861328,42.058692932128906,,,,140.8800048828125,14.418941497802734,,,,,
2020-10-22,,,,,,,,,,,,,,,,,,,,,191.02952575683594,42.48854064941406,,,,141.92999267578125,15.260764122009277,,,,,
2020-10-23,,,,,,,,,,,,,,,,,,,,,191.04884338378906,42.955448150634766,,,,140.2100067138672,15.01253890991211,,,,,
2020-10-26,,,,,,,,,,,,,,,,,,,,,186.28248596191406,42.84428405761719,,,,140.0933380126953,14.77509880065918,,,,,
2020-10-27,,,,,,,,,,,,,,,,,,,,,183.37831115722656,42.525604248046875,,,,141.55999755859375,14.526866912841797,,,,,
2020-10-28,,,,,,,,,,,,,,,,,,,,,174.5113983154297,41.732601165771484,,,,135.33999633789062,14.300223350524902,,,,,
2020-10-29,,,,,,,,,,,,,,,,,,,,,178.3707733154297,42.06609344482422,,,,136.94332885742188,14.440526962280273,,,,,
2020-10-30,,,,,,,,,,,,,,,,,,,,,175.32186889648438,42.2365608215332,,,,129.34666442871094,14.580829620361328,,,,,
2020-11-02,,,,,,,,,,,,,,,,,,,,,178.245361328125,42.762752532958984,,,,133.50332641601562,14.75351333618164,,,,,
2020-11-03,,,,,,,,,,,,,,,,,,,,,181.71875,42.79981231689453,,,,141.3000030517578,14.818267822265625,,,,,
2020-11-04,,,,,,,,,,,,,,,,,,,,,187.15084838867188,42.40701675415039,,,,140.32666015625,14.591623306274414,,,,,
2020-11-05,,,,,,,,,,,,,,,,,,,,,190.69187927246094,43.09626388549805,,,,146.02999877929688,14.845252990722656,,,,,
2020-11-06,,,,,,,,,,,,,,,,,,,,,191.49264526367188,43.37788391113281,,,,143.31666564941406,14.807477951049805,,,,,
2020-11-09,,,,,,,,,,,,,,,,,,,,,205.20306396484375,44.34876251220703,,,,140.4199981689453,15.271560668945312,,,,,
2020-11-10,,,,,,,,,,,,,,,,,,,,,205.81094360351562,45.28257369995117,,,,136.7866668701172,15.568358421325684,,,,,
2020-11-11,,,,,,,,,,,,,,,,,,,,,205.22235107421875,45.208457946777344,,,,139.0433349609375,15.5036039352417,,,,,
2020-11-12,,,,,,,,,,,,,,,,,,,,,201.24127197265625,45.052825927734375,,,,137.25332641601562,15.3471097946167,,,,,
2020-11-13,,,,,,,,,,,,,,,,,,,,,203.3863983154297,45.252925872802734,,,,136.1666717529297,15.600730895996094,,,,,
2020-11-16,,,,,,,,,,,,,,,,,,,,,205.5315704345703,45.12693786621094,,,,136.02999877929688,15.6331148147583,,,,,
2020-11-17,,,,,,,,,,,,,,,,,,,,,203.6086883544922,45.0231819152832,,,,147.20333862304688,15.665491104125977,,,,,
2020-11-18,,,,,,,,,,,,,,,,,,,,,200.82571411132812,44.70450210571289,,,,162.2133331298828,15.444243431091309,,,,,
2020-11-19,,,,,,,,,,,,,,,,,,,,,200.5745086669922,44.62297439575195,,,,166.42333984375,15.260764122009277,,,,,
2020-11-20,,,,,,,,,,,,,,,,,,,,,197.0088653564453,44.49698257446289,,,,163.20333862304688,15.282352447509766,,,,,
2020-11-23,,,,,,,,,,,,,,,,,,,,,201.14462280273438,44.63779830932617,,,,173.9499969482422,15.444243431091309,,,,,
2020-11-24,,,,,,,,,,,,,,,,,,,,,202.6133575439453,44.941650390625,,,,185.1266632080078,15.773419380187988,,,,,
2020-11-25,,,,,,,,,,,,,,,,,,,,,203.78260803222656,44.77119445800781,,,,191.3333282470703,15.643903732299805,,,,,
2020-11-27,,,,,,,,,,,,,,,,,,,,,203.888916015625,44.89719772338867,,,,195.25332641601562,15.665491104125977,,,,,
2020-11-30,,,,,,,,,,,,,,,,,,,,,203.2608184814453,44.77119445800781,,,,189.1999969482422,15.514398574829102,,,,,
2020-12-01,,,,,,,,,,,,,,,,,,,,,204.08216857910156,44.89719772338867,,,,194.9199981689453,15.57914924621582,,,,,
2020-12-02,,,,,,,,,,,,,,,,,,,,,203.09652709960938,45.47526168823242,,,,189.60667419433594,15.69786548614502,,,,,
2020-12-03,,,,,,,,,,,,,,,,,,,,,201.03829956054688,45.756893157958984,,,,197.7933349609375,15.773419380187988,,,,,
2020-12-04,,,,,,,,,,,,,,,,,,,,,205.51226806640625,45.61608123779297,,,,199.67999267578125,15.940707206726074,,,,,
2020-12-07,,,,,,,,,,,,,,,,,,,,,205.48329162597656,45.46784973144531,,,,213.9199981689453,15.994665145874023,,,,,
2020-12-08,,,,,,,,,,,,,,,,,,,,,205.5992431640625,45.54196548461914,,,,216.6266632080078,16.626035690307617,,,,,
2020-12-09,,,,,,,,,,,,,,,,,,,,,202.51673889160156,45.54936981201172,,,,201.4933319091797,16.976789474487305,,,,,
2020-12-10,,,,,,,,,,,,,,,,,,,,,200.61312866210938,44.84530258178711,,,,209.02333068847656,16.561281204223633,,,,,
2020-12-11,,,,,,,,,,,,,,,,,,,,,199.28932189941406,44.726722717285156,,,,203.3300018310547,16.733957290649414,,,,,
2020-12-14,,,,,,,,,,,,,,,,,,,,,200.26528930664062,44.4525146484375,,,,213.27667236328125,16.485729217529297,,,,,
2020-12-15,,,,,,,,,,,,,,,,,,,,,201.33786010742188,44.87495422363281,,,,211.0833282470703,16.501916885375977,,,,,
2020-12-16,,,,,,,,,,,,,,,,,,,,,201.2509002685547,44.400630950927734,,,,207.58999633789062,16.345430374145508,,,,,
2020-12-17,,,,,,,,,,,,,,,,,,,,,204.06280517578125,44.47474670410156,,,,218.63333129882812,15.983872413635254,,,,,
2020-12-18,,,,,,,,,,,,,,,,,,,,,204.18844604492188,44.808250427246094,,,,231.6666717529297,15.865152359008789,,,,,
2020-12-21,,,,,,,,,,,,,,,,,,,,,201.96597290039062,44.08936309814453,,,,216.6199951171875,15.654696464538574,,,,,
2020-12-22,,,,,,,,,,,,,,,,,,,,,198.9027862548828,43.718807220458984,,,,213.44667053222656,15.325521469116211,,,,,
2020-12-23,,,,,,,,,,,,,,,,,,,,,198.3810272216797,43.696563720703125,,,,215.32666015625,15.514398574829102,,,,,
2020-12-24,,,,,,,,,,,,,,,,,,,,,201.6664276123047,43.607635498046875,,,,220.58999633789062,15.482013702392578,,,,,
2020-12-28,,,,,,,,,,,,,,,,,,,,,205.46397399902344,43.711395263671875,,,,221.22999572753906,15.40647029876709,,,,,
2020-12-29,,,,,,,,,,,,,,,,,,,,,207.1453094482422,43.585411071777344,,,,221.99667358398438,15.401069641113281,,,,,
2020-12-30,,,,,,,,,,,,,,,,,,,,,211.0008544921875,43.0888557434082,,,,231.5933380126953,15.374089241027832,,,,,
2020-12-31,,,,,,,,,,,,,,,,,,,,,211.3583526611328,43.54094314575195,,,,235.22332763671875,15.51978874206543,,,,,
2021-01-04,,,,,,,,,,,,,,,,,,,,,210.4210662841797,43.61505126953125,,,,243.2566680908203,15.886737823486328,,,,,
2021-01-05,,,,,,,,,,,,,,,,,,,,,207.2806396484375,43.41494369506836,,,,245.0366668701172,15.789605140686035,,,,,
2021-01-06,,,,,,,,,,,,,,,,,,,,,205.45428466796875,43.94114303588867,,,,251.9933319091797,16.097190856933594,,,,,
2021-01-07,,,,,,,,,,,,,,,,,,,,,206.60418701171875,43.842262268066406,,,,272.0133361816406,16.14036750793457,,,,,
2021-01-08,,,,,,,,,,,,,,,,,,,,,208.1889190673828,43.29545211791992,,,,293.3399963378906,16.029056549072266,,,,,
2021-01-11,,,,,,,,,,,,,,,,,,,,,205.7152099609375,43.040775299072266,,,,270.39666748046875,15.946208000183105,,,,,
2021-01-12,,,,,,,,,,,,,,,,,,,,,201.82101440429688,42.89096450805664,,,,283.14666748046875,15.879925727844238,,,,,
2021-01-13,,,,,,,,,,,,,,,,,,,,,202.29446411132812,42.741153717041016,,,,284.8033447265625,15.802594184875488,,,,,
2021-01-14,,,,,,,,,,,,,,,,,,,,,195.05694580078125,42.72617721557617,,,,281.6666564941406,16.178190231323242,,,,,
2021-01-15,,,,,,,,,,,,,,,,,,,,,194.7960205078125,42.98085403442383,,,,275.38665771484375,16.111907958984375,,,,,
2021-01-19,,,,,,,,,,,,,,,,,,,,,194.86367797851562,42.73365783691406,,,,281.51666259765625,15.99039077758789,,,,,
2021-01-20,,,,,,,,,,,,,,,,,,,,,199.06704711914062,42.89096450805664,,,,283.48333740234375,15.995917320251465,,,,,
2021-01-21,,,,,,,,,,,,,,,,,,,,,198.2263946533203,42.89845275878906,,,,281.663330078125,15.924112319946289,,,,,
2021-01-22,,,,,,,,,,,,,,,,,,,,,195.21153259277344,43.04827117919922,,,,282.21331787109375,15.979348182678223,,,,,
2021-01-25,,,,,,,,,,,,,,,,,,,,,194.20660400390625,43.75987243652344,,,,293.6000061035156,16.07876968383789,,,,,
2021-01-26,,,,,,,,,,,,,,,,,,,,,195.2018585205078,42.374114990234375,,,,294.36334228515625,16.432268142700195,,,,,
2021-01-27,,,,,,,,,,,,,,,,,,,,,188.39913940429688,41.295475006103516,,,,288.0533447265625,16.095338821411133,,,,,
2021-01-28,,,,,,,,,,,,,,,,,,,,,191.5396270751953,41.47524642944336,,,,278.4766540527344,15.90754222869873,,,,,
2021-01-29,,,,,,,,,,,,,,,,,,,,,186.73709106445312,41.01082992553711,,,,264.510009765625,15.813638687133789,,,,,
2021-02-01,,,,,,,,,,,,,,,,,,,,,191.6748809814453,40.65876770019531,,,,279.9366760253906,15.824691772460938,,,,,
2021-02-02,,,,,,,,,,,,,,,,,,,,,195.7816162109375,40.823570251464844,,,,290.92999267578125,15.763930320739746,,,,,
2021-02-03,,,,,,,,,,,,,,,,,,,,,194.5737762451172,41.04079055786133,,,,284.89666748046875,15.747358322143555,,,,,
2021-02-04,,,,,,,,,,,,,,,,,,,,,202.1978759765625,41.30296325683594,,,,283.3299865722656,15.957249641418457,,,,,
2021-02-05,,,,,,,,,,,,,,,,,,,,,201.73410034179688,41.43779754638672,,,,284.07666015625,15.979348182678223,,,,,
2021-02-08,,,,,,,,,,,,,,,,,,,,,199.9174041748047,41.23554992675781,,,,287.8066711425781,15.890973091125488,,,,,
2021-02-09,,,,,,,,,,,,,,,,,,,,,199.55990600585938,41.198097229003906,,,,283.1533203125,15.80811882019043,,,,,
2021-02-10,,,,,,,,,,,,,,,,,,,,,199.48257446289062,41.16813278198242,,,,268.2733459472656,15.769453048706055,,,,,
2021-02-11,,,,,,,,,,,,,,,,,,,,,203.8763885498047,40.898475646972656,,,,270.5533447265625,15.846782684326172,,,,,
2021-02-12,,,,,,,,,,,,,,,,,,,,,203.19891357421875,40.598846435546875,,,,272.0400085449219,15.90754222869873,,,,,
2021-02-16,,,,,,,,,,,,,,,,,,,,,201.20526123046875,40.5614013671875,,,,265.40667724609375,16.001436233520508,,,,,
2021-02-17,,,,,,,,,,,,,,,,,,,,,200.82778930664062,42.688716888427734,,,,266.04998779296875,16.332849502563477,,,,,
2021-02-18,,,,,,,,,,,,,,,,,,,,,202.60858154296875,42.68122863769531,,,,262.4599914550781,16.145050048828125,,,,,
2021-02-19,,,,,,,,,,,,,,,,,,,,,198.13731384277344,42.28422546386719,,,,260.4333190917969,16.018007278442383,,,,,
2021-02-22,,,,,,,,,,,,,,,,,,,,,201.6117401123047,42.28422546386719,,,,238.1666717529297,16.194759368896484,,,,,
2021-02-23,,,,,,,,,,,,,,,,,,,,,205.27969360351562,42.71867370605469,,,,232.94667053222656,16.117429733276367,,,,,
2021-02-24,,,,,,,,,,,,,,,,,,,,,212.3639373779297,42.786094665527344,,,,247.33999633789062,16.2278995513916,,,,,
2021-02-25,,,,,,,,,,,,,,,,,,,,,206.86688232421875,42.32167434692383,,,,227.4066619873047,15.813638687133789,,,,,
2021-02-26,,,,,,,,,,,,,,,,,,,,,205.55068969726562,41.422813415527344,,,,225.1666717529297,15.40491008758545,,,,,
2021-03-01,,,,,,,,,,,,,,,,,,,,,209.6541748046875,41.46775436401367,,,,239.47666931152344,15.515374183654785,,,,,
2021-03-02,,,,,,,,,,,,,,,,,,,,,208.8218231201172,41.183109283447266,,,,228.81333923339844,15.587178230285645,,,,,
2021-03-03,,,,,,,,,,,,,,,,,,,,,207.93145751953125,41.48274230957031,,,,217.73333740234375,15.86335563659668,,,,,
2021-03-04,,,,,,,,,,,,,,,,,,,,,204.6893310546875,41.04827880859375,,,,207.14666748046875,15.973819732666016,,,,,
2021-03-05,,,,,,,,,,,,,,,,,,,,,208.47341918945312,41.94715118408203,,,,199.31666564941406,16.360464096069336,,,,,
2021-03-08,,,,,,,,,,,,,,,,,,,,,213.1769256591797,42.53891372680664,,,,187.6666717529297,16.56483268737793,,,,,
2021-03-09,,,,,,,,,,,,,,,,,,,,,213.2640380859375,42.09696578979492,,,,224.52667236328125,16.371509552001953,,,,,
2021-03-10,,,,,,,,,,,,,,,,,,,,,215.98353576660156,42.756134033203125,,,,222.68666076660156,16.56483268737793,,,,,
2021-03-11,,,,,,,,,,,,,,,,,,,,,218.86752319335938,41.580108642578125,,,,233.1999969482422,16.316274642944336,,,,,
2021-03-12,,,,,,,,,,,,,,,,,,,,,217.13522338867188,41.67000198364258,,,,231.2433319091797,16.465408325195312,,,,,
2021-03-15,,,,,,,,,,,,,,,,,,,,,216.08030700683594,41.677494049072266,,,,235.97999572753906,16.531692504882812,,,,,
2021-03-16,,,,,,,,,,,,,,,,,,,,,217.46424865722656,41.677494049072266,,,,225.6266632080078,16.56483268737793,,,,,
2021-03-17,,,,,,,,,,,,,,,,,,,,,215.83837890625,41.7598876953125,,,,233.93666076660156,16.653209686279297,,,,,
2021-03-18,,,,,,,,,,,,,,,,,,,,,213.5543670654297,42.17936706542969,,,,217.72000122070312,16.57588005065918,,,,,
2021-03-19,,,,,,,,,,,,,,,,,,,,,200.23748779296875,42.12692642211914,,,,218.2899932861328,16.437793731689453,,,,,
2021-03-22,,,,,,,,,,,,,,,,,,,,,201.30203247070312,42.38909149169922,,,,223.3333282470703,16.56483268737793,,,,,
2021-03-23,,,,,,,,,,,,,,,,,,,,,201.44715881347656,42.6287956237793,,,,220.72000122070312,16.57035255432129,,,,,
2021-03-24,,,,,,,,,,,,,,,,,,,,,201.36981201171875,42.703697204589844,,,,210.08999633789062,16.56483268737793,,,,,
2021-03-25,,,,,,,,,,,,,,,,,,,,,201.27301025390625,42.98085403442383,,,,213.4633331298828,16.61454200744629,,,,,
2021-03-26,,,,,,,,,,,,,,,,,,,,,206.6539764404297,43.58009338378906,,,,206.23666381835938,16.741579055786133,,,,,
2021-03-29,,,,,,,,,,,,,,,,,,,,,207.60240173339844,44.066978454589844,,,,203.76333618164062,16.879667282104492,,,,,
2021-03-30,,,,,,,,,,,,,,,,,,,,,205.07644653320312,43.88720703125,,,,211.8733367919922,16.973569869995117,,,,,
2021-03-31,,,,,,,,,,,,,,,,,,,,,204.91189575195312,43.55762481689453,,,,222.64332580566406,16.719486236572266,,,,,
2021-04-01,,,,,,,,,,,,,,,,,,,,,209.876708984375,43.66998291015625,,,,220.5833282470703,16.829959869384766,,,,,
2021-04-05,,,,,,,,,,,,,,,,,,,,,211.98651123046875,44.09694290161133,,,,230.35000610351562,16.9625186920166,,,,,
2021-04-06,,,,,,,,,,,,,,,,,,,,,211.60910034179688,44.27671432495117,,,,230.5399932861328,17.111656188964844,,,,,
2021-04-07,,,,,,,,,,,,,,,,,,,,,212.2091064453125,44.19432067871094,,,,223.6566619873047,17.084033966064453,,,,,
2021-04-08,,,,,,,,,,,,,,,,,,,,,213.59307861328125,43.609832763671875,,,,227.93333435058594,16.947595596313477,,,,,
2021-04-09,,,,,,,,,,,,,,,,,,,,,215.35446166992188,43.52655029296875,,,,225.67333984375,16.970197677612305,,,,,
2021-04-12,,,,,,,,,,,,,,,,,,,,,214.33828735351562,43.56439971923828,,,,233.9933319091797,16.924997329711914,,,,,
2021-04-13,,,,,,,,,,,,,,,,,,,,,213.9027862548828,43.624961853027344,,,,254.10667419433594,16.738576889038086,,,,,
2021-04-14,,,,,,,,,,,,,,,,,,,,,214.8318634033203,43.68553924560547,,,,244.07666015625,16.79506492614746,,,,,
2021-04-15,,,,,,,,,,,,,,,,,,,,,218.993408203125,43.68553924560547,,,,246.28334045410156,16.80636978149414,,,,,
2021-04-16,,,,,,,,,,,,,,,,,,,,,219.1192169189453,44.12466812133789,,,,246.5933380126953,16.919349670410156,,,,,
2021-04-19,,,,,,,,,,,,,,,,,,,,,218.51913452148438,44.20794677734375,,,,238.2100067138672,16.94194984436035,,,,,
2021-04-20,,,,,,,,,,,,,,,,,,,,,216.08999633789062,44.20794677734375,,,,239.663330078125,16.885454177856445,,,,,
2021-04-21,,,,,,,,,,,,,,,,,,,,,220.12570190429688,44.01866912841797,,,,248.0399932861328,17.009737014770508,,,,,
2021-04-22,,,,,,,,,,,,,,,,,,,,,220.24188232421875,43.367549896240234,,,,239.89666748046875,17.71588706970215,,,,,
2021-04-23,,,,,,,,,,,,,,,,,,,,,222.5935821533203,43.382686614990234,,,,243.13333129882812,17.73848533630371,,,,,
2021-04-26,,,,,,,,,,,,,,,,,,,,,222.92262268066406,43.110130310058594,,,,246.06666564941406,17.461673736572266,,,,,
2021-04-27,,,,,,,,,,,,,,,,,,,,,222.50650024414062,42.64071273803711,,,,234.913330078125,17.382585525512695,,,,,
2021-04-28,,,,,,,,,,,,,,,,,,,,,225.93252563476562,42.723995208740234,,,,231.46665954589844,17.489917755126953,,,,,
2021-04-29,,,,,,,,,,,,,,,,,,,,,229.232666015625,43.3978385925293,,,,225.6666717529297,17.704587936401367,,,,,
2021-04-30,,,,,,,,,,,,,,,,,,,,,226.03892517089844,43.75368881225586,,,,236.47999572753906,17.7441349029541,,,,,
2021-05-03,,,,,,,,,,,,,,,,,,,,,225.1195526123047,43.852115631103516,,,,228.3000030517578,17.79497718811035,,,,,
2021-05-04,,,,,,,,,,,,,,,,,,,,,224.5582275390625,44.366939544677734,,,,224.53334045410156,18.088733673095703,,,,,
2021-05-05,,,,,,,,,,,,,,,,,,,,,221.82899475097656,44.435081481933594,,,,223.64666748046875,18.09438705444336,,,,,
2021-05-06,,,,,,,,,,,,,,,,,,,,,223.87109375,44.88935470581055,,,,221.17999267578125,18.309053421020508,,,,,
2021-05-07,,,,,,,,,,,,,,,,,,,,,224.64532470703125,44.45779037475586,,,,224.1233367919922,18.167821884155273,,,,,
2021-05-10,,,,,,,,,,,,,,,,,,,,,218.69337463378906,45.06349563598633,,,,209.67999267578125,18.43333625793457,,,,,
2021-05-11,,,,,,,,,,,,,,,,,,,,,218.21914672851562,44.32151794433594,,,,205.73333740234375,18.224315643310547,,,,,
2021-05-12,,,,,,,,,,,,,,,,,,,,,213.52532958984375,44.22309112548828,,,,196.6300048828125,18.060489654541016,,,,,
2021-05-13,,,,,,,,,,,,,,,,,,,,,216.84971618652344,44.525943756103516,,,,190.56333923339844,18.196069717407227,,,,,
2021-05-14,,,,,,,,,,,,,,,,,,,,,219.95114135742188,44.435081481933594,,,,196.5800018310547,18.213016510009766,,,,,
2021-05-17,,,,,,,,,,,,,,,,,,,,,219.46656799316406,43.86723709106445,,,,192.27667236328125,17.721534729003906,,,,,
2021-05-18,,,,,,,,,,,,,,,,,,,,,218.6233367919922,43.29183578491211,,,,192.6233367919922,16.693384170532227,,,,,
2021-05-19,,,,,,,,,,,,,,,,,,,,,217.6735382080078,43.09498977661133,,,,187.82000732421875,16.360078811645508,,,,,
2021-05-20,,,,,,,,,,,,,,,,,,,,,219.46656799316406,42.99656677246094,,,,195.5933380126953,16.74422264099121,,,,,
2021-05-21,,,,,,,,,,,,,,,,,,,,,219.78640747070312,43.08742141723633,,,,193.6266632080078,16.953245162963867,,,,,
2021-05-24,,,,,,,,,,,,,,,,,,,,,222.2578887939453,43.140419006347656,,,,202.14666748046875,16.80636978149414,,,,,
2021-05-25,,,,,,,,,,,,,,,,,,,,,221.96710205078125,42.76185607910156,,,,201.56333923339844,16.67643165588379,,,,,
2021-05-26,,,,,,,,,,,,,,,,,,,,,220.07713317871094,42.670997619628906,,,,206.3766632080078,16.693384170532227,,,,,
2021-05-27,,,,,,,,,,,,,,,,,,,,,219.87364196777344,42.618003845214844,,,,210.28334045410156,16.783771514892578,,,,,
2021-05-28,,,,,,,,,,,,,,,,,,,,,220.3000946044922,42.76942825317383,,,,208.4066619873047,16.625591278076172,,,,,
2021-06-01,,,,,,,,,,,,,,,,,,,,,219.65072631835938,42.686153411865234,,,,207.96665954589844,16.563451766967773,,,,,
2021-06-02,,,,,,,,,,,,,,,,,,,,,222.58740234375,42.89056396484375,,,,201.7066650390625,16.727275848388672,,,,,
2021-06-03,,,,,,,,,,,,,,,,,,,,,221.08514404296875,43.140419006347656,,,,190.94667053222656,16.512611389160156,,,,,
2021-06-04,,,,,,,,,,,,,,,,,,,,,223.0525665283203,43.382686614990234,,,,199.68333435058594,16.535205841064453,,,,,
2021-06-07,,,,,,,,,,,,,,,,,,,,,224.19627380371094,43.306976318359375,,,,201.7100067138672,16.427867889404297,,,,,
2021-06-08,,,,,,,,,,,,,,,,,,,,,224.90377807617188,43.26913070678711,,,,201.19667053222656,16.371379852294922,,,,,
2021-06-09,,,,,,,,,,,,,,,,,,,,,225.15576171875,43.19341278076172,,,,199.5933380126953,16.388324737548828,,,,,
2021-06-10,,,,,,,,,,,,,,,,,,,,,226.74526977539062,43.41297912597656,,,,203.3733367919922,16.484359741210938,,,,,
2021-06-11,,,,,,,,,,,,,,,,,,,,,227.7241973876953,43.40541076660156,,,,203.29666137695312,16.563451766967773,,,,,
2021-06-14,,,,,,,,,,,,,,,,,,,,,226.8712921142578,43.29183578491211,,,,205.89666748046875,16.433517456054688,,,,,
2021-06-15,,,,,,,,,,,,,,,,,,,,,225.80516052246094,43.375125885009766,,,,199.7866668701172,16.540855407714844,,,,,
2021-06-16,,,,,,,,,,,,,,,,,,,,,222.52923583984375,42.882999420166016,,,,201.6233367919922,16.41657257080078,,,,,
2021-06-17,,,,,,,,,,,,,,,,,,,,,225.00070190429688,42.79971694946289,,,,205.53334045410156,16.235797882080078,,,,,
2021-06-18,,,,,,,,,,,,,,,,,,,,,223.31427001953125,42.26216125488281,,,,207.77000427246094,16.184955596923828,,,,,
2021-06-21,,,,,,,,,,,,,,,,,,,,,227.10385131835938,42.69371795654297,,,,206.94332885742188,16.343130111694336,,,,,
2021-06-22,,,,,,,,,,,,,,,,,,,,,228.664306640625,42.67857360839844,,,,207.90333557128906,16.25839614868164,,,,,
2021-06-23,,,,,,,,,,,,,,,,,,,,,227.45277404785156,42.45144271850586,,,,218.85667419433594,16.184955596923828,,,,,
2021-06-24,,,,,,,,,,,,,,,,,,,,,228.96475219726562,42.67857360839844,,,,226.60667419433594,16.2640438079834,,,,,
2021-06-25,,,,,,,,,,,,,,,,,,,,,230.01145935058594,42.686153411865234,,,,223.9566650390625,16.320539474487305,,,,,
2021-06-28,,,,,,,,,,,,,,,,,,,,,226.88095092773438,42.53472137451172,,,,229.57333374023438,16.25839614868164,,,,,
2021-06-29,,,,,,,,,,,,,,,,,,,,,228.6836700439453,42.27730941772461,,,,226.9199981689453,16.19060707092285,,,,,
2021-06-30,,,,,,,,,,,,,,,,,,,,,226.61929321289062,42.42116165161133,,,,226.56666564941406,16.25839614868164,,,,,
2021-07-01,,,,,,,,,,,,,,,,,,,,,227.9083251953125,42.618003845214844,,,,225.97332763671875,16.4448184967041,,,,,
2021-07-02,,,,,,,,,,,,,,,,,,,,,231.28115844726562,42.731571197509766,,,,226.3000030517578,16.512611389160156,,,,,
2021-07-06,,,,,,,,,,,,,,,,,,,,,232.22129821777344,42.7088623046875,,,,219.86000061035156,16.39397430419922,,,,,
2021-07-07,,,,,,,,,,,,,,,,,,,,,232.60897827148438,42.79971694946289,,,,214.88333129882812,16.343130111694336,,,,,
2021-07-08,,,,,,,,,,,,,,,,,,,,,229.3233642578125,42.62974166870117,,,,217.60333251953125,16.30753517150879,,,,,
2021-07-09,,,,,,,,,,,,,,,,,,,,,231.12606811523438,42.92833709716797,,,,218.98333740234375,16.46377944946289,,,,,
2021-07-12,,,,,,,,,,,,,,,,,,,,,230.54457092285156,42.989593505859375,,,,228.56666564941406,16.481138229370117,,,,,
2021-07-13,,,,,,,,,,,,,,,,,,,,,234.88661193847656,42.94365692138672,,,,222.84666442871094,16.359617233276367,,,,,
2021-07-14,,,,,,,,,,,,,,,,,,,,,238.4145050048828,43.1197395324707,,,,217.7933349609375,16.35382652282715,,,,,
2021-07-15,,,,,,,,,,,,,,,,,,,,,240.89564514160156,43.29584503173828,,,,216.86666870117188,16.452205657958984,,,,,
2021-07-16,,,,,,,,,,,,,,,,,,,,,240.4789276123047,43.22693634033203,,,,214.74000549316406,16.400123596191406,,,,,
2021-07-19,,,,,,,,,,,,,,,,,,,,,233.00634765625,42.75225830078125,,,,215.4066619873047,16.08184051513672,,,,,
2021-07-20,,,,,,,,,,,,,,,,,,,,,235.225830078125,42.553184509277344,,,,220.1666717529297,16.15127944946289,,,,,
2021-07-21,,,,,,,,,,,,,,,,,,,,,236.15625,42.83647155761719,,,,218.42999267578125,16.14549446105957,,,,,
2021-07-22,,,,,,,,,,,,,,,,,,,,,236.62142944335938,42.83647155761719,,,,216.4199981689453,16.209152221679688,,,,,
2021-07-23,,,,,,,,,,,,,,,,,,,,,241.35118103027344,42.78287124633789,,,,214.4600067138672,16.29016876220703,,,,,
2021-07-26,,,,,,,,,,,,,,,,,,,,,242.54330444335938,42.70631408691406,,,,219.2066650390625,16.30753517150879,,,,,
2021-07-27,,,,,,,,,,,,,,,,,,,,,243.20237731933594,43.027870178222656,,,,214.92666625976562,16.319108963012695,,,,,
2021-07-28,,,,,,,,,,,,,,,,,,,,,239.3352508544922,42.660377502441406,,,,215.66000366210938,16.209152221679688,,,,,
2021-07-29,,,,,,,,,,,,,,,,,,,,,240.2850799560547,42.859432220458984,,,,225.78334045410156,16.371187210083008,,,,,
2021-07-30,,,,,,,,,,,,,,,,,,,,,238.80218505859375,42.70631408691406,,,,229.06666564941406,16.232301712036133,,,,,
2021-08-02,,,,,,,,,,,,,,,,,,,,,232.39572143554688,42.691001892089844,,,,236.55667114257812,16.26702308654785,,,,,
2021-08-03,,,,,,,,,,,,,,,,,,,,,229.78857421875,42.668025970458984,,,,236.5800018310547,16.31331443786621,,,,,
2021-08-04,,,,,,,,,,,,,,,,,,,,,229.3815155029297,42.39240646362305,,,,236.97332763671875,16.116561889648438,,,,,
2021-08-05,,,,,,,,,,,,,,,,,,,,,232.8125,42.33880615234375,,,,238.2100067138672,16.168643951416016,,,,,
2021-08-06,,,,,,,,,,,,,,,,,,,,,233.96585083007812,42.27756118774414,,,,233.03334045410156,16.180217742919922,,,,,
2021-08-09,,,,,,,,,,,,,,,,,,,,,232.60897827148438,42.20100402832031,,,,237.9199981689453,16.116561889648438,,,,,
2021-08-10,,,,,,,,,,,,,,,,,,,,,230.73843383789062,42.476627349853516,,,,236.663330078125,16.255449295043945,,,,,
2021-08-11,,,,,,,,,,,,,,,,,,,,,227.8210906982422,42.5455322265625,,,,235.94000244140625,16.295957565307617,,,,,
2021-08-12,,,,,,,,,,,,,,,,,,,,,224.95802307128906,42.59912872314453,,,,240.75,16.214942932128906,,,,,
2021-08-13,,,,,,,,,,,,,,,,,,,,,225.79269409179688,42.77522277832031,,,,239.05667114257812,16.31331443786621,,,,,
2021-08-16,,,,,,,,,,,,,,,,,,,,,228.42282104492188,42.859432220458984,,,,228.72332763671875,16.319108963012695,,,,,
2021-08-17,,,,,,,,,,,,,,,,,,,,,227.6173095703125,43.01255798339844,,,,221.90333557128906,16.31331443786621,,,,,
2021-08-18,,,,,,,,,,,,,,,,,,,,,224.80274963378906,42.46896743774414,,,,229.663330078125,16.10498809814453,,,,,
2021-08-19,,,,,,,,,,,,,,,,,,,,,224.74452209472656,42.39240646362305,,,,224.49000549316406,15.931378364562988,,,,,
2021-08-20,,,,,,,,,,,,,,,,,,,,,224.5407257080078,42.50724792480469,,,,226.75332641601562,15.954530715942383,,,,,
2021-08-23,,,,,,,,,,,,,,,,,,,,,227.23876953125,42.430686950683594,,,,235.43333435058594,15.925593376159668,,,,,
2021-08-24,,,,,,,,,,,,,,,,,,,,,227.33583068847656,42.116790771484375,,,,236.163330078125,15.885085105895996,,,,,
2021-08-25,,,,,,,,,,,,,,,,,,,,,225.73446655273438,42.05553436279297,,,,237.06666564941406,15.873512268066406,,,,,
2021-08-26,,,,,,,,,,,,,,,,,,,,,223.72547912597656,41.802879333496094,,,,233.72000122070312,15.636249542236328,,,,,
2021-08-27,,,,,,,,,,,,,,,,,,,,,225.83152770996094,41.93302536010742,,,,237.30667114257812,15.699904441833496,,,,,
2021-08-30,,,,,,,,,,,,,,,,,,,,,224.4145050048828,41.93302536010742,,,,243.6366729736328,15.757774353027344,,,,,
2021-08-31,,,,,,,,,,,,,,,,,,,,,222.34735107421875,42.109130859375,,,,245.24000549316406,15.867725372314453,,,,,
2021-09-01,,,,,,,,,,,,,,,,,,,,,223.3372802734375,42.06318664550781,,,,244.69667053222656,15.734625816345215,,,,,
2021-09-02,,,,,,,,,,,,,,,,,,,,,217.57232666015625,42.331153869628906,,,,244.1300048828125,15.995038032531738,,,,,
2021-09-03,,,,,,,,,,,,,,,,,,,,,218.4749298095703,42.43833541870117,,,,244.52333068847656,15.948744773864746,,,,,
2021-09-07,,,,,,,,,,,,,,,,,,,,,219.60076904296875,41.971317291259766,,,,250.97332763671875,15.867725372314453,,,,,
2021-09-08,,,,,,,,,,,,,,,,,,,,,222.3376007080078,42.040218353271484,,,,251.2899932861328,15.971887588500977,,,,,
2021-09-09,,,,,,,,,,,,,,,,,,,,,220.7847900390625,41.68037033081055,,,,251.6199951171875,15.867725372314453,,,,,
2021-09-10,,,,,,,,,,,,,,,,,,,,,218.28085327148438,41.51959228515625,,,,245.42333984375,15.728840827941895,,,,,
2021-09-13,,,,,,,,,,,,,,,,,,,,,218.00906372070312,41.81818389892578,,,,247.6666717529297,15.925593376159668,,,,,
2021-09-14,,,,,,,,,,,,,,,,,,,,,216.4562225341797,41.657413482666016,,,,248.163330078125,15.815645217895508,,,,,
2021-09-15,,,,,,,,,,,,,,,,,,,,,217.2132568359375,41.779911041259766,,,,251.94332885742188,15.954530715942383,,,,,
2021-09-16,,,,,,,,,,,,,,,,,,,,,217.71795654296875,41.6727180480957,,,,252.3300018310547,15.971887588500977,,,,,
2021-09-17,,,,,,,,,,,,,,,,,,,,,215.21397399902344,41.55788040161133,,,,253.163330078125,15.931378364562988,,,,,
2021-09-20,,,,,,,,,,,,,,,,,,,,,213.56405639648438,41.542572021484375,,,,243.38999938964844,15.746200561523438,,,,,
2021-09-21,,,,,,,,,,,,,,,,,,,,,213.68052673339844,41.36647415161133,,,,246.4600067138672,15.601527214050293,,,,,
2021-09-22,,,,,,,,,,,,,,,,,,,,,216.18447875976562,41.389442443847656,,,,250.64666748046875,15.630460739135742,,,,,
2021-09-23,,,,,,,,,,,,,,,,,,,,,221.58062744140625,41.66506576538086,,,,251.2133331298828,15.734625816345215,,,,,
2021-09-24,,,,,,,,,,,,,,,,,,,,,224.76393127441406,41.62678527832031,,,,258.1300048828125,15.699904441833496,,,,,
2021-09-27,,,,,,,,,,,,,,,,,,,,,222.8325958251953,41.70335006713867,,,,263.78668212890625,15.85615348815918,,,,,
2021-09-28,,,,,,,,,,,,,,,,,,,,,218.91163635253906,41.46600341796875,,,,259.1866760253906,15.763561248779297,,,,,
2021-09-29,,,,,,,,,,,,,,,,,,,,,219.9987030029297,41.63444519042969,,,,260.4366760253906,15.85615348815918,,,,,
2021-09-30,,,,,,,,,,,,,,,,,,,,,216.18447875976562,41.35116195678711,,,,258.49334716796875,15.630460739135742,,,,,
2021-10-01,,,,,,,,,,,,,,,,,,,,,223.667236328125,41.57318878173828,,,,258.40667724609375,15.717265129089355,,,,,
2021-10-04,,,,,,,,,,,,,,,,,,,,,218.10614013671875,41.726318359375,,,,260.510009765625,15.76934814453125,,,,,
2021-10-05,,,,,,,,,,,,,,,,,,,,,217.66941833496094,41.73396682739258,,,,260.1966552734375,15.827218055725098,,,,,
2021-10-06,,,,,,,,,,,,,,,,,,,,,219.8336639404297,41.74927520751953,,,,260.9166564941406,15.804069519042969,,,,,
2021-10-07,,,,,,,,,,,,,,,,,,,,,223.75460815429688,41.75703048706055,,,,264.53668212890625,16.08218765258789,,,,,
2021-10-08,,,,,,,,,,,,,,,,,,,,,223.4828643798828,41.2457275390625,,,,261.8299865722656,15.892213821411133,,,,,
2021-10-11,,,,,,,,,,,,,,,,,,,,,218.4749298095703,40.424522399902344,,,,263.9800109863281,15.452910423278809,,,,,
2021-10-12,,,,,,,,,,,,,,,,,,,,,217.44618225097656,39.76601028442383,,,,268.5733337402344,15.096715927124023,,,,,
2021-10-13,,,,,,,,,,,,,,,,,,,,,215.903076171875,39.78151321411133,,,,270.3599853515625,15.019536972045898,,,,,
2021-10-14,,,,,,,,,,,,,,,,,,,,,218.5428924560547,40.22309494018555,,,,272.7733459472656,15.209508895874023,,,,,
2021-10-15,,,,,,,,,,,,,,,,,,,,,224.181640625,40.49424743652344,,,,281.010009765625,15.256999015808105,,,,,
2021-10-18,,,,,,,,,,,,,,,,,,,,,223.8516387939453,40.21534729003906,,,,290.03668212890625,15.037344932556152,,,,,
2021-10-19,,,,,,,,,,,,,,,,,,,,,226.6370391845703,40.55622482299805,,,,288.0899963378906,15.19170093536377,,,,,
2021-10-20,,,,,,,,,,,,,,,,,,,,,224.5989532470703,41.5323600769043,,,,288.6000061035156,15.381668090820312,,,,,
2021-10-21,,,,,,,,,,,,,,,,,,,,,223.4537353515625,41.3619270324707,,,,298.0,15.292621612548828,,,,,
2021-10-22,,,,,,,,,,,,,,,,,,,,,224.4145050048828,41.00556182861328,,,,303.2266540527344,15.132333755493164,,,,,
2021-10-25,,,,,,,,,,,,,,,,,,,,,226.98643493652344,40.734413146972656,,,,341.6199951171875,15.221384048461914,,,,,
2021-10-26,,,,,,,,,,,,,,,,,,,,,224.98716735839844,41.12176513671875,,,,339.4766540527344,15.061095237731934,,,,,
2021-10-27,,,,,,,,,,,,,,,,,,,,,209.41993713378906,40.77315139770508,,,,345.9533386230469,14.877058982849121,,,,,
2021-10-28,,,,,,,,,,,,,,,,,,,,,203.655029296875,40.904842376708984,,,,359.0133361816406,15.167953491210938,,,,,
2021-10-29,,,,,,,,,,,,,,,,,,,,,205.5281524658203,41.05204391479492,,,,371.3333435058594,14.9957914352417,,,,,
2021-11-01,,,,,,,,,,,,,,,,,,,,,206.19781494140625,41.021053314208984,,,,402.86334228515625,15.061095237731934,,,,,
2021-11-02,,,,,,,,,,,,,,,,,,,,,202.97567749023438,40.72665786743164,,,,390.6666564941406,14.977985382080078,,,,,
2021-11-03,,,,,,,,,,,,,,,,,,,,,201.96630859375,41.0133056640625,,,,404.6199951171875,14.948301315307617,,,,,
2021-11-04,,,,,,,,,,,,,,,,,,,,,202.6262664794922,40.16887283325195,,,,409.9700012207031,14.722707748413086,,,,,
2021-11-05,,,,,,,,,,,,,,,,,,,,,210.28370666503906,40.471012115478516,,,,407.36334228515625,14.900808334350586,,,,,
2021-11-08,,,,,,,,,,,,,,,,,,,,,213.9910888671875,40.54072570800781,,,,387.64666748046875,14.770204544067383,,,,,
2021-11-09,,,,,,,,,,,,,,,,,,,,,207.10040283203125,40.471012115478516,,,,341.1666564941406,14.669278144836426,,,,,
2021-11-10,,,,,,,,,,,,,,,,,,,,,209.57470703125,40.74989700317383,,,,355.98333740234375,14.811760902404785,,,,,
2021-11-11,,,,,,,,,,,,,,,,,,,,,204.57742309570312,40.63370132446289,,,,354.5033264160156,14.79394817352295,,,,,
2021-11-12,,,,,,,,,,,,,,,,,,,,,206.20106506347656,40.54847717285156,,,,344.47332763671875,14.805822372436523,,,,,
2021-11-15,,,,,,,,,,,,,,,,,,,,,206.40524291992188,40.5949592590332,,,,337.7966613769531,14.722707748413086,,,,,
2021-11-16,,,,,,,,,,,,,,,,,,,,,209.20526123046875,40.331565856933594,,,,351.57666015625,14.63960075378418,,,,,
2021-11-17,,,,,,,,,,,,,,,,,,,,,199.3662567138672,40.075904846191406,,,,363.0033264160156,14.63960075378418,,,,,
2021-11-18,,,,,,,,,,,,,,,,,,,,,197.6842803955078,39.696292877197266,,,,365.4599914550781,14.479308128356934,,,,,
2021-11-19,,,,,,,,,,,,,,,,,,,,,195.2828826904297,39.40189743041992,,,,379.0199890136719,14.324959754943848,,,,,
2021-11-22,,,,,,,,,,,,,,,,,,,,,190.1494598388672,39.9286994934082,,,,385.6233215332031,14.663342475891113,,,,,
2021-11-23,,,,,,,,,,,,,,,,,,,,,192.9786834716797,40.09139633178711,,,,369.6766662597656,14.698960304260254,,,,,
2021-11-24,,,,,,,,,,,,,,,,,,,,,197.6064910888672,40.021671295166016,,,,372.0,14.526800155639648,,,,,
2021-11-26,,,,,,,,,,,,,,,,,,,,,192.16200256347656,40.130126953125,,,,360.6400146484375,14.378390312194824,,,,,
2021-11-29,,,,,,,,,,,,,,,,,,,,,190.83978271484375,40.021671295166016,,,,378.9966735839844,14.182482719421387,,,,,
2021-11-30,,,,,,,,,,,,,,,,,,,,,188.38975524902344,38.94481658935547,,,,381.586669921875,13.553203582763672,,,,,
2021-12-01,,,,,,,,,,,,,,,,,,,,,184.87998962402344,38.55746078491211,,,,365.0,13.197010040283203,,,,,
2021-12-02,,,,,,,,,,,,,,,,,,,,,192.78424072265625,39.30118942260742,,,,361.5333251953125,13.683809280395508,,,,,
2021-12-03,,,,,,,,,,,,,,,,,,,,,190.86892700195312,39.83574295043945,,,,338.3233337402344,13.927207946777344,,,,,
2021-12-06,,,,,,,,,,,,,,,,,,,,,197.05233764648438,39.56459045410156,,,,336.336669921875,13.82034969329834,,,,,
2021-12-07,,,,,,,,,,,,,,,,,,,,,201.6121063232422,39.34767150878906,,,,350.5833435058594,13.701618194580078,,,,,
2021-12-08,,,,,,,,,,,,,,,,,,,,,203.1871795654297,39.115257263183594,,,,356.32000732421875,13.755047798156738,,,,,
2021-12-09,,,,,,,,,,,,,,,,,,,,,205.52049255371094,38.85960388183594,,,,334.6000061035156,13.61850357055664,,,,,
2021-12-10,,,,,,,,,,,,,,,,,,,,,207.4746856689453,38.88284683227539,,,,339.010009765625,13.559139251708984,,,,,
2021-12-13,,,,,,,,,,,,,,,,,,,,,205.1607666015625,38.95256805419922,,,,322.13665771484375,13.32167911529541,,,,,
2021-12-14,,,,,,,,,,,,,,,,,,,,,204.14962768554688,39.23921585083008,,,,319.5033264160156,13.232626914978027,,,,,
2021-12-15,,,,,,,,,,,,,,,,,,,,,206.41494750976562,39.1617431640625,,,,325.3299865722656,13.16139030456543,,,,,
2021-12-16,,,,,,,,,,,,,,,,,,,,,208.417724609375,40.866111755371094,,,,308.97332763671875,14.07562255859375,,,,,
2021-12-17,,,,,,,,,,,,,,,,,,,,,205.9969024658203,41.19148254394531,,,,310.8566589355469,14.117177963256836,,,,,
2021-12-20,,,,,,,,,,,,,,,,,,,,,202.944091796875,41.1295166015625,,,,299.9800109863281,14.360576629638672,,,,,
2021-12-21,,,,,,,,,,,,,,,,,,,,,209.39971923828125,40.889347076416016,,,,312.84332275390625,14.526800155639648,,,,,
2021-12-22,,,,,,,,,,,,,,,,,,,,,211.90806579589844,40.88159942626953,,,,336.2900085449219,14.710836410522461,,,,,
2021-12-23,,,,,,,,,,,,,,,,,,,,,210.60528564453125,40.81187438964844,,,,355.6666564941406,14.764264106750488,,,,,
2021-12-27,,,,,,,,,,,,,,,,,,,,,211.5872039794922,40.81187438964844,,,,364.64666748046875,14.710836410522461,,,,,
2021-12-28,,,,,,,,,,,,,,,,,,,,,211.99559020996094,40.84286880493164,,,,362.8233337402344,14.734583854675293,,,,,
2021-12-29,,,,,,,,,,,,,,,,,,,,,212.11219787597656,40.56397247314453,,,,362.0633239746094,14.627725601196289,,,,,
2021-12-30,,,,,,,,,,,,,,,,,,,,,211.82057189941406,40.4787483215332,,,,356.7799987792969,14.710836410522461,,,,,
2021-12-31,,,,,,,,,,,,,,,,,,,,,210.6927947998047,40.254085540771484,,,,352.260009765625,14.603975296020508,,,,,
2022-01-03,,,,,,,,,,,,,,,,,,,,,215.28170776367188,40.625946044921875,,,,399.9266662597656,15.096715927124023,,,,,
2022-01-04,,,,,,,,,,,,,,,,,,,,,216.2831573486328,41.42390060424805,,,,383.1966552734375,15.221384048461914,,,,,
2022-01-05,,,,,,,,,,,,,,,,,,,,,213.89144897460938,41.84999465942383,,,,362.7066650390625,15.55976676940918,,,,,
2022-01-06,,,,,,,,,,,,,,,,,,,,,213.6483612060547,41.64856719970703,,,,354.8999938964844,15.500402450561523,,,,,
2022-01-07,,,,,,,,,,,,,,,,,,,,,210.93582153320312,42.526702880859375,,,,342.32000732421875,16.02994155883789,,,,,
2022-01-10,,,,,,,,,,,,,,,,,,,,,206.0844268798828,42.23660659790039,,,,352.7066650390625,16.13360023498535,,,,,
2022-01-11,,,,,,,,,,,,,,,,,,,,,208.427490234375,42.01707458496094,,,,354.79998779296875,16.060434341430664,,,,,
2022-01-12,,,,,,,,,,,,,,,,,,,,,209.72055053710938,41.907310485839844,,,,368.739990234375,16.127500534057617,,,,,
2022-01-13,,,,,,,,,,,,,,,,,,,,,209.03025817871094,41.96218490600586,,,,343.85333251953125,16.34090805053711,,,,,
2022-01-14,,,,,,,,,,,,,,,,,,,,,208.70944213867188,41.774017333984375,,,,349.8699951171875,16.572607040405273,,,,,
2022-01-18,,,,,,,,,,,,,,,,,,,,,209.72055053710938,41.891624450683594,,,,343.5033264160156,16.65187644958496,,,,,
2022-01-19,,,,,,,,,,,,,,,,,,,,,208.7191162109375,41.946510314941406,,,,331.8833312988281,16.63357925415039,,,,,
2022-01-20,,,,,,,,,,,,,,,,,,,,,208.39833068847656,41.868099212646484,,,,332.0899963378906,16.47504997253418,,,,,
2022-01-21,,,,,,,,,,,,,,,,,,,,,200.21209716796875,41.67992401123047,,,,314.6333312988281,16.22505760192871,,,,,
2022-01-24,,,,,,,,,,,,,,,,,,,,,196.2454071044922,41.52311706542969,,,,310.0,16.060434341430664,,,,,
2022-01-25,,,,,,,,,,,,,,,,,,,,,196.39125061035156,41.47608184814453,,,,306.1333312988281,16.145795822143555,,,,,
2022-01-26,,,,,,,,,,,,,,,,,,,,,200.15379333496094,40.0020751953125,,,,312.4700012207031,14.78608226776123,,,,,
2022-01-27,,,,,,,,,,,,,,,,,,,,,200.42601013183594,40.13535690307617,,,,276.3666687011719,14.706819534301758,,,,,
2022-01-28,,,,,,,,,,,,,,,,,,,,,221.6693115234375,41.47608184814453,,,,282.1166687011719,15.371431350708008,,,,,
2022-01-31,,,,,,,,,,,,,,,,,,,,,219.89010620117188,41.73481750488281,,,,312.239990234375,15.54825496673584,,,,,
2022-02-01,,,,,,,,,,,,,,,,,,,,,225.908203125,41.71128845214844,,,,310.4166564941406,14.88973617553711,,,,,
2022-02-02,,,,,,,,,,,,,,,,,,,,,228.88328552246094,42.181724548339844,,,,301.88665771484375,14.962905883789062,,,,,
2022-02-03,,,,,,,,,,,,,,,,,,,,,225.11102294921875,42.173885345458984,,,,297.0466613769531,14.975101470947266,,,,,
2022-02-04,,,,,,,,,,,,,,,,,,,,,222.04847717285156,41.79753875732422,,,,307.7733459472656,14.682429313659668,,,,,
2022-02-07,,,,,,,,,,,,,,,,,,,,,220.8526153564453,41.55448532104492,,,,302.4466552734375,14.590967178344727,,,,,
2022-02-08,,,,,,,,,,,,,,,,,,,,,221.61097717285156,41.41335678100586,,,,307.3333435058594,14.597064971923828,,,,,
2022-02-09,,,,,,,,,,,,,,,,,,,,,224.45957946777344,41.946510314941406,,,,310.6666564941406,14.938520431518555,,,,,
2022-02-10,,,,,,,,,,,,,,,,,,,,,219.6830291748047,41.585845947265625,,,,301.51666259765625,14.78608226776123,,,,,
2022-02-11,,,,,,,,,,,,,,,,,,,,,218.80662536621094,41.80538558959961,,,,286.6666564941406,14.712916374206543,,,,,
2022-02-14,,,,,,,,,,,,,,,,,,,,,219.43959045410156,41.766178131103516,,,,291.9200134277344,14.664135932922363,,,,,
2022-02-15,,,,,,,,,,,,,,,,,,,,,221.85467529296875,41.83674240112305,,,,307.4766540527344,14.840960502624512,,,,,
2022-02-16,,,,,,,,,,,,,,,,,,,,,222.8284912109375,41.868099212646484,,,,307.7966613769531,14.597064971923828,,,,,
2022-02-17,,,,,,,,,,,,,,,,,,,,,218.7287139892578,42.00923538208008,,,,292.1166687011719,14.487316131591797,,,,,
2022-02-18,,,,,,,,,,,,,,,,,,,,,216.85897827148438,42.20524597167969,,,,285.6600036621094,14.554383277893066,,,,,
2022-02-22,,,,,,,,,,,,,,,,,,,,,215.52487182617188,42.260128021240234,,,,273.84332275390625,14.481217384338379,,,,,
2022-02-23,,,,,,,,,,,,,,,,,,,,,210.2954559326172,41.87594985961914,,,,254.67999267578125,14.334880828857422,,,,,
2022-02-24,,,,,,,,,,,,,,,,,,,,,211.61012268066406,41.2330322265625,,,,266.92333984375,14.164153099060059,,,,,
2022-02-25,,,,,,,,,,,,,,,,,,,,,213.52853393554688,42.432621002197266,,,,269.9566650390625,14.578774452209473,,,,,
2022-02-28,,,,,,,,,,,,,,,,,,,,,210.46102905273438,42.07979202270508,,,,290.1433410644531,14.444633483886719,,,,,
2022-03-01,,,,,,,,,,,,,,,,,,,,,203.49822998046875,42.032752990722656,,,,288.1233215332031,14.347073554992676,,,,,
2022-03-02,,,,,,,,,,,,,,,,,,,,,203.0210723876953,42.44829177856445,,,,293.2966613769531,14.523896217346191,,,,,
2022-03-03,,,,,,,,,,,,,,,,,,,,,201.80377197265625,42.85600662231445,,,,279.7633361816406,14.578774452209473,,,,,
2022-03-04,,,,,,,,,,,,,,,,,,,,,195.0454864501953,43.208824157714844,,,,279.42999267578125,14.554383277893066,,,,,
2022-03-07,,,,,,,,,,,,,,,,,,,,,185.70663452148438,42.87168502807617,,,,268.1933288574219,14.371464729309082,,,,,
2022-03-08,,,,,,,,,,,,,,,,,,,,,186.69020080566406,41.75048828125,,,,274.79998779296875,14.023914337158203,,,,,
2022-03-09,,,,,,,,,,,,,,,,,,,,,194.52935791015625,41.61720657348633,,,,286.3233337402344,14.182445526123047,,,,,
2022-03-10,,,,,,,,,,,,,,,,,,,,,192.78623962402344,41.73481750488281,,,,279.4333190917969,14.13976764678955,,,,,
2022-03-11,,,,,,,,,,,,,,,,,,,,,191.55929565429688,41.585845947265625,,,,265.1166687011719,14.13976764678955,,,,,
2022-03-14,,,,,,,,,,,,,,,,,,,,,195.08447265625,41.1624641418457,,,,255.4566650390625,13.956844329833984,,,,,
2022-03-15,,,,,,,,,,,,,,,,,,,,,200.74234008789062,41.366310119628906,,,,267.2966613769531,14.078790664672852,,,,,
2022-03-16,,,,,,,,,,,,,,,,,,,,,206.32229614257812,41.154624938964844,,,,280.07666015625,14.13976764678955,,,,,
2022-03-17,,,,,,,,,,,,,,,,,,,,,207.8608856201172,41.052696228027344,,,,290.5333251953125,14.13976764678955,,,,,
2022-03-18,,,,,,,,,,,,,,,,,,,,,213.3727264404297,39.82958221435547,,,,301.7966613769531,14.158052444458008,,,,,
2022-03-21,,,,,,,,,,,,,,,,,,,,,211.35691833496094,40.064796447753906,,,,307.0533447265625,14.121471405029297,,,,,
2022-03-22,,,,,,,,,,,,,,,,,,,,,212.74945068359375,39.98639678955078,,,,331.32666015625,14.151956558227539,,,,,
2022-03-23,,,,,,,,,,,,,,,,,,,,,209.0587158203125,39.96287536621094,,,,333.03668212890625,14.151956558227539,,,,,
2022-03-24,,,,,,,,,,,,,,,,,,,,,211.6198272705078,39.98639678955078,,,,337.97332763671875,14.225130081176758,,,,,
2022-03-25,,,,,,,,,,,,,,,,,,,,,212.7105255126953,40.2059211730957,,,,336.8800048828125,14.536093711853027,,,,,
2022-03-28,,,,,,,,,,,,,,,,,,,,,214.98927307128906,40.11967849731445,,,,363.9466552734375,14.554383277893066,,,,,
2022-03-29,,,,,,,,,,,,,,,,,,,,,222.14678955078125,40.18240737915039,,,,366.5233459472656,14.627551078796387,,,,,
2022-03-30,,,,,,,,,,,,,,,,,,,,,218.08599853515625,40.464656829833984,,,,364.663330078125,14.719011306762695,,,,,
2022-03-31,,,,,,,,,,,,,,,,,,,,,215.96307373046875,39.9393424987793,,,,359.20001220703125,14.40804672241211,,,,,
2022-04-01,,,,,,,,,,,,,,,,,,,,,220.43287658691406,40.86452102661133,,,,361.5299987792969,14.621456146240234,,,,,
2022-04-04,,,,,,,,,,,,,,,,,,,,,221.77674865722656,41.131103515625,,,,381.8166809082031,14.743401527404785,,,,,
2022-04-05,,,,,,,,,,,,,,,,,,,,,220.16995239257812,41.381996154785156,,,,363.7533264160156,14.566579818725586,,,,,
2022-04-06,,,,,,,,,,,,,,,,,,,,,213.27529907226562,41.71128845214844,,,,348.586669921875,14.651944160461426,,,,,
2022-04-07,,,,,,,,,,,,,,,,,,,,,210.49024963378906,41.798587799072266,,,,352.4200134277344,14.469018936157227,,,,,
2022-04-08,,,,,,,,,,,,,,,,,,,,,211.29847717285156,42.4810791015625,,,,341.8299865722656,14.719011306762695,,,,,
2022-04-11,,,,,,,,,,,,,,,,,,,,,209.1268768310547,42.77471160888672,,,,325.30999755859375,15.847095489501953,,,,,
2022-04-12,,,,,,,,,,,,,,,,,,,,,205.86460876464844,42.59218215942383,,,,328.98333740234375,15.790587425231934,,,,,
2022-04-13,,,,,,,,,,,,,,,,,,,,,207.6856231689453,42.965171813964844,,,,340.7900085449219,15.903600692749023,,,,,
2022-04-14,,,,,,,,,,,,,,,,,,,,,207.2181854248047,42.71916198730469,,,,328.3333435058594,16.001869201660156,,,,,
2022-04-18,,,,,,,,,,,,,,,,,,,,,207.58822631835938,42.36997985839844,,,,334.7633361816406,15.936355590820312,,,,,
2022-04-19,,,,,,,,,,,,,,,,,,,,,210.05201721191406,42.655677795410156,,,,342.7166748046875,15.960923194885254,,,,,
2022-04-20,,,,,,,,,,,,,,,,,,,,,212.0872802734375,43.179439544677734,,,,325.73333740234375,15.911788940429688,,,,,
2022-04-21,,,,,,,,,,,,,,,,,,,,,210.7823486328125,43.655601501464844,,,,336.260009765625,16.55055046081543,,,,,
2022-04-22,,,,,,,,,,,,,,,,,,,,,202.71917724609375,41.19546127319336,,,,335.01666259765625,15.985495567321777,,,,,
2022-04-25,,,,,,,,,,,,,,,,,,,,,204.4525604248047,39.90189743041992,,,,332.67333984375,15.977303504943848,,,,,
2022-04-26,,,,,,,,,,,,,,,,,,,,,195.83432006835938,39.21147155761719,,,,292.1400146484375,15.805326461791992,,,,,
2022-04-27,,,,,,,,,,,,,,,,,,,,,208.50364685058594,38.45756912231445,,,,293.836669921875,15.616973876953125,,,,,
2022-04-28,,,,,,,,,,,,,,,,,,,,,214.8821563720703,38.40993881225586,,,,292.5033264160156,15.903600692749023,,,,,
2022-04-29,,,,,,,,,,,,,,,,,,,,,207.54930114746094,36.7433967590332,,,,290.2533264160156,15.44499683380127,,,,,
2022-05-02,,,,,,,,,,,,,,,,,,,,,205.99122619628906,36.687843322753906,,,,300.9800109863281,15.657919883728027,,,,,
2022-05-03,,,,,,,,,,,,,,,,,,,,,203.0989532470703,37.43381881713867,,,,303.0833435058594,15.829894065856934,,,,,
2022-05-04,,,,,,,,,,,,,,,,,,,,,208.9029083251953,38.38613510131836,,,,317.5400085449219,16.337629318237305,,,,,
2022-05-05,,,,,,,,,,,,,,,,,,,,,199.86590576171875,37.965538024902344,,,,291.09332275390625,16.337629318237305,,,,,
2022-05-06,,,,,,,,,,,,,,,,,,,,,197.50930786132812,38.30677795410156,,,,288.54998779296875,16.40314483642578,,,,,
2022-05-09,,,,,,,,,,,,,,,,,,,,,187.94639587402344,38.58453369140625,,,,262.3699951171875,16.01005744934082,,,,,
2022-05-10,,,,,,,,,,,,,,,,,,,,,188.51121520996094,38.195674896240234,,,,266.67999267578125,15.854462623596191,,,,,
2022-05-11,,,,,,,,,,,,,,,,,,,,,191.56900024414062,37.997276306152344,,,,244.6666717529297,15.911788940429688,,,,,
2022-05-12,,,,,,,,,,,,,,,,,,,,,189.2517852783203,38.1401252746582,,,,242.6666717529297,16.149274826049805,,,,,
2022-05-13,,,,,,,,,,,,,,,,,,,,,194.38380432128906,38.235355377197266,,,,256.5299987792969,16.247547149658203,,,,,
2022-05-16,,,,,,,,,,,,,,,,,,,,,192.99832153320312,38.91783905029297,,,,241.4566650390625,16.60787582397461,,,,,
2022-05-17,,,,,,,,,,,,,,,,,,,,,199.0377960205078,38.83848571777344,,,,253.8699951171875,16.845367431640625,,,,,
2022-05-18,,,,,,,,,,,,,,,,,,,,,195.12535095214844,38.798805236816406,,,,236.60333251953125,16.566926956176758,,,,,
2022-05-19,,,,,,,,,,,,,,,,,,,,,192.56907653808594,38.96546173095703,,,,236.47332763671875,16.55055046081543,,,,,
2022-05-20,,,,,,,,,,,,,,,,,,,,,194.18869018554688,39.30670166015625,,,,221.3000030517578,16.706146240234375,,,,,
2022-05-23,,,,,,,,,,,,,,,,,,,,,202.51119995117188,39.41780471801758,,,,224.96665954589844,16.984580993652344,,,,,
2022-05-24,,,,,,,,,,,,,,,,,,,,,197.70111083984375,40.21934127807617,,,,209.3866729736328,17.328535079956055,,,,,
2022-05-25,,,,,,,,,,,,,,,,,,,,,198.88165283203125,40.66374588012695,,,,219.60000610351562,17.44318199157715,,,,,
2022-05-26,,,,,,,,,,,,,,,,,,,,,203.47711181640625,40.46534729003906,,,,235.91000366210938,17.459564208984375,,,,,
2022-05-27,,,,,,,,,,,,,,,,,,,,,207.70179748535156,40.79072189331055,,,,253.2100067138672,17.434995651245117,,,,,
2022-05-31,,,,,,,,,,,,,,,,,,,,,207.00909423828125,40.703433990478516,,,,252.75332641601562,17.434995651245117,,,,,
2022-06-01,,,,,,,,,,,,,,,,,,,,,204.82354736328125,40.79072189331055,,,,246.7899932861328,17.377670288085938,,,,,
2022-06-02,,,,,,,,,,,,,,,,,,,,,209.81898498535156,40.703433990478516,,,,258.3333435058594,17.35310173034668,,,,,
2022-06-03,,,,,,,,,,,,,,,,,,,,,207.47740173339844,40.322509765625,,,,234.51666259765625,17.115612030029297,,,,,
2022-06-06,,,,,,,,,,,,,,,,,,,,,207.76034545898438,40.66374588012695,,,,238.27999877929688,17.14836883544922,,,,,
2022-06-07,,,,,,,,,,,,,,,,,,,,,209.2823486328125,40.98912811279297,,,,238.8866729736328,17.312156677246094,,,,,
2022-06-08,,,,,,,,,,,,,,,,,,,,,208.30670166015625,40.90977096557617,,,,241.86666870117188,17.238452911376953,,,,,
2022-06-09,,,,,,,,,,,,,,,,,,,,,201.09645080566406,40.42566680908203,,,,239.7066650390625,17.09923553466797,,,,,
2022-06-10,,,,,,,,,,,,,,,,,,,,,194.65701293945312,40.330448150634766,,,,232.22999572753906,16.943639755249023,,,,,
2022-06-13,,,,,,,,,,,,,,,,,,,,,187.58334350585938,39.35432434082031,,,,215.73666381835938,16.18203353881836,,,,,
2022-06-14,,,,,,,,,,,,,,,,,,,,,188.812744140625,39.0130729675293,,,,220.88999938964844,15.928170204162598,,,,,
2022-06-15,,,,,,,,,,,,,,,,,,,,,191.3885040283203,39.0051383972168,,,,233.0,15.919976234436035,,,,,
2022-06-16,,,,,,,,,,,,,,,,,,,,,184.45144653320312,38.75912857055664,,,,213.10000610351562,15.526890754699707,,,,,
2022-06-17,,,,,,,,,,,,,,,,,,,,,185.38809204101562,38.90990447998047,,,,216.75999450683594,15.870841979980469,,,,,
2022-06-21,,,,,,,,,,,,,,,,,,,,,189.66152954101562,40.19552993774414,,,,237.0366668701172,16.3458194732666,,,,,
2022-06-22,,,,,,,,,,,,,,,,,,,,,189.10540771484375,40.306636810302734,,,,236.086669921875,16.64063262939453,,,,,
2022-06-23,,,,,,,,,,,,,,,,,,,,,191.85684204101562,41.338314056396484,,,,235.07000732421875,16.878122329711914,,,,,
2022-06-24,,,,,,,,,,,,,,,,,,,,,200.51104736328125,40.44154357910156,,,,245.7066650390625,17.18931770324707,,,,,
2022-06-27,,,,,,,,,,,,,,,,,,,,,198.6084747314453,40.44154357910156,,,,244.9199981689453,17.0173397064209,,,,,
2022-06-28,,,,,,,,,,,,,,,,,,,,,193.30079650878906,40.04475402832031,,,,232.663330078125,16.878122329711914,,,,,
2022-06-29,,,,,,,,,,,,,,,,,,,,,194.64723205566406,40.42566680908203,,,,228.49000549316406,17.156557083129883,,,,,
2022-06-30,,,,,,,,,,,,,,,,,,,,,192.10072326660156,40.2748908996582,,,,224.47332763671875,17.16474723815918,,,,,
2022-07-01,,,,,,,,,,,,,,,,,,,,,194.33502197265625,40.981197357177734,,,,227.26333618164062,17.451372146606445,,,,,
2022-07-05,,,,,,,,,,,,,,,,,,,,,195.66197204589844,40.80659866333008,,,,233.06666564941406,17.33672332763672,,,,,
2022-07-06,,,,,,,,,,,,,,,,,,,,,196.22784423828125,40.87801742553711,,,,231.73333740234375,17.271211624145508,,,,,
2022-07-07,,,,,,,,,,,,,,,,,,,,,197.86700439453125,40.749446868896484,,,,244.5433349609375,17.320344924926758,,,,,
2022-07-08,,,,,,,,,,,,,,,,,,,,,198.61825561523438,40.572669982910156,,,,250.76333618164062,17.260595321655273,,,,,
2022-07-11,,,,,,,,,,,,,,,,,,,,,200.07200622558594,40.58069610595703,,,,234.3433380126953,17.144418716430664,,,,,
2022-07-12,,,,,,,,,,,,,,,,,,,,,199.83786010742188,40.805702209472656,,,,233.07000732421875,17.094629287719727,,,,,
2022-07-13,,,,,,,,,,,,,,,,,,,,,199.1841278076172,40.5887336730957,,,,237.0399932861328,16.97015380859375,,,,,
2022-07-14,,,,,,,,,,,,,,,,,,,,,200.9013214111328,40.572669982910156,,,,238.31333923339844,16.870574951171875,,,,,
2022-07-15,,,,,,,,,,,,,,,,,,,,,204.9308624267578,40.998558044433594,,,,240.06666564941406,17.06973648071289,,,,,
2022-07-18,,,,,,,,,,,,,,,,,,,,,202.16973876953125,40.403907775878906,,,,240.54666137695312,17.03653907775879,,,,,
2022-07-19,,,,,,,,,,,,,,,,,,,,,208.4628448486328,40.5405158996582,,,,245.52999877929688,17.260595321655273,,,,,
2022-07-20,,,,,,,,,,,,,,,,,,,,,208.1798553466797,39.43157958984375,,,,247.5,16.995046615600586,,,,,
2022-07-21,,,,,,,,,,,,,,,,,,,,,210.9312744140625,38.29853820800781,,,,271.7066650390625,15.700502395629883,,,,,
2022-07-22,,,,,,,,,,,,,,,,,,,,,208.50184631347656,35.71904754638672,,,,272.24334716796875,15.268989562988281,,,,,
2022-07-25,,,,,,,,,,,,,,,,,,,,,209.05796813964844,35.9681510925293,,,,268.4333190917969,15.376867294311523,,,,,
2022-07-26,,,,,,,,,,,,,,,,,,,,,207.32127380371094,36.09672927856445,,,,258.8599853515625,15.186006546020508,,,,,
2022-07-27,,,,,,,,,,,,,,,,,,,,,205.35043334960938,36.08869552612305,,,,274.82000732421875,15.260688781738281,,,,,
2022-07-28,,,,,,,,,,,,,,,,,,,,,206.20901489257812,36.60297775268555,,,,280.8999938964844,15.418359756469727,,,,,
2022-07-29,,,,,,,,,,,,,,,,,,,,,206.9504852294922,37.11727523803711,,,,297.1499938964844,15.584331512451172,,,,,
2022-08-01,,,,,,,,,,,,,,,,,,,,,206.21878051757812,37.173526763916016,,,,297.27667236328125,15.542834281921387,,,,,
2022-08-02,,,,,,,,,,,,,,,,,,,,,201.2427978515625,36.434234619140625,,,,300.586669921875,15.235795021057129,,,,,
2022-08-03,,,,,,,,,,,,,,,,,,,,,203.40882873535156,36.42620086669922,,,,307.39666748046875,15.244091033935547,,,,,
2022-08-04,,,,,,,,,,,,,,,,,,,,,208.27743530273438,35.70297622680664,,,,308.6333312988281,15.161107063293457,,,,,
2022-08-05,,,,,,,,,,,,,,,,,,,,,210.6190643310547,36.1208381652832,,,,288.1700134277344,15.227493286132812,,,,,
2022-08-08,,,,,,,,,,,,,,,,,,,,,208.13107299804688,35.79136657714844,,,,290.42333984375,14.937053680419922,,,,,
2022-08-09,,,,,,,,,,,,,,,,,,,,,205.14552307128906,35.903873443603516,,,,283.3333435058594,15.020039558410645,,,,,
2022-08-10,,,,,,,,,,,,,,,,,,,,,206.9407958984375,36.032440185546875,,,,294.3566589355469,14.945353507995605,,,,,
2022-08-11,,,,,,,,,,,,,,,,,,,,,206.31036376953125,35.98422622680664,,,,286.6300048828125,14.97024917602539,,,,,
2022-08-12,,,,,,,,,,,,,,,,,,,,,206.5546875,36.28155517578125,,,,300.0299987792969,15.161107063293457,,,,,
2022-08-15,,,,,,,,,,,,,,,,,,,,,211.52967834472656,36.611026763916016,,,,309.32000732421875,15.260688781738281,,,,,
2022-08-16,,,,,,,,,,,,,,,,,,,,,212.2333984375,36.80387878417969,,,,306.5633239746094,15.410061836242676,,,,,
2022-08-17,,,,,,,,,,,,,,,,,,,,,209.67262268066406,36.434234619140625,,,,303.9966735839844,15.2855863571167,,,,,
2022-08-18,,,,,,,,,,,,,,,,,,,,,210.38613891601562,35.51011657714844,,,,302.8699951171875,15.29388427734375,,,,,
2022-08-19,,,,,,,,,,,,,,,,,,,,,208.0110321044922,35.69493865966797,,,,296.6666564941406,15.29388427734375,,,,,
2022-08-22,,,,,,,,,,,,,,,,,,,,,203.89613342285156,35.494049072265625,,,,289.913330078125,15.044930458068848,,,,,
2022-08-23,,,,,,,,,,,,,,,,,,,,,202.1270751953125,34.931549072265625,,,,296.4533386230469,14.986844062805176,,,,,
2022-08-24,,,,,,,,,,,,,,,,,,,,,202.0,34.99583435058594,,,,297.0966796875,14.945353507995605,,,,,
2022-08-25,,,,,,,,,,,,,,,,,,,,,205.07882690429688,35.14850616455078,,,,296.07000732421875,15.011739730834961,,,,,
2022-08-26,,,,,,,,,,,,,,,,,,,,,198.305419921875,34.754756927490234,,,,288.0899963378906,14.845771789550781,,,,,
2022-08-29,,,,,,,,,,,,,,,,,,,,,197.758056640625,34.81904602050781,,,,284.82000732421875,14.754491806030273,,,,,
2022-08-30,,,,,,,,,,,,,,,,,,,,,196.82952880859375,34.176177978515625,,,,277.70001220703125,14.78768539428711,,,,,
2022-08-31,,,,,,,,,,,,,,,,,,,,,194.21986389160156,33.59760284423828,,,,275.6099853515625,14.555327415466309,,,,,
2022-09-01,,,,,,,,,,,,,,,,,,,,,195.6077880859375,33.59760284423828,,,,277.1600036621094,14.522136688232422,,,,,
2022-09-02,,,,,,,,,,,,,,,,,,,,,193.29135131835938,33.18777847290039,,,,270.2099914550781,14.264886856079102,,,,,
2022-09-06,,,,,,,,,,,,,,,,,,,,,194.15145874023438,33.027061462402344,,,,274.4200134277344,13.932950973510742,,,,,
2022-09-07,,,,,,,,,,,,,,,,,,,,,195.89120483398438,33.010990142822266,,,,283.70001220703125,13.999341011047363,,,,,
2022-09-08,,,,,,,,,,,,,,,,,,,,,196.17465209960938,33.20384979248047,,,,289.260009765625,13.91635513305664,,,,,
2022-09-09,,,,,,,,,,,,,,,,,,,,,200.56320190429688,33.94314193725586,,,,299.67999267578125,14.13211441040039,,,,,
2022-09-12,,,,,,,,,,,,,,,,,,,,,201.9608917236328,34.36099624633789,,,,304.4200134277344,14.422553062438965,,,,,
2022-09-13,,,,,,,,,,,,,,,,,,,,,195.15817260742188,33.54938507080078,,,,292.1300048828125,13.966144561767578,,,,,
2022-09-14,,,,,,,,,,,,,,,,,,,,,194.904052734375,33.17169952392578,,,,302.6099853515625,13.91635513305664,,,,,
2022-09-15,,,,,,,,,,,,,,,,,,,,,190.95533752441406,32.9708137512207,,,,303.75,13.908058166503906,,,,,
2022-09-16,,,,,,,,,,,,,,,,,,,,,188.93206787109375,33.14759826660156,,,,303.3500061035156,13.891459465026855,,,,,
2022-09-19,,,,,,,,,,,,,,,,,,,,,188.76596069335938,33.139564514160156,,,,309.07000732421875,13.908058166503906,,,,,
2022-09-20,,,,,,,,,,,,,,,,,,,,,187.72991943359375,32.61723709106445,,,,308.7300109863281,13.742090225219727,,,,,
2022-09-21,,,,,,,,,,,,,,,,,,,,,182.7939910888672,31.725263595581055,,,,300.79998779296875,13.48483943939209,,,,,
2022-09-22,,,,,,,,,,,,,,,,,,,,,181.59176635742188,32.086875915527344,,,,288.5899963378906,13.476543426513672,,,,,
2022-09-23,,,,,,,,,,,,,,,,,,,,,179.8031768798828,31.757413864135742,,,,275.3299865722656,13.285680770874023,,,,,
2022-09-26,,,,,,,,,,,,,,,,,,,,,176.50929260253906,31.283296585083008,,,,276.010009765625,13.003536224365234,,,,,
2022-09-27,,,,,,,,,,,,,,,,,,,,,173.8507537841797,31.251155853271484,,,,282.94000244140625,13.053326606750488,,,,,
2022-09-28,,,,,,,,,,,,,,,,,,,,,175.13116455078125,31.652944564819336,,,,287.80999755859375,13.136310577392578,,,,,
2022-09-29,,,,,,,,,,,,,,,,,,,,,175.99130249023438,31.050262451171875,,,,268.2099914550781,12.887360572814941,,,,,
2022-09-30,,,,,,,,,,,,,,,,,,,,,173.63572692871094,30.511865615844727,,,,265.25,12.729690551757812,,,,,
2022-10-03,,,,,,,,,,,,,,,,,,,,,177.5453338623047,31.468120574951172,,,,242.39999389648438,13.1943998336792,,,,,
2022-10-04,,,,,,,,,,,,,,,,,,,,,181.4549560546875,31.990449905395508,,,,249.44000244140625,13.352066993713379,,,,,
2022-10-05,,,,,,,,,,,,,,,,,,,,,183.42933654785156,31.66097640991211,,,,240.80999755859375,13.219293594360352,,,,,
2022-10-06,,,,,,,,,,,,,,,,,,,,,181.3963165283203,30.919851303100586,,,,238.1300048828125,12.938894271850586,,,,,
2022-10-07,,,,,,,,,,,,,,,,,,,,,179.67608642578125,30.110904693603516,,,,223.07000732421875,12.617956161499023,,,,,
2022-10-10,,,,,,,,,,,,,,,,,,,,,178.06336975097656,29.922962188720703,,,,222.9600067138672,12.584172248840332,,,,,
2022-10-11,,,,,,,,,,,,,,,,,,,,,175.0920867919922,29.3673152923584,,,,216.5,12.508161544799805,,,,,
2022-10-12,,,,,,,,,,,,,,,,,,,,,174.21241760253906,29.154869079589844,,,,217.24000549316406,12.3561372756958,,,,,
2022-10-13,,,,,,,,,,,,,,,,,,,,,180.48731994628906,29.74319839477539,,,,221.72000122070312,12.769979476928711,,,,,
2022-10-14,,,,,,,,,,,,,,,,,,,,,178.49342346191406,29.726858139038086,,,,204.99000549316406,12.660184860229492,,,,,
2022-10-17,,,,,,,,,,,,,,,,,,,,,181.0640106201172,30.380552291870117,,,,219.35000610351562,12.930449485778809,,,,,
2022-10-18,,,,,,,,,,,,,,,,,,,,,182.94061279296875,30.290664672851562,,,,220.19000244140625,13.175375938415527,,,,,
2022-10-19,,,,,,,,,,,,,,,,,,,,,182.1977996826172,29.88210678100586,,,,222.0399932861328,13.124698638916016,,,,,
2022-10-20,,,,,,,,,,,,,,,,,,,,,182.98951721191406,30.233470916748047,,,,207.27999877929688,14.138190269470215,,,,,
2022-10-21,,,,,,,,,,,,,,,,,,,,,186.0683135986328,28.88521957397461,,,,214.44000244140625,14.442239761352539,,,,,
2022-10-24,,,,,,,,,,,,,,,,,,,,,186.400634765625,29.39183235168457,,,,211.25,14.788514137268066,,,,,
2022-10-25,,,,,,,,,,,,,,,,,,,,,189.9877166748047,29.7677059173584,,,,222.4199981689453,14.940539360046387,,,,,
2022-10-26,,,,,,,,,,,,,,,,,,,,,198.73545837402344,29.7677059173584,,,,224.63999938964844,15.320597648620605,,,,,
2022-10-27,,,,,,,,,,,,,,,,,,,,,199.6737518310547,29.56342887878418,,,,225.08999633789062,15.22769546508789,,,,,
2022-10-28,,,,,,,,,,,,,,,,,,,,,204.60964965820312,30.780933380126953,,,,228.52000427246094,15.607751846313477,,,,,
2022-10-31,,,,,,,,,,,,,,,,,,,,,202.4789276123047,30.535799026489258,,,,227.5399932861328,15.3966064453125,,,,,
2022-11-01,,,,,,,,,,,,,,,,,,,,,202.2541046142578,30.535799026489258,,,,227.82000732421875,15.497953414916992,,,,,
2022-11-02,,,,,,,,,,,,,,,,,,,,,196.40924072265625,30.813629150390625,,,,214.97999572753906,15.565523147583008,,,,,
2022-11-03,,,,,,,,,,,,,,,,,,,,,190.3493194580078,30.356040954589844,,,,215.30999755859375,15.345932006835938,,,,,
2022-11-04,,,,,,,,,,,,,,,,,,,,,192.52891540527344,30.429584503173828,,,,207.47000122070312,15.472622871398926,,,,,
2022-11-07,,,,,,,,,,,,,,,,,,,,,195.57847595214844,30.388715744018555,,,,197.0800018310547,15.506402969360352,,,,,
2022-11-08,,,,,,,,,,,,,,,,,,,,,197.22048950195312,30.944364547729492,,,,191.3000030517578,15.683764457702637,,,,,
2022-11-09,,,,,,,,,,,,,,,,,,,,,189.97152709960938,30.740081787109375,,,,177.58999633789062,15.523293495178223,,,,,
2022-11-10,,,,,,,,,,,,,,,,,,,,,201.37393188476562,31.475496292114258,,,,190.72000122070312,15.9118013381958,,,,,
2022-11-11,,,,,,,,,,,,,,,,,,,,,200.81556701660156,31.295724868774414,,,,195.97000122070312,16.089157104492188,,,,,
2022-11-14,,,,,,,,,,,,,,,,,,,,,202.6376190185547,31.303903579711914,,,,190.9499969482422,16.097604751586914,,,,,
2022-11-15,,,,,,,,,,,,,,,,,,,,,205.70370483398438,30.805452346801758,,,,194.4199981689453,16.063825607299805,,,,,
2022-11-16,,,,,,,,,,,,,,,,,,,,,205.85064697265625,30.95254135131836,,,,186.9199981689453,15.987812042236328,,,,,
2022-11-17,,,,,,,,,,,,,,,,,,,,,206.6833038330078,31.181331634521484,,,,183.1699981689453,16.004703521728516,,,,,
2022-11-18,,,,,,,,,,,,,,,,,,,,,206.49720764160156,31.500009536743164,,,,180.19000244140625,16.021596908569336,,,,,
2022-11-21,,,,,,,,,,,,,,,,,,,,,202.108642578125,31.55720329284668,,,,167.8699951171875,15.9118013381958,,,,,
2022-11-22,,,,,,,,,,,,,,,,,,,,,206.0367889404297,32.031131744384766,,,,169.91000366210938,16.046934127807617,,,,,
2022-11-23,,,,,,,,,,,,,,,,,,,,,207.40818786621094,31.80234146118164,,,,183.1999969482422,16.122943878173828,,,,,
2022-11-25,,,,,,,,,,,,,,,,,,,,,209.42616271972656,31.884050369262695,,,,182.86000061035156,16.14828109741211,,,,,
2022-11-28,,,,,,,,,,,,,,,,,,,,,206.9477996826172,31.2467041015625,,,,182.9199981689453,15.894906044006348,,,,,
2022-11-29,,,,,,,,,,,,,,,,,,,,,204.79269409179688,31.328411102294922,,,,180.8300018310547,16.05537986755371,,,,,
2022-11-30,,,,,,,,,,,,,,,,,,,,,212.57064819335938,31.851367950439453,,,,194.6999969482422,16.28341293334961,,,,,
2022-12-01,,,,,,,,,,,,,,,,,,,,,212.57064819335938,31.320240020751953,,,,194.6999969482422,16.2074031829834,,,,,
2022-12-02,,,,,,,,,,,,,,,,,,,,,213.21717834472656,31.197673797607422,,,,194.86000061035156,16.063825607299805,,,,,
2022-12-05,,,,,,,,,,,,,,,,,,,,,209.31842041015625,30.290664672851562,,,,182.4499969482422,15.835787773132324,,,,,
2022-12-06,,,,,,,,,,,,,,,,,,,,,204.8123016357422,30.143585205078125,,,,179.82000732421875,16.190509796142578,,,,,
2022-12-07,,,,,,,,,,,,,,,,,,,,,203.56822204589844,30.372377395629883,,,,174.0399932861328,16.300304412841797,,,,,
2022-12-08,,,,,,,,,,,,,,,,,,,,,204.8319091796875,30.3151798248291,,,,173.44000244140625,16.14828109741211,,,,,
2022-12-09,,,,,,,,,,,,,,,,,,,,,204.4400634765625,30.560317993164062,,,,179.0500030517578,16.122943878173828,,,,,
2022-12-12,,,,,,,,,,,,,,,,,,,,,210.2098388671875,31.009737014770508,,,,167.82000732421875,16.300304412841797,,,,,
2022-12-13,,,,,,,,,,,,,,,,,,,,,208.69143676757812,30.936195373535156,,,,160.9499969482422,16.14828109741211,,,,,
2022-12-14,,,,,,,,,,,,,,,,,,,,,208.9657745361328,30.601179122924805,,,,156.8000030517578,15.96247386932373,,,,,
2022-12-15,,,,,,,,,,,,,,,,,,,,,203.66619873046875,30.86265754699707,,,,157.6699981689453,15.5993070602417,,,,,
2022-12-16,,,,,,,,,,,,,,,,,,,,,202.6669921875,30.33152198791504,,,,150.22999572753906,15.616198539733887,,,,,
2022-12-19,,,,,,,,,,,,,,,,,,,,,200.6392822265625,30.25798225402832,,,,149.8699951171875,15.08411693572998,,,,,
2022-12-20,,,,,,,,,,,,,,,,,,,,,201.16824340820312,30.225303649902344,,,,137.8000030517578,15.261476516723633,,,,,
2022-12-21,,,,,,,,,,,,,,,,,,,,,202.58865356445312,30.87082290649414,,,,137.57000732421875,15.32904052734375,,,,,
2022-12-22,,,,,,,,,,,,,,,,,,,,,200.87435913085938,31.303903579711914,,,,125.3499984741211,15.430388450622559,,,,,
2022-12-23,,,,,,,,,,,,,,,,,,,,,201.62863159179688,31.385608673095703,,,,123.1500015258789,15.464174270629883,,,,,
2022-12-27,,,,,,,,,,,,,,,,,,,,,202.07925415039062,32.07198715209961,,,,109.0999984741211,15.590860366821289,,,,,
2022-12-28,,,,,,,,,,,,,,,,,,,,,200.80577087402344,31.712459564208984,,,,112.70999908447266,15.388162612915039,,,,,
2022-12-29,,,,,,,,,,,,,,,,,,,,,203.8131103515625,32.08015823364258,,,,121.81999969482422,15.582417488098145,,,,,
2022-12-30,,,,,,,,,,,,,,,,,,,,,203.5192413330078,32.19456481933594,,,,123.18000030517578,15.548635482788086,,,,,
2023-01-03,,,,,,,,,,,,,,,,,,,,,203.15679931640625,32.78289031982422,,,,108.0999984741211,15.827339172363281,,,,,
2023-01-04,,,,,,,,,,,,,,,,,,,,,208.27023315429688,33.608177185058594,,,,113.63999938964844,16.165172576904297,,,,,
2023-01-05,,,,,,,,,,,,,,,,,,,,,206.8008575439453,34.073936462402344,,,,110.33999633789062,16.224288940429688,,,,,
2023-01-06,,,,,,,,,,,,,,,,,,,,,213.30532836914062,34.47432327270508,,,,113.05999755859375,16.494558334350586,,,,,
2023-01-09,,,,,,,,,,,,,,,,,,,,,214.13795471191406,34.335723876953125,,,,119.7699966430664,16.31292152404785,,,,,
2023-01-10,,,,,,,,,,,,,,,,,,,,,216.5771484375,34.81710433959961,,,,118.8499984741211,16.68132972717285,,,,,
2023-01-11,,,,,,,,,,,,,,,,,,,,,217.56654357910156,34.17802810668945,,,,123.22000122070312,16.629926681518555,,,,,
2023-01-12,,,,,,,,,,,,,,,,,,,,,219.05551147460938,34.700904846191406,,,,123.55999755859375,16.629926681518555,,,,,
2023-01-13,,,,,,,,,,,,,,,,,,,,,218.50692749023438,34.74240493774414,,,,122.4000015258789,16.7498722076416,,,,,
2023-01-17,,,,,,,,,,,,,,,,,,,,,218.4481658935547,33.90414047241211,,,,131.49000549316406,16.561386108398438,,,,,
2023-01-18,,,,,,,,,,,,,,,,,,,,,214.98043823242188,33.173763275146484,,,,128.77999877929688,16.295785903930664,,,,,
2023-01-19,,,,,,,,,,,,,,,,,,,,,215.91102600097656,33.248470306396484,,,,127.16999816894531,16.227245330810547,,,,,
2023-01-20,,,,,,,,,,,,,,,,,,,,,219.73143005371094,33.198665618896484,,,,133.4199981689453,16.475706100463867,,,,,
2023-01-23,,,,,,,,,,,,,,,,,,,,,219.60406494140625,32.89158248901367,,,,143.75,16.36432647705078,,,,,
2023-01-24,,,,,,,,,,,,,,,,,,,,,219.32000732421875,33.547245025634766,,,,143.88999938964844,16.415733337402344,,,,,
2023-01-25,,,,,,,,,,,,,,,,,,,,,220.3093719482422,33.472557067871094,,,,144.42999267578125,17.495264053344727,,,,,
2023-01-26,,,,,,,,,,,,,,,,,,,,,220.1232452392578,33.422760009765625,,,,160.27000427246094,17.135419845581055,,,,,
2023-01-27,,,,,,,,,,,,,,,,,,,,,226.7158966064453,33.72983932495117,,,,177.89999389648438,17.09258460998535,,,,,
2023-01-30,,,,,,,,,,,,,,,,,,,,,224.4236297607422,34.070125579833984,,,,166.66000366210938,17.272502899169922,,,,,
2023-01-31,,,,,,,,,,,,,,,,,,,,,225.510986328125,34.501712799072266,,,,173.22000122070312,17.452425003051758,,,,,
2023-02-01,,,,,,,,,,,,,,,,,,,,,226.18690490722656,34.60131072998047,,,,181.41000366210938,17.289642333984375,,,,,
2023-02-02,,,,,,,,,,,,,,,,,,,,,224.874267578125,34.71751022338867,,,,188.27000427246094,17.375316619873047,,,,,
2023-02-03,,,,,,,,,,,,,,,,,,,,,225.43263244628906,34.45191192626953,,,,189.97999572753906,16.989768981933594,,,,,
2023-02-06,,,,,,,,,,,,,,,,,,,,,224.75669860839844,34.26103210449219,,,,194.75999450683594,16.775577545166016,,,,,
2023-02-07,,,,,,,,,,,,,,,,,,,,,226.5983428955078,33.65514373779297,,,,196.80999755859375,16.492841720581055,,,,,
2023-02-08,,,,,,,,,,,,,,,,,,,,,225.50115966796875,33.630245208740234,,,,201.2899932861328,16.415733337402344,,,,,
2023-02-09,,,,,,,,,,,,,,,,,,,,,225.1085968017578,33.040977478027344,,,,207.32000732421875,16.252946853637695,,,,,
2023-02-10,,,,,,,,,,,,,,,,,,,,,222.99835205078125,33.20697021484375,,,,196.88999938964844,16.338624954223633,,,,,
2023-02-13,,,,,,,,,,,,,,,,,,,,,224.64727783203125,33.464256286621094,,,,194.63999938964844,16.501407623291016,,,,,
2023-02-14,,,,,,,,,,,,,,,,,,,,,225.14784240722656,33.472557067871094,,,,209.25,16.407167434692383,,,,,
2023-02-15,,,,,,,,,,,,,,,,,,,,,224.68653869628906,33.51405334472656,,,,214.24000549316406,16.492841720581055,,,,,
2023-02-16,,,,,,,,,,,,,,,,,,,,,221.65370178222656,33.06587219238281,,,,202.0399932861328,16.501407623291016,,,,,
2023-02-17,,,,,,,,,,,,,,,,,,,,,219.4256591796875,33.381263732910156,,,,208.30999755859375,16.65563201904297,,,,,
2023-02-21,,,,,,,,,,,,,,,,,,,,,216.54000854492188,32.53469467163086,,,,197.3699951171875,16.458568572998047,,,,,
2023-02-22,,,,,,,,,,,,,,,,,,,,,215.9511260986328,32.60108947753906,,,,200.86000061035156,16.604223251342773,,,,,
2023-02-23,,,,,,,,,,,,,,,,,,,,,217.04061889648438,31.978612899780273,,,,202.07000732421875,16.578519821166992,,,,,
2023-02-24,,,,,,,,,,,,,,,,,,,,,215.4898223876953,32.15291213989258,,,,196.8800048828125,16.484272003173828,,,,,
2023-02-27,,,,,,,,,,,,,,,,,,,,,216.27505493164062,32.26910400390625,,,,207.6300048828125,16.304353713989258,,,,,
2023-02-28,,,,,,,,,,,,,,,,,,,,,215.87261962890625,32.21100997924805,,,,205.7100067138672,16.2015438079834,,,,,
2023-03-01,,,,,,,,,,,,,,,,,,,,,214.32183837890625,31.7877254486084,,,,202.77000427246094,15.987347602844238,,,,,
2023-03-02,,,,,,,,,,,,,,,,,,,,,215.00889587402344,31.87902069091797,,,,190.89999389648438,15.987347602844238,,,,,
2023-03-03,,,,,,,,,,,,,,,,,,,,,219.6317901611328,31.754526138305664,,,,197.7899932861328,16.115861892700195,,,,,
2023-03-06,,,,,,,,,,,,,,,,,,,,,222.55665588378906,31.66323471069336,,,,193.80999755859375,16.081592559814453,,,,,
2023-03-07,,,,,,,,,,,,,,,,,,,,,219.04286193847656,31.464035034179688,,,,187.7100067138672,16.03018569946289,,,,,
2023-03-08,,,,,,,,,,,,,,,,,,,,,218.08099365234375,31.148645401000977,,,,182.0,15.944510459899902,,,,,
2023-03-09,,,,,,,,,,,,,,,,,,,,,215.94131469726562,30.335283279418945,,,,172.9199981689453,15.696048736572266,,,,,
2023-03-10,,,,,,,,,,,,,,,,,,,,,212.14288330078125,30.443178176879883,,,,173.44000244140625,15.790289878845215,,,,,
2023-03-13,,,,,,,,,,,,,,,,,,,,,210.50375366210938,30.326984405517578,,,,174.47999572753906,15.678910255432129,,,,,
2023-03-14,,,,,,,,,,,,,,,,,,,,,214.61627197265625,30.609169006347656,,,,183.25999450683594,15.798859596252441,,,,,
2023-03-15,,,,,,,,,,,,,,,,,,,,,212.36862182617188,30.758563995361328,,,,180.4499969482422,15.687477111816406,,,,,
2023-03-16,,,,,,,,,,,,,,,,,,,,,213.4286651611328,30.360183715820312,,,,184.1300048828125,15.756016731262207,,,,,
2023-03-17,,,,,,,,,,,,,,,,,,,,,213.36978149414062,30.53447914123535,,,,180.1300048828125,15.533256530761719,,,,,
2023-03-20,,,,,,,,,,,,,,,,,,,,,214.11570739746094,31.065654754638672,,,,183.25,15.841696739196777,,,,,
2023-03-21,,,,,,,,,,,,,,,,,,,,,217.8454132080078,31.322940826416016,,,,197.5800018310547,15.884537696838379,,,,,
2023-03-22,,,,,,,,,,,,,,,,,,,,,215.97076416015625,30.966053009033203,,,,191.14999389648438,15.756016731262207,,,,,
2023-03-23,,,,,,,,,,,,,,,,,,,,,218.47361755371094,31.015857696533203,,,,192.22000122070312,15.81599235534668,,,,,
2023-03-24,,,,,,,,,,,,,,,,,,,,,216.95225524902344,31.256540298461914,,,,190.41000366210938,15.944510459899902,,,,,
2023-03-27,,,,,,,,,,,,,,,,,,,,,217.70802307128906,31.580236434936523,,,,191.80999755859375,16.16727066040039,,,,,
2023-03-28,,,,,,,,,,,,,,,,,,,,,216.25540161132812,31.53873062133789,,,,189.19000244140625,16.03875160217285,,,,,
2023-03-29,,,,,,,,,,,,,,,,,,,,,219.17047119140625,31.937118530273438,,,,193.8800048828125,16.27865219116211,,,,,
2023-03-30,,,,,,,,,,,,,,,,,,,,,218.24786376953125,32.086509704589844,,,,195.27999877929688,16.34718894958496,,,,,
2023-03-31,,,,,,,,,,,,,,,,,,,,,221.29055786132812,32.27739715576172,,,,207.4600067138672,16.492841720581055,,,,,
2023-04-03,,,,,,,,,,,,,,,,,,,,,224.7650604248047,32.55129623413086,,,,194.77000427246094,16.612789154052734,,,,,
2023-04-04,,,,,,,,,,,,,,,,,,,,,223.44984436035156,32.90818405151367,,,,192.5800018310547,16.826984405517578,,,,,
2023-04-05,,,,,,,,,,,,,,,,,,,,,223.95040893554688,33.28996658325195,,,,185.52000427246094,17.032608032226562,,,,,
2023-04-06,,,,,,,,,,,,,,,,,,,,,221.8107452392578,33.30937194824219,,,,185.05999755859375,17.07431411743164,,,,,
2023-04-10,,,,,,,,,,,,,,,,,,,,,222.2425537109375,33.199684143066406,,,,184.50999450683594,17.004802703857422,,,,,
2023-04-11,,,,,,,,,,,,,,,,,,,,,224.22520446777344,33.2840576171875,,,,186.7899932861328,17.109071731567383,,,,,
2023-04-12,,,,,,,,,,,,,,,,,,,,,223.59706115722656,33.0731315612793,,,,180.5399932861328,17.178586959838867,,,,,
2023-04-13,,,,,,,,,,,,,,,,,,,,,228.3868408203125,33.17437744140625,,,,185.89999389648438,17.343679428100586,,,,,
2023-04-14,,,,,,,,,,,,,,,,,,,,,229.69223022460938,33.09001159667969,,,,185.0,17.317617416381836,,,,,
2023-04-17,,,,,,,,,,,,,,,,,,,,,229.1622314453125,33.29249954223633,,,,187.0399932861328,17.195966720581055,,,,,
2023-04-18,,,,,,,,,,,,,,,,,,,,,229.2799835205078,32.85376739501953,,,,184.30999755859375,17.22203254699707,,,,,
2023-04-19,,,,,,,,,,,,,,,,,,,,,228.26902770996094,32.56690979003906,,,,180.58999633789062,17.11776351928711,,,,,
2023-04-20,,,,,,,,,,,,,,,,,,,,,230.2615203857422,31.377290725708008,,,,162.99000549316406,15.336474418640137,,,,,
2023-04-21,,,,,,,,,,,,,,,,,,,,,229.7216796875,31.486968994140625,,,,165.0800018310547,15.831756591796875,,,,,
2023-04-24,,,,,,,,,,,,,,,,,,,,,228.4555206298828,31.301353454589844,,,,162.5500030517578,15.232202529907227,,,,,
2023-04-25,,,,,,,,,,,,,,,,,,,,,225.34414672851562,31.4700984954834,,,,160.6699981689453,15.214825630187988,,,,,
2023-04-26,,,,,,,,,,,,,,,,,,,,,223.93077087402344,31.149492263793945,,,,153.75,14.945457458496094,,,,,
2023-04-27,,,,,,,,,,,,,,,,,,,,,224.77488708496094,32.727210998535156,,,,160.19000244140625,15.301719665527344,,,,,
2023-04-28,,,,,,,,,,,,,,,,,,,,,228.4260711669922,32.760963439941406,,,,164.30999755859375,15.353852272033691,,,,,
2023-05-01,,,,,,,,,,,,,,,,,,,,,228.21014404296875,32.65971755981445,,,,161.8300018310547,15.206130981445312,,,,,
2023-05-02,,,,,,,,,,,,,,,,,,,,,222.7824249267578,31.782262802124023,,,,160.30999755859375,14.832499504089355,,,,,
2023-05-03,,,,,,,,,,,,,,,,,,,,,221.8009033203125,32.04381561279297,,,,160.61000061035156,14.84987735748291,,,,,
2023-05-04,,,,,,,,,,,,,,,,,,,,,221.42794799804688,31.512279510498047,,,,161.1999969482422,14.693469047546387,,,,,
2023-05-05,,,,,,,,,,,,,,,,,,,,,227.49365234375,31.917266845703125,,,,170.05999755859375,14.88463306427002,,,,,
2023-05-08,,,,,,,,,,,,,,,,,,,,,227.93531799316406,31.917266845703125,,,,171.7899932861328,14.875946044921875,,,,,
2023-05-09,,,,,,,,,,,,,,,,,,,,,228.94627380371094,31.697900772094727,,,,169.14999389648438,14.78905200958252,,,,,
2023-05-10,,,,,,,,,,,,,,,,,,,,,226.99307250976562,31.748519897460938,,,,168.5399932861328,14.80643081665039,,,,,
2023-05-11,,,,,,,,,,,,,,,,,,,,,227.179931640625,31.723207473754883,,,,172.0800018310547,14.736916542053223,,,,,
2023-05-12,,,,,,,,,,,,,,,,,,,,,227.5438232421875,31.71477508544922,,,,167.97999572753906,14.797743797302246,,,,,
2023-05-15,,,,,,,,,,,,,,,,,,,,,228.95008850097656,31.022939682006836,,,,166.35000610351562,14.728228569030762,,,,,
2023-05-16,,,,,,,,,,,,,,,,,,,,,226.6488800048828,30.41546630859375,,,,166.52000427246094,14.363280296325684,,,,,
2023-05-17,,,,,,,,,,,,,,,,,,,,,228.79273986816406,30.5251522064209,,,,173.86000061035156,14.476239204406738,,,,,
2023-05-18,,,,,,,,,,,,,,,,,,,,,229.72698974609375,30.482967376708984,,,,176.88999938964844,14.380657196044922,,,,,
2023-05-19,,,,,,,,,,,,,,,,,,,,,229.4418182373047,30.41546630859375,,,,180.13999938964844,14.17211627960205,,,,,
2023-05-22,,,,,,,,,,,,,,,,,,,,,227.44546508789062,30.33953094482422,,,,188.8699951171875,14.232940673828125,,,,,
2023-05-23,,,,,,,,,,,,,,,,,,,,,220.8565673828125,30.57577133178711,,,,185.77000427246094,13.989644050598145,,,,,
2023-05-24,,,,,,,,,,,,,,,,,,,,,218.56520080566406,30.263601303100586,,,,182.89999389648438,13.859306335449219,,,,,
2023-05-25,,,,,,,,,,,,,,,,,,,,,219.67642211914062,29.377716064453125,,,,184.47000122070312,13.164167404174805,,,,,
2023-05-26,,,,,,,,,,,,,,,,,,,,,221.27940368652344,29.529584884643555,,,,193.1699981689453,13.468290328979492,,,,,
2023-05-30,,,,,,,,,,,,,,,,,,,,,217.96530151367188,29.44521141052246,,,,201.16000366210938,13.589940071105957,,,,,
2023-05-31,,,,,,,,,,,,,,,,,,,,,217.3654022216797,30.061119079589844,,,,203.92999267578125,13.668142318725586,,,,,
2023-06-01,,,,,,,,,,,,,,,,,,,,,222.7447052001953,30.137048721313477,,,,207.52000427246094,13.73765754699707,,,,,
2023-06-02,,,,,,,,,,,,,,,,,,,,,224.99673461914062,29.17522621154785,,,,213.97000122070312,13.216302871704102,,,,,
2023-06-05,,,,,,,,,,,,,,,,,,,,,223.01023864746094,29.073984146118164,,,,217.61000061035156,13.372709274291992,,,,,
2023-06-06,,,,,,,,,,,,,,,,,,,,,224.43617248535156,29.276466369628906,,,,221.30999755859375,13.616006851196289,,,,,
2023-06-07,,,,,,,,,,,,,,,,,,,,,221.53509521484375,29.74894142150879,,,,224.57000732421875,13.989644050598145,,,,,
2023-06-08,,,,,,,,,,,,,,,,,,,,,219.3519287109375,29.892372131347656,,,,234.86000061035156,13.96357536315918,,,,,
2023-06-09,,,,,,,,,,,,,,,,,,,,,219.85345458984375,29.926118850708008,,,,244.39999389648438,13.859306335449219,,,,,
2023-06-12,,,,,,,,,,,,,,,,,,,,,222.420166015625,30.044240951538086,,,,249.8300018310547,13.841926574707031,,,,,
2023-06-13,,,,,,,,,,,,,,,,,,,,,219.69610595703125,29.934558868408203,,,,258.7099914550781,13.746345520019531,,,,,
2023-06-14,,,,,,,,,,,,,,,,,,,,,219.7354278564453,30.145484924316406,,,,256.7900085449219,13.763724327087402,,,,,
2023-06-15,,,,,,,,,,,,,,,,,,,,,222.420166015625,30.7445125579834,,,,255.89999389648438,13.92881965637207,,,,,
2023-06-16,,,,,,,,,,,,,,,,,,,,,225.11476135253906,30.761384963989258,,,,260.5400085449219,13.954886436462402,,,,,
2023-06-20,,,,,,,,,,,,,,,,,,,,,222.7152099609375,30.212982177734375,,,,274.45001220703125,13.711588859558105,,,,,
2023-06-21,,,,,,,,,,,,,,,,,,,,,223.48228454589844,30.2298526763916,,,,259.4599914550781,13.563872337341309,,,,,
2023-06-22,,,,,,,,,,,,,,,,,,,,,224.60340881347656,30.24672508239746,,,,264.6099853515625,13.537805557250977,,,,,
2023-06-23,,,,,,,,,,,,,,,,,,,,,225.744140625,29.959867477416992,,,,256.6000061035156,13.424843788146973,,,,,
2023-06-26,,,,,,,,,,,,,,,,,,,,,222.5480194091797,30.466096878051758,,,,241.0500030517578,13.58125114440918,,,,,
2023-06-27,,,,,,,,,,,,,,,,,,,,,223.57077026367188,30.837318420410156,,,,250.2100067138672,13.763724327087402,,,,,
2023-06-28,,,,,,,,,,,,,,,,,,,,,224.18051147460938,31.06511878967285,,,,256.239990234375,13.711588859558105,,,,,
2023-06-29,,,,,,,,,,,,,,,,,,,,,230.43505859375,31.208553314208984,,,,257.5,13.885372161865234,,,,,
2023-06-30,,,,,,,,,,,,,,,,,,,,,233.5426483154297,31.377290725708008,,,,261.7699890136719,13.859306335449219,,,,,
2023-07-03,,,,,,,,,,,,,,,,,,,,,234.02455139160156,31.45322608947754,,,,279.82000732421875,14.0070219039917,,,,,
2023-07-05,,,,,,,,,,,,,,,,,,,,,235.47999572753906,31.62196159362793,,,,282.4800109863281,13.96357536315918,,,,,
2023-07-06,,,,,,,,,,,,,,,,,,,,,234.91946411132812,31.326671600341797,,,,276.5400085449219,13.789791107177734,,,,,
2023-07-07,,,,,,,,,,,,,,,,,,,,,232.52972412109375,30.831134796142578,,,,274.42999267578125,13.80571174621582,,,,,
2023-07-10,,,,,,,,,,,,,,,,,,,,,234.2113800048828,30.17844009399414,,,,269.6099853515625,13.505010604858398,,,,,
2023-07-11,,,,,,,,,,,,,,,,,,,,,236.56173706054688,30.04962158203125,,,,269.7900085449219,13.469634056091309,,,,,
2023-07-12,,,,,,,,,,,,,,,,,,,,,238.19424438476562,29.937976837158203,,,,271.989990234375,13.37234878540039,,,,,
2023-07-13,,,,,,,,,,,,,,,,,,,,,239.2760009765625,29.749042510986328,,,,277.8999938964844,13.37234878540039,,,,,
2023-07-14,,,,,,,,,,,,,,,,,,,,,239.12850952148438,29.207992553710938,,,,281.3800048828125,12.82401180267334,,,,,
2023-07-17,,,,,,,,,,,,,,,,,,,,,239.94473266601562,27.01803970336914,,,,290.3800048828125,11.966130256652832,,,,,
2023-07-18,,,,,,,,,,,,,,,,,,,,,236.77810668945312,27.71367073059082,,,,293.3399963378906,11.895376205444336,,,,,
2023-07-19,,,,,,,,,,,,,,,,,,,,,237.41732788085938,29.17364501953125,,,,291.260009765625,12.903608322143555,,,,,
2023-07-20,,,,,,,,,,,,,,,,,,,,,235.64715576171875,28.890235900878906,,,,262.8999938964844,12.965517044067383,,,,,
2023-07-21,,,,,,,,,,,,,,,,,,,,,235.28329467773438,29.096349716186523,,,,260.0199890136719,13.053958892822266,,,,,
2023-07-24,,,,,,,,,,,,,,,,,,,,,236.74864196777344,29.182228088378906,,,,269.05999755859375,13.221996307373047,,,,,
2023-07-25,,,,,,,,,,,,,,,,,,,,,234.73260498046875,29.405519485473633,,,,265.2799987792969,13.089335441589355,,,,,
2023-07-26,,,,,,,,,,,,,,,,,,,,,233.16896057128906,29.491395950317383,,,,264.3500061035156,13.168932914733887,,,,,
2023-07-27,,,,,,,,,,,,,,,,,,,,,230.55308532714844,28.812942504882812,,,,255.7100067138672,12.832855224609375,,,,,
2023-07-28,,,,,,,,,,,,,,,,,,,,,231.8413543701172,29.22516632080078,,,,266.44000244140625,12.779790878295898,,,,,
2023-07-31,,,,,,,,,,,,,,,,,,,,,233.7885284423828,29.268110275268555,,,,267.42999267578125,12.841699600219727,,,,,
2023-08-01,,,,,,,,,,,,,,,,,,,,,235.8045196533203,28.709888458251953,,,,261.07000732421875,12.647128105163574,,,,,
2023-08-02,,,,,,,,,,,,,,,,,,,,,233.62135314941406,28.615415573120117,,,,254.11000061035156,12.691349983215332,,,,,
2023-08-03,,,,,,,,,,,,,,,,,,,,,234.80145263671875,28.392127990722656,,,,259.32000732421875,12.46140193939209,,,,,
2023-08-04,,,,,,,,,,,,,,,,,,,,,235.02761840820312,28.014251708984375,,,,253.86000061035156,12.381804466247559,,,,,
2023-08-07,,,,,,,,,,,,,,,,,,,,,237.50584411621094,27.93695831298828,,,,251.4499969482422,12.390649795532227,,,,,
2023-08-08,,,,,,,,,,,,,,,,,,,,,235.3226776123047,27.9713134765625,,,,249.6999969482422,12.540998458862305,,,,,
2023-08-09,,,,,,,,,,,,,,,,,,,,,235.78485107421875,28.09154510498047,,,,242.19000244140625,12.620595932006836,,,,,
2023-08-10,,,,,,,,,,,,,,,,,,,,,236.62237548828125,28.357778549194336,,,,245.33999633789062,12.53215503692627,,,,,
2023-08-11,,,,,,,,,,,,,,,,,,,,,236.5041046142578,28.649768829345703,,,,242.64999389648438,12.709035873413086,,,,,
2023-08-14,,,,,,,,,,,,,,,,,,,,,239.32196044921875,28.821531295776367,,,,239.75999450683594,12.6117525100708,,,,,
2023-08-15,,,,,,,,,,,,,,,,,,,,,236.29721069335938,28.563888549804688,,,,232.9600067138672,12.505622863769531,,,,,
2023-08-16,,,,,,,,,,,,,,,,,,,,,235.7651824951172,28.572477340698242,,,,225.60000610351562,12.470244407653809,,,,,
2023-08-17,,,,,,,,,,,,,,,,,,,,,233.87342834472656,28.392127990722656,,,,219.22000122070312,12.390649795532227,,,,,
2023-08-18,,,,,,,,,,,,,,,,,,,,,234.6616668701172,28.49518394470215,,,,215.49000549316406,12.426023483276367,,,,,
2023-08-21,,,,,,,,,,,,,,,,,,,,,235.93264770507812,28.34059715270996,,,,231.27999877929688,12.470244407653809,,,,,
2023-08-22,,,,,,,,,,,,,,,,,,,,,237.0263214111328,28.512361526489258,,,,233.19000244140625,12.6117525100708,,,,,
2023-08-23,,,,,,,,,,,,,,,,,,,,,238.73081970214844,28.50377082824707,,,,236.86000061035156,12.523308753967285,,,,,
2023-08-24,,,,,,,,,,,,,,,,,,,,,235.9425048828125,28.666942596435547,,,,230.0399932861328,12.51446533203125,,,,,
2023-08-25,,,,,,,,,,,,,,,,,,,,,238.99684143066406,28.641178131103516,,,,238.58999633789062,12.47908878326416,,,,,
2023-08-28,,,,,,,,,,,,,,,,,,,,,240.23828125,28.812942504882812,,,,238.82000732421875,12.56753158569336,,,,,
2023-08-29,,,,,,,,,,,,,,,,,,,,,241.72604370117188,29.791982650756836,,,,257.17999267578125,13.062804222106934,,,,,
2023-08-30,,,,,,,,,,,,,,,,,,,,,242.60293579101562,29.749042510986328,,,,256.8999938964844,13.027425765991211,,,,,
2023-08-31,,,,,,,,,,,,,,,,,,,,,242.06101989746094,30.041032791137695,,,,258.0799865722656,13.080491065979004,,,,,
2023-09-01,,,,,,,,,,,,,,,,,,,,,244.45526123046875,29.937976837158203,,,,245.00999450683594,12.956672668457031,,,,,
2023-09-05,,,,,,,,,,,,,,,,,,,,,241.72604370117188,29.457046508789062,,,,256.489990234375,12.806321144104004,,,,,
2023-09-06,,,,,,,,,,,,,,,,,,,,,242.53396606445312,29.353988647460938,,,,251.9199981689453,12.921295166015625,,,,,
2023-09-07,,,,,,,,,,,,,,,,,,,,,243.49954223632812,29.036230087280273,,,,251.49000549316406,12.921295166015625,,,,,
2023-09-08,,,,,,,,,,,,,,,,,,,,,243.6472930908203,28.727066040039062,,,,248.5,12.73556900024414,,,,,
2023-09-11,,,,,,,,,,,,,,,,,,,,,243.578369140625,29.147872924804688,,,,273.5799865722656,12.841699600219727,,,,,
2023-09-12,,,,,,,,,,,,,,,,,,,,,243.6571807861328,29.233760833740234,,,,267.4800109863281,12.788634300231934,,,,,
2023-09-13,,,,,,,,,,,,,,,,,,,,,244.1793670654297,29.07917022705078,,,,271.29998779296875,12.930140495300293,,,,,
2023-09-14,,,,,,,,,,,,,,,,,,,,,237.94261169433594,29.233760833740234,,,,276.0400085449219,13.319284439086914,,,,,
2023-09-15,,,,,,,,,,,,,,,,,,,,,237.51893615722656,29.01905632019043,,,,274.3900146484375,13.469634056091309,,,,,
2023-09-18,,,,,,,,,,,,,,,,,,,,,241.05606079101562,28.795766830444336,,,,265.2799987792969,13.345815658569336,,,,,
2023-09-19,,,,,,,,,,,,,,,,,,,,,239.97227478027344,28.68412208557129,,,,266.5,13.451945304870605,,,,,
2023-09-20,,,,,,,,,,,,,,,,,,,,,238.2973175048828,28.855876922607422,,,,262.5899963378906,13.752647399902344,,,,,
2023-09-21,,,,,,,,,,,,,,,,,,,,,233.12464904785156,28.589656829833984,,,,255.6999969482422,13.540387153625488,,,,,
2023-09-22,,,,,,,,,,,,,,,,,,,,,231.6171875,28.581066131591797,,,,244.8800048828125,13.37234878540039,,,,,
2023-09-25,,,,,,,,,,,,,,,,,,,,,229.92251586914062,28.478010177612305,,,,246.99000549316406,13.319284439086914,,,,,
2023-09-26,,,,,,,,,,,,,,,,,,,,,226.26715087890625,28.332014083862305,,,,244.1199951171875,13.283906936645508,,,,,
2023-09-27,,,,,,,,,,,,,,,,,,,,,226.11936950683594,27.8253173828125,,,,240.5,13.151244163513184,,,,,
2023-09-28,,,,,,,,,,,,,,,,,,,,,228.24757385253906,27.954132080078125,,,,246.3800048828125,13.27506160736084,,,,,
2023-09-29,,,,,,,,,,,,,,,,,,,,,226.62185668945312,27.833900451660156,,,,250.22000122070312,13.283906936645508,,,,,
2023-10-02,,,,,,,,,,,,,,,,,,,,,227.86328125,27.275678634643555,,,,251.60000610351562,12.974361419677734,,,,,
2023-10-03,,,,,,,,,,,,,,,,,,,,,225.4395294189453,27.464614868164062,,,,246.52999877929688,13.071646690368652,,,,,
2023-10-04,,,,,,,,,,,,,,,,,,,,,227.8140411376953,27.086742401123047,,,,261.1600036621094,12.956672668457031,,,,,
2023-10-05,,,,,,,,,,,,,,,,,,,,,230.04074096679688,27.327207565307617,,,,260.04998779296875,13.115866661071777,,,,,
2023-10-06,,,,,,,,,,,,,,,,,,,,,231.5777587890625,27.059682846069336,,,,260.5299987792969,13.023934364318848,,,,,
2023-10-09,,,,,,,,,,,,,,,,,,,,,230.9866180419922,27.58596420288086,,,,259.6700134277344,13.276300430297852,,,,,
2023-10-10,,,,,,,,,,,,,,,,,,,,,233.11477661132812,27.85787582397461,,,,263.6199951171875,13.483602523803711,,,,,
2023-10-11,,,,,,,,,,,,,,,,,,,,,232.2083282470703,27.594736099243164,,,,262.989990234375,13.312355041503906,,,,,
2023-10-12,,,,,,,,,,,,,,,,,,,,,233.29214477539062,27.1123104095459,,,,258.8699951171875,13.023934364318848,,,,,
2023-10-13,,,,,,,,,,,,,,,,,,,,,234.16903686523438,26.901796340942383,,,,251.1199951171875,12.942815780639648,,,,,
2023-10-16,,,,,,,,,,,,,,,,,,,,,236.53367614746094,27.41053581237793,,,,253.9199981689453,12.98788070678711,,,,,
2023-10-17,,,,,,,,,,,,,,,,,,,,,237.6470184326172,27.638593673706055,,,,254.85000610351562,13.141104698181152,,,,,
2023-10-18,,,,,,,,,,,,,,,,,,,,,233.9719696044922,27.235109329223633,,,,242.67999267578125,12.906763076782227,,,,,
2023-10-19,,,,,,,,,,,,,,,,,,,,,230.3658905029297,27.699993133544922,,,,220.11000061035156,13.753995895385742,,,,,
2023-10-20,,,,,,,,,,,,,,,,,,,,,229.94223022460938,27.691219329833984,,,,211.99000549316406,13.862153053283691,,,,,
2023-10-23,,,,,,,,,,,,,,,,,,,,,228.11947631835938,27.533336639404297,,,,212.0800018310547,13.474588394165039,,,,,
2023-10-24,,,,,,,,,,,,,,,,,,,,,231.19349670410156,30.085803985595703,,,,216.52000427246094,13.997347831726074,,,,,
2023-10-25,,,,,,,,,,,,,,,,,,,,,233.36109924316406,29.550750732421875,,,,212.4199981689453,13.69090461730957,,,,,
2023-10-26,,,,,,,,,,,,,,,,,,,,,227.87313842773438,30.234920501708984,,,,205.75999450683594,13.627812385559082,,,,,
2023-10-27,,,,,,,,,,,,,,,,,,,,,225.89276123046875,29.331464767456055,,,,207.3000030517578,13.357419967651367,,,,,
2023-10-30,,,,,,,,,,,,,,,,,,,,,229.6466522216797,30.366485595703125,,,,197.36000061035156,13.753995895385742,,,,,
2023-10-31,,,,,,,,,,,,,,,,,,,,,231.63690185546875,30.81382942199707,,,,200.83999633789062,13.880176544189453,,,,,
2023-11-01,,,,,,,,,,,,,,,,,,,,,235.0656280517578,31.050655364990234,,,,205.66000366210938,14.0424165725708,,,,,
2023-11-02,,,,,,,,,,,,,,,,,,,,,239.66683959960938,31.48922348022461,,,,218.50999450683594,14.177611351013184,,,,,
2023-11-03,,,,,,,,,,,,,,,,,,,,,240.01168823242188,31.594484329223633,,,,219.9600067138672,14.3128080368042,,,,,
2023-11-06,,,,,,,,,,,,,,,,,,,,,239.90330505371094,31.261165618896484,,,,219.27000427246094,14.195637702941895,,,,,
2023-11-07,,,,,,,,,,,,,,,,,,,,,241.16444396972656,31.524311065673828,,,,222.17999267578125,14.276755332946777,,,,,
2023-11-08,,,,,,,,,,,,,,,,,,,,,240.8287353515625,31.37519645690918,,,,222.11000061035156,14.105507850646973,,,,,
2023-11-09,,,,,,,,,,,,,,,,,,,,,238.58741760253906,31.243623733520508,,,,209.97999572753906,14.087480545043945,,,,,
2023-11-10,,,,,,,,,,,,,,,,,,,,,242.15179443359375,31.322568893432617,,,,214.64999389648438,14.0964937210083,,,,,
2023-11-13,,,,,,,,,,,,,,,,,,,,,241.5791473388672,31.419050216674805,,,,223.7100067138672,14.0424165725708,,,,,
2023-11-14,,,,,,,,,,,,,,,,,,,,,243.82046508789062,31.471681594848633,,,,237.41000366210938,14.087480545043945,,,,,
2023-11-15,,,,,,,,,,,,,,,,,,,,,244.97569274902344,31.576940536499023,,,,242.83999633789062,14.20465087890625,,,,,
2023-11-16,,,,,,,,,,,,,,,,,,,,,245.4298858642578,31.734827041625977,,,,233.58999633789062,14.3128080368042,,,,,
2023-11-17,,,,,,,,,,,,,,,,,,,,,246.4073486328125,31.778676986694336,,,,234.3000030517578,14.33083438873291,,,,,
2023-11-20,,,,,,,,,,,,,,,,,,,,,246.81219482421875,32.21725082397461,,,,235.60000610351562,14.511096000671387,,,,,
2023-11-21,,,,,,,,,,,,,,,,,,,,,249.04360961914062,32.67335891723633,,,,241.1999969482422,14.592215538024902,,,,,
2023-11-22,,,,,,,,,,,,,,,,,,,,,250.51480102539062,32.761070251464844,,,,234.2100067138672,14.574187278747559,,,,,
2023-11-24,,,,,,,,,,,,,,,,,,,,,251.0874786376953,32.813697814941406,,,,235.4499969482422,14.610238075256348,,,,,
2023-11-27,,,,,,,,,,,,,,,,,,,,,250.92950439453125,32.761070251464844,,,,236.0800018310547,14.610238075256348,,,,,
2023-11-28,,,,,,,,,,,,,,,,,,,,,249.74465942382812,32.866329193115234,,,,246.72000122070312,14.583200454711914,,,,,
2023-11-29,,,,,,,,,,,,,,,,,,,,,251.0183563232422,33.12070083618164,,,,244.13999938964844,14.691357612609863,,,,,
2023-11-30,,,,,,,,,,,,,,,,,,,,,253.43739318847656,33.62066650390625,,,,240.0800018310547,14.934712409973145,,,,,
2023-12-01,,,,,,,,,,,,,,,,,,,,,253.2103271484375,33.8399543762207,,,,238.8300018310547,15.10595989227295,,,,,
2023-12-04,,,,,,,,,,,,,,,,,,,,,251.22572326660156,33.36629867553711,,,,235.5800018310547,15.015829086303711,,,,,
2023-12-05,,,,,,,,,,,,,,,,,,,,,251.39353942871094,33.699607849121094,,,,238.72000122070312,15.520560264587402,,,,,
2023-12-06,,,,,,,,,,,,,,,,,,,,,251.07760620117188,33.7697868347168,,,,239.3699951171875,15.268196105957031,,,,,
2023-12-07,,,,,,,,,,,,,,,,,,,,,252.5882568359375,33.90134811401367,,,,242.63999938964844,15.403393745422363,,,,,
2023-12-08,,,,,,,,,,,,,,,,,,,,,252.50929260253906,33.550498962402344,,,,243.83999633789062,15.250170707702637,,,,,
2023-12-11,,,,,,,,,,,,,,,,,,,,,253.27943420410156,33.041751861572266,,,,239.74000549316406,14.979779243469238,,,,,
2023-12-12,,,,,,,,,,,,,,,,,,,,,256.2810363769531,32.71721649169922,,,,237.00999450683594,14.790502548217773,,,,,
2023-12-13,,,,,,,,,,,,,,,,,,,,,259.0654296875,32.44530487060547,,,,239.2899932861328,14.826555252075195,,,,,
2023-12-14,,,,,,,,,,,,,,,,,,,,,255.4615478515625,33.21718215942383,,,,251.0500030517578,15.006815910339355,,,,,
2023-12-15,,,,,,,,,,,,,,,,,,,,,254.7703857421875,32.77861404418945,,,,253.5,14.889646530151367,,,,,
2023-12-18,,,,,,,,,,,,,,,,,,,,,255.1060333251953,33.041751861572266,,,,252.0800018310547,14.835566520690918,,,,,
2023-12-19,,,,,,,,,,,,,,,,,,,,,256.7055969238281,32.95404052734375,,,,257.2200012207031,14.97076416015625,,,,,
2023-12-20,,,,,,,,,,,,,,,,,,,,,253.86195373535156,32.71721649169922,,,,247.13999938964844,14.781488418579102,,,,,
2023-12-21,,,,,,,,,,,,,,,,,,,,,256.2612609863281,32.83124542236328,,,,254.5,14.862606048583984,,,,,
2023-12-22,,,,,,,,,,,,,,,,,,,,,255.16529846191406,32.88386917114258,,,,252.5399932861328,14.9166841506958,,,,,
2023-12-26,,,,,,,,,,,,,,,,,,,,,255.88607788085938,32.87510681152344,,,,256.6099853515625,14.934712409973145,,,,,
2023-12-27,,,,,,,,,,,,,,,,,,,,,255.65899658203125,32.72598648071289,,,,261.44000244140625,14.943726539611816,,,,,
2023-12-28,,,,,,,,,,,,,,,,,,,,,257.1103820800781,32.88386917114258,,,,253.17999267578125,15.087933540344238,,,,,
2023-12-29,,,,,,,,,,,,,,,,,,,,,257.06103515625,33.06807327270508,,,,248.47999572753906,15.123987197875977,,,,,
2024-01-02,,,,,,,,,,,,,,,,,,,,,255.59974670410156,34.103092193603516,,,,248.4199981689453,15.547603607177734,,,,,
2024-01-03,,,,,,,,,,,,,,,,,,,,,254.7210235595703,34.348690032958984,,,,238.4499969482422,15.529577255249023,,,,,
2024-01-04,,,,,,,,,,,,,,,,,,,,,256.3303527832031,34.53288650512695,,,,237.92999267578125,15.457470893859863,,,,,
2024-01-05,,,,,,,,,,,,,,,,,,,,,256.4093933105469,35.26091384887695,,,,237.49000549316406,15.745891571044922,,,,,
2024-01-08,,,,,,,,,,,,,,,,,,,,,259.2233581542969,35.17319869995117,,,,240.4499969482422,15.610694885253906,,,,,
2024-01-09,,,,,,,,,,,,,,,,,,,,,260.0033874511719,34.82088851928711,,,,234.9600067138672,15.526423454284668,,,,,
2024-01-10,,,,,,,,,,,,,,,,,,,,,261.2178955078125,34.856571197509766,,,,233.94000244140625,15.453143119812012,,,,,
2024-01-11,,,,,,,,,,,,,,,,,,,,,260.6945495605469,33.8040885925293,,,,227.22000122070312,14.866891860961914,,,,,
2024-01-12,,,,,,,,,,,,,,,,,,,,,260.8327941894531,34.39276123046875,,,,218.88999938964844,15.095895767211914,,,,,
2024-01-16,,,,,,,,,,,,,,,,,,,,,261.8892822265625,35.04386901855469,,,,219.91000366210938,15.059255599975586,,,,,
2024-01-17,,,,,,,,,,,,,,,,,,,,,263.26171875,34.66925811767578,,,,215.5500030517578,15.031774520874023,,,,,
2024-01-18,,,,,,,,,,,,,,,,,,,,,264.7526550292969,34.731693267822266,,,,211.8800048828125,15.022613525390625,,,,,
2024-01-19,,,,,,,,,,,,,,,,,,,,,267.477783203125,35.07954788208008,,,,212.19000244140625,15.269939422607422,,,,,
2024-01-22,,,,,,,,,,,,,,,,,,,,,267.7739562988281,35.30253219604492,,,,208.8000030517578,15.389019012451172,,,,,
2024-01-23,,,,,,,,,,,,,,,,,,,,,267.8332214355469,37.666141510009766,,,,209.13999938964844,15.746265411376953,,,,,
2024-01-24,,,,,,,,,,,,,,,,,,,,,268.21832275390625,36.818809509277344,,,,207.8300018310547,15.279099464416504,,,,,
2024-01-25,,,,,,,,,,,,,,,,,,,,,269.1661376953125,37.71965789794922,,,,182.6300048828125,15.737104415893555,,,,,
2024-01-26,,,,,,,,,,,,,,,,,,,,,264.55517578125,37.81776809692383,,,,183.25,15.837867736816406,,,,,
2024-01-29,,,,,,,,,,,,,,,,,,,,,270.2029113769531,37.505592346191406,,,,190.92999267578125,15.801225662231445,,,,,
2024-01-30,,,,,,,,,,,,,,,,,,,,,273.6488342285156,37.88020706176758,,,,191.58999633789062,16.057710647583008,,,,,
2024-01-31,,,,,,,,,,,,,,,,,,,,,269.8079833984375,37.77317428588867,,,,187.2899932861328,16.204269409179688,,,,,
2024-02-01,,,,,,,,,,,,,,,,,,,,,273.550048828125,37.89804458618164,,,,188.86000061035156,16.52487564086914,,,,,
2024-02-02,,,,,,,,,,,,,,,,,,,,,273.67840576171875,37.57695007324219,,,,187.91000366210938,16.3325138092041,,,,,
2024-02-05,,,,,,,,,,,,,,,,,,,,,272.0986328125,36.907997131347656,,,,181.05999755859375,16.24091148376465,,,,,
2024-02-06,,,,,,,,,,,,,,,,,,,,,273.2637634277344,36.65825653076172,,,,185.10000610351562,16.130990982055664,,,,,
2024-02-07,,,,,,,,,,,,,,,,,,,,,275.8605651855469,36.0517463684082,,,,187.5800018310547,15.874505996704102,,,,,
2024-02-08,,,,,,,,,,,,,,,,,,,,,272.8038635253906,35.596866607666016,,,,189.55999755859375,15.407340049743652,,,,,
2024-02-09,,,,,,,,,,,,,,,,,,,,,273.4468078613281,35.42740249633789,,,,193.57000732421875,15.425661087036133,,,,,
2024-02-12,,,,,,,,,,,,,,,,,,,,,272.1015625,35.76633071899414,,,,188.1300048828125,15.590542793273926,,,,,
2024-02-13,,,,,,,,,,,,,,,,,,,,,272.8335266113281,35.7930908203125,,,,184.02000427246094,15.480619430541992,,,,,
2024-02-14,,,,,,,,,,,,,,,,,,,,,274.5646667480469,35.81092834472656,,,,188.7100067138672,15.48978042602539,,,,,
2024-02-15,,,,,,,,,,,,,,,,,,,,,277.94775390625,36.20337677001953,,,,200.4499969482422,15.6546630859375,,,,,
2024-02-16,,,,,,,,,,,,,,,,,,,,,275.5539245605469,36.11418533325195,,,,199.9499969482422,15.544742584228516,,,,,
2024-02-20,,,,,,,,,,,,,,,,,,,,,272.1806335449219,36.123104095458984,,,,193.75999450683594,15.48978042602539,,,,,
2024-02-21,,,,,,,,,,,,,,,,,,,,,273.7733154296875,36.65825653076172,,,,194.77000427246094,15.572223663330078,,,,,
2024-02-22,,,,,,,,,,,,,,,,,,,,,280.6878356933594,36.3282470703125,,,,197.41000366210938,15.196656227111816,,,,,
2024-02-23,,,,,,,,,,,,,,,,,,,,,280.5395202636719,36.265811920166016,,,,191.97000122070312,15.389019012451172,,,,,
2024-02-26,,,,,,,,,,,,,,,,,,,,,281.08355712890625,35.400638580322266,,,,199.39999389648438,15.205817222595215,,,,,
2024-02-27,,,,,,,,,,,,,,,,,,,,,280.1141052246094,35.61470413208008,,,,199.72999572753906,15.416499137878418,,,,,
2024-02-28,,,,,,,,,,,,,,,,,,,,,282.5475769042969,35.76633071899414,,,,202.0399932861328,15.535581588745117,,,,,
2024-02-29,,,,,,,,,,,,,,,,,,,,,279.5898742675781,35.69498062133789,,,,201.8800048828125,15.508101463317871,,,,,
2024-03-01,,,,,,,,,,,,,,,,,,,,,280.1042785644531,35.855525970458984,,,,202.63999938964844,15.553901672363281,,,,,
2024-03-04,,,,,,,,,,,,,,,,,,,,,277.5025939941406,35.95363998413086,,,,188.13999938964844,15.389019012451172,,,,,
2024-03-05,,,,,,,,,,,,,,,,,,,,,276.3650207519531,35.989315032958984,,,,180.74000549316406,15.727945327758789,,,,,
2024-03-06,,,,,,,,,,,,,,,,,,,,,277.4036560058594,35.61470413208008,,,,176.5399932861328,15.737104415893555,,,,,
2024-03-07,,,,,,,,,,,,,,,,,,,,,275.2571105957031,35.257930755615234,,,,178.64999389648438,15.618023872375488,,,,,
2024-03-08,,,,,,,,,,,,,,,,,,,,,277.0179443359375,35.24009704589844,,,,175.33999633789062,15.755423545837402,,,,,
2024-03-11,,,,,,,,,,,,,,,,,,,,,277.5322570800781,35.7930908203125,,,,177.77000427246094,15.874505996704102,,,,,
2024-03-12,,,,,,,,,,,,,,,,,,,,,280.8560485839844,35.7930908203125,,,,177.5399932861328,15.755423545837402,,,,,
2024-03-13,,,,,,,,,,,,,,,,,,,,,282.0628662109375,35.90904235839844,,,,169.47999572753906,15.746265411376953,,,,,
2024-03-14,,,,,,,,,,,,,,,,,,,,,283.3191833496094,35.47199249267578,,,,162.5,15.58138370513916,,,,,
2024-03-15,,,,,,,,,,,,,,,,,,,,,279.98553466796875,35.22225570678711,,,,163.57000732421875,15.618023872375488,,,,,
2024-03-18,,,,,,,,,,,,,,,,,,,,,281.9737854003906,35.61470413208008,,,,173.8000030517578,15.847024917602539,,,,,
2024-03-19,,,,,,,,,,,,,,,,,,,,,284.2489929199219,35.65038299560547,,,,171.32000732421875,15.727945327758789,,,,,
2024-03-20,,,,,,,,,,,,,,,,,,,,,286.1581726074219,35.784175872802734,,,,175.66000366210938,15.7645845413208,,,,,
2024-03-21,,,,,,,,,,,,,,,,,,,,,287.2364196777344,36.158782958984375,,,,172.82000732421875,15.718782424926758,,,,,
2024-03-22,,,,,,,,,,,,,,,,,,,,,280.2031555175781,36.00715255737305,,,,170.8300018310547,15.553901672363281,,,,,
2024-03-25,,,,,,,,,,,,,,,,,,,,,278.1752624511719,36.453121185302734,,,,172.6300048828125,15.682143211364746,,,,,
2024-03-26,,,,,,,,,,,,,,,,,,,,,277.5718688964844,36.43527603149414,,,,177.6699981689453,15.737104415893555,,,,,
2024-03-27,,,,,,,,,,,,,,,,,,,,,276.0088806152344,37.05071258544922,,,,179.8300018310547,16.076032638549805,,,,,
2024-03-28,,,,,,,,,,,,,,,,,,,,,276.0682067871094,37.42531967163086,,,,175.7899932861328,16.121828079223633,,,,,
2024-04-01,,,,,,,,,,,,,,,,,,,,,275.2768859863281,37.710731506347656,,,,175.22000122070312,16.030227661132812,,,,,
2024-04-02,,,,,,,,,,,,,,,,,,,,,275.4351501464844,37.9426383972168,,,,166.6300048828125,16.04854965209961,,,,,
2024-04-03,,,,,,,,,,,,,,,,,,,,,273.9710998535156,38.2102165222168,,,,168.3800048828125,16.130990982055664,,,,,
2024-04-04,,,,,,,,,,,,,,,,,,,,,271.0430603027344,37.862369537353516,,,,171.11000061035156,16.094350814819336,,,,,
2024-04-05,,,,,,,,,,,,,,,,,,,,,274.1492004394531,37.56802749633789,,,,164.89999389648438,15.956948280334473,,,,,
2024-04-08,,,,,,,,,,,,,,,,,,,,,274.76251220703125,37.220176696777344,,,,172.97999572753906,15.801225662231445,,,,,
2024-04-09,,,,,,,,,,,,,,,,,,,,,273.73370361328125,37.01624298095703,,,,176.8800048828125,15.734193801879883,,,,,
2024-04-10,,,,,,,,,,,,,,,,,,,,,271.51788330078125,36.72620391845703,,,,171.75999450683594,15.575918197631836,,,,,
2024-04-11,,,,,,,,,,,,,,,,,,,,,272.7049560546875,36.39990997314453,,,,174.60000610351562,15.287303924560547,,,,,
2024-04-12,,,,,,,,,,,,,,,,,,,,,272.98187255859375,36.00110626220703,,,,171.0500030517578,15.184892654418945,,,,,
2024-04-15,,,,,,,,,,,,,,,,,,,,,268.3524169921875,36.354591369628906,,,,161.47999572753906,15.119721412658691,,,,,
2024-04-16,,,,,,,,,,,,,,,,,,,,,268.4216613769531,36.046424865722656,,,,157.11000061035156,14.980069160461426,,,,,
2024-04-17,,,,,,,,,,,,,,,,,,,,,269.7472229003906,36.05548858642578,,,,155.4499969482422,15.007999420166016,,,,,
2024-04-18,,,,,,,,,,,,,,,,,,,,,268.44146728515625,36.37272262573242,,,,149.92999267578125,15.203512191772461,,,,,
2024-04-19,,,,,,,,,,,,,,,,,,,,,266.86859130859375,36.699012756347656,,,,147.0500030517578,15.37109661102295,,,,,
2024-04-22,,,,,,,,,,,,,,,,,,,,,269.3910827636719,34.985965728759766,,,,142.0500030517578,15.184892654418945,,,,,
2024-04-23,,,,,,,,,,,,,,,,,,,,,271.15185546875,35.98297882080078,,,,144.67999267578125,15.361786842346191,,,,,
2024-04-24,,,,,,,,,,,,,,,,,,,,,272.0520324707031,35.792640686035156,,,,162.1300048828125,15.650402069091797,,,,,
2024-04-25,,,,,,,,,,,,,,,,,,,,,272.1905822753906,35.54792404174805,,,,170.17999267578125,15.436266899108887,,,,,
2024-04-26,,,,,,,,,,,,,,,,,,,,,271.55743408203125,35.96485137939453,,,,168.2899932861328,15.594541549682617,,,,,
2024-04-29,,,,,,,,,,,,,,,,,,,,,268.9063720703125,36.33646011352539,,,,194.0500030517578,15.845915794372559,,,,,
2024-04-30,,,,,,,,,,,,,,,,,,,,,265.7112121582031,35.792640686035156,,,,183.27999877929688,15.724884033203125,,,,,
2024-05-01,,,,,,,,,,,,,,,,,,,,,264.4352111816406,35.529788970947266,,,,179.99000549316406,15.752814292907715,,,,,
2024-05-02,,,,,,,,,,,,,,,,,,,,,264.7220153808594,35.285072326660156,,,,180.00999450683594,15.659711837768555,,,,,
2024-05-03,,,,,,,,,,,,,,,,,,,,,265.59259033203125,35.248817443847656,,,,181.19000244140625,15.687642097473145,,,,,
2024-05-06,,,,,,,,,,,,,,,,,,,,,269.7274169921875,35.64762496948242,,,,184.75999450683594,15.817983627319336,,,,,
2024-05-07,,,,,,,,,,,,,,,,,,,,,273.47650146484375,35.629493713378906,,,,177.80999755859375,15.901774406433105,,,,,
2024-05-08,,,,,,,,,,,,,,,,,,,,,274.19866943359375,35.783573150634766,,,,174.72000122070312,15.929704666137695,,,,,
2024-05-09,,,,,,,,,,,,,,,,,,,,,275.53411865234375,36.06455612182617,,,,171.97000122070312,15.994877815246582,,,,,
2024-05-10,,,,,,,,,,,,,,,,,,,,,277.7103576660156,36.6174430847168,,,,168.47000122070312,15.985565185546875,,,,,
2024-05-13,,,,,,,,,,,,,,,,,,,,,276.37493896484375,36.74433517456055,,,,171.88999938964844,16.069358825683594,,,,,
2024-05-14,,,,,,,,,,,,,,,,,,,,,274.74267578125,36.699012756347656,,,,177.5500030517578,16.106597900390625,,,,,
2024-05-15,,,,,,,,,,,,,,,,,,,,,278.462158203125,36.699012756347656,,,,173.99000549316406,16.13452911376953,,,,,
2024-05-16,,,,,,,,,,,,,,,,,,,,,277.3323974609375,36.481483459472656,,,,174.83999633789062,16.106597900390625,,,,,
2024-05-17,,,,,,,,,,,,,,,,,,,,,277.5900573730469,36.30927276611328,,,,177.4600067138672,16.1997013092041,,,,,
2024-05-20,,,,,,,,,,,,,,,,,,,,,276.0440368652344,36.3636589050293,,,,174.9499969482422,16.311426162719727,,,,,
2024-05-21,,,,,,,,,,,,,,,,,,,,,273.47723388671875,35.910465240478516,,,,186.60000610351562,16.07866859436035,,,,,
2024-05-22,,,,,,,,,,,,,,,,,,,,,273.11053466796875,36.06455612182617,,,,180.11000061035156,16.292804718017578,,,,,
2024-05-23,,,,,,,,,,,,,,,,,,,,,271.7726745605469,35.738258361816406,,,,173.74000549316406,16.264873504638672,,,,,
2024-05-24,,,,,,,,,,,,,,,,,,,,,272.0302734375,36.01923751831055,,,,179.24000549316406,16.292804718017578,,,,,
2024-05-28,,,,,,,,,,,,,,,,,,,,,268.55181884765625,35.67481231689453,,,,176.75,16.07866859436035,,,,,
2024-05-29,,,,,,,,,,,,,,,,,,,,,266.4507751464844,35.43915557861328,,,,176.19000244140625,15.93901538848877,,,,,
2024-05-30,,,,,,,,,,,,,,,,,,,,,268.868896484375,36.553993225097656,,,,178.7899932861328,16.404525756835938,,,,,
2024-05-31,,,,,,,,,,,,,,,,,,,,,270.0185241699219,37.29721450805664,,,,178.0800018310547,16.963134765625,,,,,
2024-06-03,,,,,,,,,,,,,,,,,,,,,267.9571228027344,37.14313507080078,,,,176.2899932861328,16.767620086669922,,,,,
2024-06-04,,,,,,,,,,,,,,,,,,,,,269.9788818359375,37.6688346862793,,,,174.77000427246094,17.084169387817383,,,,,
2024-06-05,,,,,,,,,,,,,,,,,,,,,272.0401916503906,37.47848892211914,,,,175.0,17.037616729736328,,,,,
2024-06-06,,,,,,,,,,,,,,,,,,,,,274.5574645996094,37.46036911010742,,,,177.94000244140625,17.018997192382812,,,,,
2024-06-07,,,,,,,,,,,,,,,,,,,,,276.1728820800781,37.10688018798828,,,,177.47999572753906,16.85141372680664,,,,,
2024-06-10,,,,,,,,,,,,,,,,,,,,,272.5753479003906,36.626502990722656,,,,173.7899932861328,16.627967834472656,,,,,
2024-06-11,,,,,,,,,,,,,,,,,,,,,272.208740234375,36.635562896728516,,,,170.66000366210938,16.627967834472656,,,,,
2024-06-12,,,,,,,,,,,,,,,,,,,,,267.897705078125,36.046424865722656,,,,177.2899932861328,16.39521598815918,,,,,
2024-06-13,,,,,,,,,,,,,,,,,,,,,268.7598876953125,36.05548858642578,,,,182.47000122070312,16.45107650756836,,,,,
2024-06-14,,,,,,,,,,,,,,,,,,,,,268.2346496582031,35.955787658691406,,,,178.00999450683594,16.423145294189453,,,,,
2024-06-17,,,,,,,,,,,,,,,,,,,,,268.7400817871094,35.76545333862305,,,,187.44000244140625,16.45107650756836,,,,,
2024-06-18,,,,,,,,,,,,,,,,,,,,,271.1681213378906,36.3274040222168,,,,184.86000061035156,16.80486297607422,,,,,
2024-06-20,,,,,,,,,,,,,,,,,,,,,274.3394470214844,36.4724235534668,,,,181.57000732421875,16.8607234954834,,,,,
2024-06-21,,,,,,,,,,,,,,,,,,,,,272.7537536621094,36.4724235534668,,,,183.00999450683594,17.130720138549805,,,,,
2024-06-24,,,,,,,,,,,,,,,,,,,,,273.8240661621094,37.315345764160156,,,,182.5800018310547,17.36347198486328,,,,,
2024-06-25,,,,,,,,,,,,,,,,,,,,,271.0788879394531,37.2337760925293,,,,187.35000610351562,17.400712966918945,,,,,
2024-06-26,,,,,,,,,,,,,,,,,,,,,271.1482849121094,37.17938995361328,,,,196.3699951171875,17.46588706970215,,,,,
2024-06-27,,,,,,,,,,,,,,,,,,,,,264.2011413574219,36.998111724853516,,,,197.4199981689453,17.456573486328125,,,,,
2024-06-28,,,,,,,,,,,,,,,,,,,,,260.1180114746094,37.378787994384766,,,,197.8800048828125,17.7917423248291,,,,,
2024-07-01,,,,,,,,,,,,,,,,,,,,,260.881103515625,37.83198165893555,,,,209.86000061035156,17.67070960998535,,,,,
2024-07-02,,,,,,,,,,,,,,,,,,,,,265.826416015625,37.251895904541016,,,,231.25999450683594,17.521745681762695,,,,,
2024-07-03,,,,,,,,,,,,,,,,,,,,,266.5796203613281,37.2700309753418,,,,246.38999938964844,17.391403198242188,,,,,
2024-07-05,,,,,,,,,,,,,,,,,,,,,267.9372863769531,37.40598678588867,,,,251.52000427246094,17.475196838378906,,,,,
2024-07-08,,,,,,,,,,,,,,,,,,,,,264.0128173828125,37.641639709472656,,,,252.94000244140625,17.512435913085938,,,,,
2024-07-09,,,,,,,,,,,,,,,,,,,,,263.0614318847656,37.433170318603516,,,,262.3299865722656,17.503124237060547,,,,,
2024-07-10,,,,,,,,,,,,,,,,,,,,,260.64324951171875,37.84311294555664,,,,263.260009765625,17.70913314819336,,,,,
2024-07-11,,,,,,,,,,,,,,,,,,,,,260.197265625,38.045780181884766,,,,241.02999877929688,17.822532653808594,,,,,
2024-07-12,,,,,,,,,,,,,,,,,,,,,263.35870361328125,38.165531158447266,,,,248.22999572753906,17.775283813476562,,,,,
2024-07-15,,,,,,,,,,,,,,,,,,,,,266.0444641113281,37.57596206665039,,,,252.63999938964844,17.557931900024414,,,,,
2024-07-16,,,,,,,,,,,,,,,,,,,,,266.8372802734375,38.1839599609375,,,,256.55999755859375,17.813085556030273,,,,,
2024-07-17,,,,,,,,,,,,,,,,,,,,,270.2563781738281,38.718257904052734,,,,248.5,18.106029510498047,,,,,
2024-07-18,,,,,,,,,,,,,,,,,,,,,266.7381896972656,38.755104064941406,,,,249.22999572753906,18.096580505371094,,,,,
2024-07-19,,,,,,,,,,,,,,,,,,,,,263.0812683105469,38.3405647277832,,,,239.1999969482422,18.068233489990234,,,,,
2024-07-22,,,,,,,,,,,,,,,,,,,,,265.3110656738281,36.009910583496094,,,,251.50999450683594,17.529584884643555,,,,,
2024-07-23,,,,,,,,,,,,,,,,,,,,,262.417236328125,35.8256721496582,,,,246.3800048828125,17.208290100097656,,,,,
2024-07-24,,,,,,,,,,,,,,,,,,,,,251.89239501953125,36.54421615600586,,,,215.99000549316406,18.106029510498047,,,,,
2024-07-25,,,,,,,,,,,,,,,,,,,,,251.46624755859375,36.80215072631836,,,,220.25,18.134380340576172,,,,,
2024-07-26,,,,,,,,,,,,,,,,,,,,,257.13494873046875,36.93111801147461,,,,219.8000030517578,17.96428108215332,,,,,
2024-07-29,,,,,,,,,,,,,,,,,,,,,259.2558288574219,36.87584686279297,,,,232.10000610351562,17.86033058166504,,,,,
2024-07-30,,,,,,,,,,,,,,,,,,,,,260.7423400878906,36.88505935668945,,,,222.6199951171875,17.935932159423828,,,,,
2024-07-31,,,,,,,,,,,,,,,,,,,,,263.28936767578125,37.32723617553711,,,,232.07000732421875,18.19108009338379,,,,,
2024-08-01,,,,,,,,,,,,,,,,,,,,,263.5470275878906,37.63123321533203,,,,216.86000061035156,18.398975372314453,,,,,
2024-08-02,,,,,,,,,,,,,,,,,,,,,264.1911315917969,37.74177932739258,,,,207.6699981689453,18.304479598999023,,,,,
2024-08-05,,,,,,,,,,,,,,,,,,,,,254.1420440673828,36.663970947265625,,,,198.8800048828125,17.869781494140625,,,,,
2024-08-06,,,,,,,,,,,,,,,,,,,,,255.94573974609375,37.08772659301758,,,,200.63999938964844,18.134380340576172,,,,,
2024-08-07,,,,,,,,,,,,,,,,,,,,,254.2213134765625,37.106143951416016,,,,191.75999450683594,18.19108009338379,,,,,
2024-08-08,,,,,,,,,,,,,,,,,,,,,257.50164794921875,37.32723617553711,,,,198.83999633789062,18.332826614379883,,,,,
2024-08-09,,,,,,,,,,,,,,,,,,,,,257.9485168457031,37.53911209106445,,,,200.0,18.417879104614258,,,,,
2024-08-12,,,,,,,,,,,,,,,,,,,,,258.07763671875,37.336448669433594,,,,197.49000549316406,18.36117935180664,,,,,
2024-08-13,,,,,,,,,,,,,,,,,,,,,258.3159484863281,37.566749572753906,,,,207.8300018310547,18.446226119995117,,,,,
2024-08-14,,,,,,,,,,,,,,,,,,,,,259.3189392089844,37.67729568481445,,,,201.3800048828125,18.5501766204834,,,,,
2024-08-15,,,,,,,,,,,,,,,,,,,,,264.9394226074219,36.88505935668945,,,,214.13999938964844,18.039880752563477,,,,,
2024-08-16,,,,,,,,,,,,,,,,,,,,,265.5154113769531,37.4101448059082,,,,216.1199951171875,18.2761287689209,,,,,
2024-08-19,,,,,,,,,,,,,,,,,,,,,264.6117248535156,37.529903411865234,,,,222.72000122070312,18.417879104614258,,,,,
2024-08-20,,,,,,,,,,,,,,,,,,,,,266.1708068847656,37.63123321533203,,,,221.10000610351562,18.417879104614258,,,,,
2024-08-21,,,,,,,,,,,,,,,,,,,,,266.32965087890625,37.81547164916992,,,,223.27000427246094,18.465126037597656,,,,,
2024-08-22,,,,,,,,,,,,,,,,,,,,,266.07147216796875,37.649658203125,,,,210.66000366210938,18.436777114868164,,,,,
2024-08-23,,,,,,,,,,,,,,,,,,,,,265.574951171875,37.962867736816406,,,,220.32000732421875,18.64467430114746,,,,,
2024-08-26,,,,,,,,,,,,,,,,,,,,,266.3396301269531,38.22080993652344,,,,213.2100067138672,18.673025131225586,,,,,
2024-08-27,,,,,,,,,,,,,,,,,,,,,268.83209228515625,38.1839599609375,,,,209.2100067138672,18.569076538085938,,,,,
2024-08-28,,,,,,,,,,,,,,,,,,,,,267.3127746582031,38.22080993652344,,,,205.75,18.729726791381836,,,,,
2024-08-29,,,,,,,,,,,,,,,,,,,,,272.4070129394531,37.99971008300781,,,,206.27999877929688,18.673025131225586,,,,,
2024-08-30,,,,,,,,,,,,,,,,,,,,,274.44268798828125,38.487953186035156,,,,214.11000061035156,18.805322647094727,,,,,
2024-09-03,,,,,,,,,,,,,,,,,,,,,276.5975646972656,39.547340393066406,,,,210.60000610351562,19.306169509887695,,,,,
2024-09-04,,,,,,,,,,,,,,,,,,,,,278.5339660644531,38.21159744262695,,,,219.41000366210938,19.438467025756836,,,,,
2024-09-05,,,,,,,,,,,,,,,,,,,,,276.6770324707031,38.054988861083984,,,,230.1699981689453,19.514068603515625,,,,,
2024-09-06,,,,,,,,,,,,,,,,,,,,,277.4217529296875,37.9075927734375,,,,210.72999572753906,19.816463470458984,,,,,
2024-09-09,,,,,,,,,,,,,,,,,,,,,283.61822509765625,39.36309814453125,,,,216.27000427246094,20.317310333251953,,,,,
2024-09-10,,,,,,,,,,,,,,,,,,,,,283.35015869140625,40.210609436035156,,,,226.1699981689453,20.515756607055664,,,,,
2024-09-11,,,,,,,,,,,,,,,,,,,,,281.9797668457031,40.348793029785156,,,,228.1300048828125,20.27005958557129,,,,,
2024-09-12,,,,,,,,,,,,,,,,,,,,,283.3799133300781,40.40406036376953,,,,229.80999755859375,20.402359008789062,,,,,
2024-09-13,,,,,,,,,,,,,,,,,,,,,285.3461608886719,40.92914962768555,,,,230.2899932861328,20.449607849121094,,,,,
2024-09-16,,,,,,,,,,,,,,,,,,,,,288.4543151855469,41.4542350769043,,,,226.77999877929688,21.044954299926758,,,,,
2024-09-17,,,,,,,,,,,,,,,,,,,,,289.5267639160156,40.60673141479492,,,,227.8699951171875,20.581907272338867,,,,,
2024-09-18,,,,,,,,,,,,,,,,,,,,,286.46826171875,40.4224853515625,,,,227.1999969482422,20.534658432006836,,,,,
2024-09-19,,,,,,,,,,,,,,,,,,,,,283.2508544921875,40.477760314941406,,,,243.9199981689453,20.185012817382812,,,,,
2024-09-20,,,,,,,,,,,,,,,,,,,,,282.78411865234375,40.837032318115234,,,,238.25,20.355112075805664,,,,,
2024-09-23,,,,,,,,,,,,,,,,,,,,,286.6171875,40.772544860839844,,,,250.0,20.307859420776367,,,,,
2024-09-24,,,,,,,,,,,,,,,,,,,,,270.87774658203125,41.14102554321289,,,,254.27000427246094,20.402359008789062,,,,,
2024-09-25,,,,,,,,,,,,,,,,,,,,,267.7497253417969,41.03968811035156,,,,257.0199890136719,20.37401008605957,,,,,
2024-09-26,,,,,,,,,,,,,,,,,,,,,269.7953186035156,41.10417556762695,,,,254.22000122070312,20.459056854248047,,,,,
2024-09-27,,,,,,,,,,,,,,,,,,,,,273.2510681152344,41.352901458740234,,,,260.4599914550781,20.69530487060547,,,,,
2024-09-30,,,,,,,,,,,,,,,,,,,,,273.0326232910156,41.37133026123047,,,,261.6300048828125,20.789806365966797,,,,,
2024-10-01,,,,,,,,,,,,,,,,,,,,,275.66412353515625,41.64768600463867,,,,258.0199890136719,20.91265296936035,,,,,
2024-10-02,,,,,,,,,,,,,,,,,,,,,275.0683288574219,41.50029373168945,,,,249.02000427246094,20.9693546295166,,,,,
2024-10-03,,,,,,,,,,,,,,,,,,,,,274.92926025390625,41.012054443359375,,,,240.66000366210938,20.837055206298828,,,,,
2024-10-04,,,,,,,,,,,,,,,,,,,,,275.9918212890625,40.698848724365234,,,,250.0800018310547,20.704753875732422,,,,,
2024-10-07,,,,,,,,,,,,,,,,,,,,,271.8807067871094,40.38563919067383,,,,240.8300018310547,20.581907272338867,,,,,
2024-10-08,,,,,,,,,,,,,,,,,,,,,273.0425109863281,40.542240142822266,,,,244.5,20.657506942749023,,,,,
2024-10-09,,,,,,,,,,,,,,,,,,,,,274.998779296875,40.63436508178711,,,,241.0500030517578,20.723657608032227,,,,,
2024-10-10,,,,,,,,,,,,,,,,,,,,,275.5350646972656,40.18341064453125,,,,238.77000427246094,20.310178756713867,,,,,
2024-10-11,,,,,,,,,,,,,,,,,,,,,275.90240478515625,40.230194091796875,,,,217.8000030517578,20.45374870300293,,,,,
2024-10-14,,,,,,,,,,,,,,,,,,,,,278.7226257324219,40.40795135498047,,,,219.16000366210938,20.34846305847168,,,,,
2024-10-15,,,,,,,,,,,,,,,,,,,,,277.34234619140625,40.92252731323242,,,,219.57000732421875,20.587745666503906,,,,,
2024-10-16,,,,,,,,,,,,,,,,,,,,,285.514892578125,41.081573486328125,,,,221.3300018310547,20.77916717529297,,,,,
2024-10-17,,,,,,,,,,,,,,,,,,,,,288.36492919921875,41.02544021606445,,,,220.88999938964844,20.798311233520508,,,,,
2024-10-18,,,,,,,,,,,,,,,,,,,,,288.5932922363281,41.15642166137695,,,,220.6999969482422,20.913166046142578,,,,,
2024-10-21,,,,,,,,,,,,,,,,,,,,,284.849609375,40.885101318359375,,,,218.85000610351562,20.73130989074707,,,,,
2024-10-22,,,,,,,,,,,,,,,,,,,,,282.8039855957031,38.826812744140625,,,,217.97000122070312,20.57817268371582,,,,,
2024-10-23,,,,,,,,,,,,,,,,,,,,,281.78118896484375,40.09920883178711,,,,213.64999389648438,21.525726318359375,,,,,
2024-10-24,,,,,,,,,,,,,,,,,,,,,281.24493408203125,39.16362380981445,,,,260.4800109863281,21.24816131591797,,,,,
2024-10-25,,,,,,,,,,,,,,,,,,,,,279.76531982421875,38.714542388916016,,,,269.19000244140625,20.894023895263672,,,,,
2024-10-28,,,,,,,,,,,,,,,,,,,,,282.2081604003906,38.939083099365234,,,,262.510009765625,21.162019729614258,,,,,
2024-10-29,,,,,,,,,,,,,,,,,,,,,279.9142761230469,38.66775894165039,,,,259.5199890136719,21.229019165039062,,,,,
2024-10-30,,,,,,,,,,,,,,,,,,,,,288.13653564453125,38.6209831237793,,,,257.54998779296875,21.075878143310547,,,,,
2024-10-31,,,,,,,,,,,,,,,,,,,,,287.8287048339844,39.416236877441406,,,,249.85000610351562,21.57358169555664,,,,,
2024-11-01,,,,,,,,,,,,,,,,,,,,,288.7124938964844,38.69582748413086,,,,248.97999572753906,21.17159080505371,,,,,
2024-11-04,,,,,,,,,,,,,,,,,,,,,289.81475830078125,38.415157318115234,,,,242.83999633789062,20.980165481567383,,,,,
2024-11-05,,,,,,,,,,,,,,,,,,,,,291.2447204589844,38.602272033691406,,,,251.44000244140625,21.104591369628906,,,,,
2024-11-06,,,,,,,,,,,,,,,,,,,,,305.25628662109375,38.50871658325195,,,,288.5299987792969,21.36301612854004,,,,,
2024-11-07,,,,,,,,,,,,,,,,,,,,,303.6674499511719,37.95671844482422,,,,296.9100036621094,21.095020294189453,,,,,
2024-11-08,,,,,,,,,,,,,,,,,,,,,305.7230224609375,37.87251663208008,,,,321.2200012207031,21.382158279418945,,,,,
2024-11-11,,,,,,,,,,,,,,,,,,,,,308.7517395019531,37.83509063720703,,,,350.0,21.353445053100586,,,,,
2024-11-12,,,,,,,,,,,,,,,,,,,,,308.2742004394531,37.79766845703125,,,,328.489990234375,21.200302124023438,,,,,
2024-11-13,,,,,,,,,,,,,,,,,,,,,307.90606689453125,38.48999786376953,,,,330.239990234375,21.3438720703125,,,,,
2024-11-14,,,,,,,,,,,,,,,,,,,,,306.68231201171875,38.23739242553711,,,,311.17999267578125,21.296018600463867,,,,,
2024-11-15,,,,,,,,,,,,,,,,,,,,,308.0652770996094,38.9671516418457,,,,320.7200012207031,21.70758056640625,,,,,
2024-11-18,,,,,,,,,,,,,,,,,,,,,310.57244873046875,39.528499603271484,,,,338.739990234375,22.004289627075195,,,,,
2024-11-19,,,,,,,,,,,,,,,,,,,,,310.2640380859375,39.2291145324707,,,,346.0,21.755434036254883,,,,,
2024-11-20,,,,,,,,,,,,,,,,,,,,,305.82672119140625,39.50043487548828,,,,342.0299987792969,21.851150512695312,,,,,
2024-11-21,,,,,,,,,,,,,,,,,,,,,308.3239440917969,39.76239776611328,,,,339.6400146484375,21.994718551635742,,,,,
2024-11-22,,,,,,,,,,,,,,,,,,,,,308.3438720703125,40.37052917480469,,,,352.55999755859375,22.186141967773438,,,,,
2024-11-25,,,,,,,,,,,,,,,,,,,,,311.5971984863281,41.14706802368164,,,,338.5899963378906,22.109573364257812,,,,,
2024-11-26,,,,,,,,,,,,,,,,,,,,,310.23419189453125,41.51194381713867,,,,338.2300109863281,22.10000228881836,,,,,
2024-11-27,,,,,,,,,,,,,,,,,,,,,313.0995178222656,41.521297454833984,,,,332.8900146484375,22.27228355407715,,,,,
2024-11-29,,,,,,,,,,,,,,,,,,,,,313.47760009765625,41.48387145996094,,,,345.1600036621094,22.1669979095459,,,,,
2024-12-02,,,,,,,,,,,,,,,,,,,,,315.03961181640625,41.02544021606445,,,,357.0899963378906,21.726722717285156,,,,,
2024-12-03,,,,,,,,,,,,,,,,,,,,,311.4181213378906,41.00672912597656,,,,351.4200134277344,22.722131729125977,,,,,
2024-12-04,,,,,,,,,,,,,,,,,,,,,308.3239440917969,39.78110885620117,,,,357.92999267578125,22.521135330200195,,,,,
2024-12-05,,,,,,,,,,,,,,,,,,,,,307.5080871582031,39.80917739868164,,,,369.489990234375,22.808273315429688,,,,,
2024-12-06,,,,,,,,,,,,,,,,,,,,,309.42828369140625,39.640769958496094,,,,389.2200012207031,22.856128692626953,,,,,
2024-12-09,,,,,,,,,,,,,,,,,,,,,306.7320556640625,39.63141632080078,,,,389.7900085449219,22.367996215820312,,,,,
2024-12-10,,,,,,,,,,,,,,,,,,,,,310.79132080078125,39.575279235839844,,,,400.989990234375,22.50199317932129,,,,,
2024-12-11,,,,,,,,,,,,,,,,,,,,,312.19415283203125,39.285247802734375,,,,424.7699890136719,22.47327995300293,,,,,
2024-12-12,,,,,,,,,,,,,,,,,,,,,312.6319274902344,39.36945343017578,,,,418.1000061035156,22.35842514038086,,,,,
2024-12-13,,,,,,,,,,,,,,,,,,,,,313.1393127441406,39.55656814575195,,,,436.2300109863281,22.61684799194336,,,,,
2024-12-16,,,,,,,,,,,,,,,,,,,,,314.2834777832031,38.24674606323242,,,,463.0199890136719,21.860719680786133,,,,,
2024-12-17,,,,,,,,,,,,,,,,,,,,,316.68121337890625,38.15319061279297,,,,479.8599853515625,21.851150512695312,,,,,
2024-12-18,,,,,,,,,,,,,,,,,,,,,308.20452880859375,37.64797592163086,,,,440.1300048828125,21.51615333557129,,,,,
2024-12-19,,,,,,,,,,,,,,,,,,,,,313.2786560058594,37.395362854003906,,,,436.1700134277344,21.602294921875,,,,,
2024-12-20,,,,,,,,,,,,,,,,,,,,,316.0942077636719,37.357940673828125,,,,421.05999755859375,21.774578094482422,,,,,
2024-12-23,,,,,,,,,,,,,,,,,,,,,315.6067199707031,37.36729431152344,,,,430.6000061035156,21.860719680786133,,,,,
2024-12-24,,,,,,,,,,,,,,,,,,,,,319.0192565917969,37.2363166809082,,,,462.2799987792969,21.966007232666016,,,,,
2024-12-26,,,,,,,,,,,,,,,,,,,,,319.2779541015625,37.38600540161133,,,,454.1300048828125,21.975574493408203,,,,,
2024-12-27,,,,,,,,,,,,,,,,,,,,,317.0393981933594,37.34858322143555,,,,431.6600036621094,21.879863739013672,,,,,
2024-12-30,,,,,,,,,,,,,,,,,,,,,313.7064208984375,37.049198150634766,,,,417.4100036621094,21.640579223632812,,,,,
2024-12-31,,,,,,,,,,,,,,,,,,,,,314.4327392578125,37.41408157348633,,,,403.8399963378906,21.79372215270996,,,,,
2025-01-02,,,,,,,,,,,,,,,,,,,,,312.8010559082031,37.61990737915039,,,,379.2799987792969,21.851150512695312,,,,,
2025-01-03,,,,,,,,,,,,,,,,,,,,,313.3084716796875,37.66668701171875,,,,410.44000244140625,21.698007583618164,,,,,
2025-01-06,,,,,,,,,,,,,,,,,,,,,311.4479675292969,37.05855178833008,,,,411.04998779296875,21.631010055541992,,,,,
2025-01-07,,,,,,,,,,,,,,,,,,,,,310.0849609375,36.41299819946289,,,,394.3599853515625,21.24816131591797,,,,,
2025-01-08,,,,,,,,,,,,,,,,,,,,,311.0102233886719,36.43171310424805,,,,394.94000244140625,21.229019165039062,,,,,
2025-01-10,,,,,,,,,,,,,,,,,,,,,306.1450500488281,36.00133514404297,,,,394.739990234375,21.023530960083008,,,,,
2025-01-13,,,,,,,,,,,,,,,,,,,,,305.3591003417969,36.296504974365234,,,,403.30999755859375,20.897523880004883,,,,,
2025-01-14,,,,,,,,,,,,,,,,,,,,,307.51806640625,36.4488525390625,,,,396.3599853515625,21.130151748657227,,,,,
2025-01-15,,,,,,,,,,,,,,,,,,,,,314.6715087890625,36.3536376953125,,,,428.2200012207031,21.236770629882812,,,,,
2025-01-16,,,,,,,,,,,,,,,,,,,,,315.6365661621094,36.505977630615234,,,,413.82000732421875,21.34339141845703,,,,,
2025-01-17,,,,,,,,,,,,,,,,,,,,,317.9945373535156,36.924930572509766,,,,426.5,21.60509490966797,,,,,
2025-01-21,,,,,,,,,,,,,,,,,,,,,321.984130859375,37.1534538269043,,,,424.07000732421875,21.798948287963867,,,,,
2025-01-22,,,,,,,,,,,,,,,,,,,,,321.9144592285156,37.0868034362793,,,,415.1099853515625,21.634172439575195,,,,,
2025-01-23,,,,,,,,,,,,,,,,,,,,,326.5408020019531,37.3057975769043,,,,412.3800048828125,21.83772087097168,,,,,
2025-01-24,,,,,,,,,,,,,,,,,,,,,328.5207214355469,37.64857864379883,,,,406.5799865722656,22.021883010864258,,,,,
2025-01-27,,,,,,,,,,,,,,,,,,,,,332.838623046875,38.695960998535156,,,,397.1499938964844,23.39824867248535,,,,,
2025-01-28,,,,,,,,,,,,,,,,,,,,,332.7789306640625,38.46744155883789,,,,398.0899963378906,23.65026092529297,,,,,
2025-01-29,,,,,,,,,,,,,,,,,,,,,334.1718444824219,38.35317611694336,,,,389.1000061035156,23.485485076904297,,,,,
2025-01-30,,,,,,,,,,,,,,,,,,,,,341.3053283691406,37.58192825317383,,,,400.2799987792969,23.281938552856445,,,,,
2025-01-31,,,,,,,,,,,,,,,,,,,,,340.06170654296875,37.50575637817383,,,,404.6000061035156,23.0008487701416,,,,,
2025-02-03,,,,,,,,,,,,,,,,,,,,,344.061279296875,38.067535400390625,,,,383.67999267578125,23.50486946105957,,,,,
2025-02-04,,,,,,,,,,,,,,,,,,,,,343.3946533203125,37.90566635131836,,,,392.2099914550781,23.50486946105957,,,,,
2025-02-05,,,,,,,,,,,,,,,,,,,,,347.662841796875,38.210357666015625,,,,378.1700134277344,23.718109130859375,,,,,
2025-02-06,,,,,,,,,,,,,,,,,,,,,345.71282958984375,38.029441833496094,,,,374.32000732421875,23.6987247467041,,,,,
2025-02-07,,,,,,,,,,,,,,,,,,,,,346.25006103515625,37.97231674194336,,,,361.6199951171875,23.785959243774414,,,,,
2025-02-10,,,,,,,,,,,,,,,,,,,,,349.4437561035156,38.03896713256836,,,,350.7300109863281,24.096126556396484,,,,,
2025-02-11,,,,,,,,,,,,,,,,,,,,,349.52349853515625,38.55313491821289,,,,328.5,24.377216339111328,,,,,
2025-02-12,,,,,,,,,,,,,,,,,,,,,350.29083251953125,38.59122085571289,,,,336.510009765625,24.58076286315918,,,,,
2025-02-13,,,,,,,,,,,,,,,,,,,,,354.416748046875,39.07682418823242,,,,355.94000244140625,24.842466354370117,,,,,
2025-02-14,,,,,,,,,,,,,,,,,,,,,352.6029357910156,39.02922058105469,,,,355.8399963378906,25.075092315673828,,,,,
2025-02-18,,,,,,,,,,,,,,,,,,,,,355.51300048828125,39.22917175292969,,,,354.1099853515625,25.268945693969727,,,,,
2025-02-19,,,,,,,,,,,,,,,,,,,,,354.0180969238281,40.000423431396484,,,,360.55999755859375,25.43372344970703,,,,,
2025-02-20,,,,,,,,,,,,,,,,,,,,,349.29425048828125,40.45746612548828,,,,354.3999938964844,25.34648895263672,,,,,
2025-02-21,,,,,,,,,,,,,,,,,,,,,347.3409729003906,40.71455001831055,,,,337.79998779296875,25.802047729492188,,,,,
2025-02-24,,,,,,,,,,,,,,,,,,,,,348.6663818359375,41.24776077270508,,,,330.5299987792969,25.918359756469727,,,,,
2025-02-25,,,,,,,,,,,,,,,,,,,,,350.8888244628906,41.619102478027344,,,,302.79998779296875,25.83112335205078,,,,,
2025-02-26,,,,,,,,,,,,,,,,,,,,,349.4338073730469,41.11445617675781,,,,290.79998779296875,25.753583908081055,,,,,
2025-02-27,,,,,,,,,,,,,,,,,,,,,354.5263671875,41.20014953613281,,,,281.95001220703125,26.073442459106445,,,,,
2025-02-28,,,,,,,,,,,,,,,,,,,,,361.47259521484375,41.03828048706055,,,,292.9800109863281,26.567771911621094,,,,,
2025-03-03,,,,,,,,,,,,,,,,,,,,,360.58563232421875,41.77145004272461,,,,284.6499938964844,26.86824607849121,,,,,
2025-03-04,,,,,,,,,,,,,,,,,,,,,351.0283508300781,40.81928634643555,,,,272.0400085449219,25.414337158203125,,,,,
2025-03-05,,,,,,,,,,,,,,,,,,,,,351.476806640625,40.79071807861328,,,,279.1000061035156,25.375566482543945,,,,,
2025-03-06,,,,,,,,,,,,,,,,,,,,,342.9858703613281,42.114227294921875,,,,263.45001220703125,25.908668518066406,,,,,
2025-03-07,,,,,,,,,,,,,,,,,,,,,344.1419372558594,43.856689453125,,,,262.6700134277344,26.286684036254883,,,,,
2025-03-10,,,,,,,,,,,,,,,,,,,,,340.3150329589844,44.26612091064453,,,,222.14999389648438,26.4417667388916,,,,,
2025-03-11,,,,,,,,,,,,,,,,,,,,,331.00689697265625,41.35249710083008,,,,230.5800018310547,25.210790634155273,,,,,
2025-03-12,,,,,,,,,,,,,,,,,,,,,331.7044982910156,40.55268096923828,,,,248.08999633789062,24.92970085144043,,,,,
2025-03-13,,,,,,,,,,,,,,,,,,,,,327.4291076660156,41.619102478027344,,,,240.67999267578125,25.288333892822266,,,,,
2025-03-14,,,,,,,,,,,,,,,,,,,,,330.66802978515625,41.485801696777344,,,,249.97999572753906,25.763277053833008,,,,,
2025-03-17,,,,,,,,,,,,,,,,,,,,,333.40863037109375,41.561973571777344,,,,238.00999450683594,26.00559425354004,,,,,
2025-03-18,,,,,,,,,,,,,,,,,,,,,333.6278991699219,42.114227294921875,,,,225.30999755859375,25.792356491088867,,,,,
2025-03-19,,,,,,,,,,,,,,,,,,,,,338.7104797363281,41.838104248046875,,,,235.86000061035156,26.01528549194336,,,,,
2025-03-20,,,,,,,,,,,,,,,,,,,,,338.3417663574219,41.657188415527344,,,,236.25999450683594,25.966825485229492,,,,,
2025-03-21,,,,,,,,,,,,,,,,,,,,,334.514892578125,41.885711669921875,,,,248.7100067138672,26.189756393432617,,,,,
2025-03-24,,,,,,,,,,,,,,,,,,,,,342.69683837890625,41.476280212402344,,,,278.3900146484375,26.1315975189209,,,,,
2025-03-25,,,,,,,,,,,,,,,,,,,,,343.4443054199219,41.409629821777344,,,,288.1400146484375,26.470844268798828,,,,,
2025-03-26,,,,,,,,,,,,,,,,,,,,,343.00579833984375,42.06662368774414,,,,272.05999755859375,26.800397872924805,,,,,
2025-03-27,,,,,,,,,,,,,,,,,,,,,348.6663818359375,42.80930709838867,,,,273.1300048828125,27.333499908447266,,,,,
2025-03-28,,,,,,,,,,,,,,,,,,,,,341.68035888671875,42.78074264526367,,,,263.54998779296875,27.31411361694336,,,,,
2025-03-31,,,,,,,,,,,,,,,,,,,,,349.2643737792969,43.19017791748047,,,,259.1600036621094,27.411041259765625,,,,,
2025-04-01,,,,,,,,,,,,,,,,,,,,,345.16839599609375,43.2092170715332,,,,268.4599914550781,27.60489273071289,,,,,
2025-04-02,,,,,,,,,,,,,,,,,,,,,345.1484375,42.59983444213867,,,,282.760009765625,27.275341033935547,,,,,
2025-04-03,,,,,,,,,,,,,,,,,,,,,338.2321472167969,43.43773651123047,,,,267.2799987792969,27.721208572387695,,,,,
2025-04-04,,,,,,,,,,,,,,,,,,,,,312.0617370605469,40.97163009643555,,,,239.42999267578125,25.82143211364746,,,,,
2025-04-07,,,,,,,,,,,,,,,,,,,,,311.2544860839844,40.54315948486328,,,,233.2899932861328,26.00559425354004,,,,,
2025-04-08,,,,,,,,,,,,,,,,,,,,,307.2182922363281,40.15277099609375,,,,221.86000061035156,25.579113006591797,,,,,
2025-04-09,,,,,,,,,,,,,,,,,,,,,331.2958679199219,40.83832931518555,,,,272.20001220703125,25.65665626525879,,,,,
2025-04-10,,,,,,,,,,,,,,,,,,,,,323.5025634765625,41.523284912109375,,,,252.39999389648438,25.850608825683594,,,,,
2025-04-11,,,,,,,,,,,,,,,,,,,,,332.2625732421875,42.30693054199219,,,,252.30999755859375,26.242435455322266,,,,,
2025-04-14,,,,,,,,,,,,,,,,,,,,,334.0364990234375,42.85837936401367,,,,252.35000610351562,26.644054412841797,,,,,
2025-04-15,,,,,,,,,,,,,,,,,,,,,334.6643371582031,43.03252029418945,,,,254.11000061035156,26.93792152404785,,,,,
2025-04-16,,,,,,,,,,,,,,,,,,,,,330.1996154785156,42.190834045410156,,,,241.5500030517578,26.46773338317871,,,,,
2025-04-17,,,,,,,,,,,,,,,,,,,,,328.4855041503906,42.606842041015625,,,,241.3699951171875,26.595073699951172,,,,,
2025-04-21,,,,,,,,,,,,,,,,,,,,,319.0079345703125,41.53296661376953,,,,227.5,25.791833877563477,,,,,
2025-04-22,,,,,,,,,,,,,,,,,,,,,330.2694091796875,41.78450012207031,,,,237.97000122070312,26.40895652770996,,,,,
2025-04-23,,,,,,,,,,,,,,,,,,,,,333.2292785644531,41.310447692871094,,,,250.74000549316406,26.634258270263672,,,,,
2025-04-24,,,,,,,,,,,,,,,,,,,,,334.564697265625,41.4168701171875,,,,259.510009765625,26.967308044433594,,,,,
2025-04-25,,,,,,,,,,,,,,,,,,,,,334.02655029296875,40.5461540222168,,,,284.95001220703125,26.26202392578125,,,,,
2025-04-28,,,,,,,,,,,,,,,,,,,,,336.3585510253906,41.010536193847656,,,,285.8800048828125,26.70282745361328,,,,,
2025-04-29,,,,,,,,,,,,,,,,,,,,,340.3548583984375,41.552310943603516,,,,292.0299987792969,26.74201011657715,,,,,
2025-04-30,,,,,,,,,,,,,,,,,,,,,344.3212890625,42.626190185546875,,,,282.1600036621094,27.133834838867188,,,,,
2025-05-01,,,,,,,,,,,,,,,,,,,,,341.2817077636719,41.89092254638672,,,,280.5199890136719,27.07505989074707,,,,,
2025-05-02,,,,,,,,,,,,,,,,,,,,,346.41412353515625,42.31660461425781,,,,287.2099914550781,27.045673370361328,,,,,
2025-05-05,,,,,,,,,,,,,,,,,,,,,347.4505920410156,42.123111724853516,,,,280.260009765625,26.947717666625977,,,,,
2025-05-06,,,,,,,,,,,,,,,,,,,,,346.5138244628906,42.71326446533203,,,,275.3500061035156,27.584430694580078,,,,,
2025-05-07,,,,,,,,,,,,,,,,,,,,,348.6564636230469,42.46171951293945,,,,276.2200012207031,27.525657653808594,,,,,
2025-05-08,,,,,,,,,,,,,,,,,,,,,350.07159423828125,42.190834045410156,,,,284.82000732421875,26.908533096313477,,,,,
2025-05-09,,,,,,,,,,,,,,,,,,,,,351.3372802734375,42.190834045410156,,,,298.260009765625,27.270973205566406,,,,,
2025-05-12,,,,,,,,,,,,,,,,,,,,,354.635986328125,41.600685119628906,,,,318.3800048828125,26.457937240600586,,,,,
2025-05-13,,,,,,,,,,,,,,,,,,,,,355.51446533203125,41.26207733154297,,,,334.07000732421875,25.90938377380371,,,,,
2025-05-14,,,,,,,,,,,,,,,,,,,,,355.8338623046875,40.97183609008789,,,,347.67999267578125,25.899587631225586,,,,,
2025-05-15,,,,,,,,,,,,,,,,,,,,,361.6636047363281,42.0650634765625,,,,342.82000732421875,26.77139663696289,,,,,
2025-05-16,,,,,,,,,,,,,,,,,,,,,364.4786682128906,42.558467864990234,,,,349.9800109863281,27.153423309326172,,,,,
2025-05-19,,,,,,,,,,,,,,,,,,,,,367.2537841796875,42.8680534362793,,,,342.0899963378906,27.447294235229492,,,,,
2025-05-20,,,,,,,,,,,,,,,,,,,,,366.1956481933594,42.78098678588867,,,,343.82000732421875,27.212200164794922,,,,,
2025-05-21,,,,,,,,,,,,,,,,,,,,,357.6706237792969,42.32627868652344,,,,334.6199951171875,26.908533096313477,,,,,
2025-05-22,,,,,,,,,,,,,,,,,,,,,357.3412170410156,41.72645568847656,,,,341.0400085449219,26.673439025878906,,,,,
2025-05-23,,,,,,,,,,,,,,,,,,,,,352.91900634765625,41.91027069091797,,,,339.3399963378906,26.859556198120117,,,,,
2025-05-27,,,,,,,,,,,,,,,,,,,,,358.66888427734375,42.084415435791016,,,,362.8900146484375,26.830169677734375,,,,,
2025-05-28,,,,,,,,,,,,,,,,,,,,,359.09814453125,41.72645568847656,,,,356.8999938964844,26.93792152404785,,,,,
2025-05-29,,,,,,,,,,,,,,,,,,,,,361.763427734375,41.91994857788086,,,,358.42999267578125,26.82037353515625,,,,,
2025-05-30,,,,,,,,,,,,,,,,,,,,,364.5485534667969,42.529441833496094,,,,346.4599914550781,27.231788635253906,,,,,
2025-06-02,,,,,,,,,,,,,,,,,,,,,364.6783142089844,42.664886474609375,,,,342.69000244140625,27.359132766723633,,,,,
2025-06-03,,,,,,,,,,,,,,,,,,,,,365.21734619140625,42.40367889404297,,,,344.2699890136719,27.388519287109375,,,,,
2025-06-04,,,,,,,,,,,,,,,,,,,,,367.3536071777344,41.83287811279297,,,,332.04998779296875,26.800783157348633,,,,,
2025-06-05,,,,,,,,,,,,,,,,,,,,,366.1257629394531,41.89092254638672,,,,284.70001220703125,27.192607879638672,,,,,
2025-06-06,,,,,,,,,,,,,,,,,,,,,369.5697021484375,42.37465286254883,,,,295.1400146484375,27.506067276000977,,,,,
2025-06-09,,,,,,,,,,,,,,,,,,,,,366.0159606933594,42.22953414916992,,,,308.5799865722656,27.290563583374023,,,,,
2025-06-10,,,,,,,,,,,,,,,,,,,,,370.04888916015625,42.693912506103516,,,,326.0899963378906,27.8391170501709,,,,,
2025-06-11,,,,,,,,,,,,,,,,,,,,,372.654296875,42.31660461425781,,,,326.42999267578125,27.760753631591797,,,,,
2025-06-12,,,,,,,,,,,,,,,,,,,,,370.74761962890625,41.75547790527344,,,,319.1099853515625,27.692184448242188,,,,,
2025-06-13,,,,,,,,,,,,,,,,,,,,,352.230224609375,41.61035919189453,,,,325.30999755859375,27.613819122314453,,,,,
2025-06-16,,,,,,,,,,,,,,,,,,,,,354.8556213378906,41.1169548034668,,,,329.1300048828125,27.3983154296875,,,,,
2025-06-17,,,,,,,,,,,,,,,,,,,,,357.2114562988281,40.48810577392578,,,,316.3500061035156,27.084856033325195,,,,,
2025-06-18,,,,,,,,,,,,,,,,,,,,,339.7821350097656,40.31396484375,,,,322.04998779296875,27.094650268554688,,,,,
2025-06-20,,,,,,,,,,,,,,,,,,,,,337.9753112792969,40.34299087524414,,,,322.1600036621094,27.202404022216797,,,,,
2025-06-23,,,,,,,,,,,,,,,,,,,,,343.1462097167969,40.98151397705078,,,,348.67999267578125,27.623615264892578,,,,,
2025-06-24,,,,,,,,,,,,,,,,,,,,,351.0123596191406,41.24272537231445,,,,340.4700012207031,27.701980590820312,,,,,
2025-06-25,,,,,,,,,,,,,,,,,,,,,344.653564453125,40.74932098388672,,,,327.54998779296875,27.349336624145508,,,,,
2025-06-26,,,,,,,,,,,,,,,,,,,,,345.4222106933594,40.72997283935547,,,,325.7799987792969,27.427703857421875,,,,,
2025-06-27,,,,,,,,,,,,,,,,,,,,,347.9976501464844,40.93313980102539,,,,323.6300048828125,27.506067276000977,,,,,
2025-06-30,,,,,,,,,,,,,,,,,,,,,354.4263610839844,41.86189651489258,,,,317.6600036621094,28.34848976135254,,,,,
2025-07-01,,,,,,,,,,,,,,,,,,,,,354.8456115722656,42.2585563659668,,,,300.7099914550781,28.289714813232422,,,,,
2025-07-02,,,,,,,,,,,,,,,,,,,,,353.5978088378906,42.171485900878906,,,,315.6499938964844,27.731365203857422,,,,,
2025-07-03,,,,,,,,,,,,,,,,,,,,,358.2296447753906,42.13278579711914,,,,315.3500061035156,27.780344009399414,,,,,
2025-07-07,,,,,,,,,,,,,,,,,,,,,356.0135803222656,41.40719223022461,,,,293.94000244140625,27.829322814941406,,,,,
2025-07-08,,,,,,,,,,,,,,,,,,,,,353.9272155761719,41.65873336791992,,,,297.80999755859375,27.711774826049805,,,,,
2025-07-09,,,,,,,,,,,,,,,,,,,,,357.1316223144531,41.2233772277832,,,,295.8800048828125,27.525657653808594,,,,,
2025-07-10,,,,,,,,,,,,,,,,,,,,,355.2549133300781,41.31971740722656,,,,309.8699951171875,27.3258113861084,,,,,
2025-07-11,,,,,,,,,,,,,,,,,,,,,347.31884765625,40.916648864746094,,,,313.510009765625,26.68273162841797,,,,,
2025-07-14,,,,,,,,,,,,,,,,,,,,,349.88433837890625,40.87732696533203,,,,316.8999938964844,26.870708465576172,,,,,
2025-07-15,,,,,,,,,,,,,,,,,,,,,346.41046142578125,40.5627326965332,,,,310.7799987792969,26.732200622558594,,,,,
2025-07-16,,,,,,,,,,,,,,,,,,,,,349.285400390625,40.55290222167969,,,,321.6700134277344,26.662946701049805,,,,,
2025-07-17,,,,,,,,,,,,,,,,,,,,,349.195556640625,40.257972717285156,,,,319.4100036621094,26.7025203704834,,,,,
2025-07-18,,,,,,,,,,,,,,,,,,,,,348.4368896484375,40.14982986450195,,,,329.6499938964844,26.653053283691406,,,,,
2025-07-21,,,,,,,,,,,,,,,,,,,,,350.3235778808594,41.771949768066406,,,,328.489990234375,27.08836555480957,,,,,
2025-07-22,,,,,,,,,,,,,,,,,,,,,351.241943359375,42.234004974365234,,,,332.1099853515625,27.127939224243164,,,,,
2025-07-23,,,,,,,,,,,,,,,,,,,,,354.66595458984375,42.116031646728516,,,,332.55999755859375,27.454425811767578,,,,,
2025-07-24,,,,,,,,,,,,,,,,,,,,,353.3482666015625,42.35197830200195,,,,305.29998779296875,27.62261390686035,,,,,
2025-07-25,,,,,,,,,,,,,,,,,,,,,356.4128723144531,42.35197830200195,,,,316.05999755859375,27.701763153076172,,,,,
2025-07-28,,,,,,,,,,,,,,,,,,,,,354.8456115722656,41.64414596557617,,,,325.5899963378906,27.30602264404297,,,,,
2025-07-29,,,,,,,,,,,,,,,,,,,,,350.6729736328125,41.98822784423828,,,,321.20001220703125,27.118045806884766,,,,,
2025-07-30,,,,,,,,,,,,,,,,,,,,,350.29364013671875,41.88008499145508,,,,319.0400085449219,27.207088470458984,,,,,
2025-07-31,,,,,,,,,,,,,,,,,,,,,344.8631896972656,42.037384033203125,,,,308.2699890136719,27.118045806884766,,,,,
2025-08-01,,,,,,,,,,,,,,,,,,,,,338.7539367675781,42.155357360839844,,,,302.6300048828125,27.454425811767578,,,,,
2025-08-04,,,,,,,,,,,,,,,,,,,,,341.54901123046875,42.22417449951172,,,,309.260009765625,27.385169982910156,,,,,
2025-08-05,,,,,,,,,,,,,,,,,,,,,336.8373107910156,41.94890213012695,,,,308.7200012207031,27.474212646484375,,,,,
2025-08-06,,,,,,,,,,,,,,,,,,,,,339.14324951171875,41.63431167602539,,,,319.9100036621094,27.197195053100586,,,,,
2025-08-07,,,,,,,,,,,,,,,,,,,,,331.5066833496094,42.22417449951172,,,,322.2699890136719,27.76112174987793,,,,,
2025-08-08,,,,,,,,,,,,,,,,,,,,,336.1884460449219,42.42079544067383,,,,329.6499938964844,27.78091049194336,,,,,
2025-08-11,,,,,,,,,,,,,,,,,,,,,335.30999755859375,42.450286865234375,,,,339.0299987792969,27.84027099609375,,,,,
2025-08-12,,,,,,,,,,,,,,,,,,,,,336.739990234375,42.51910400390625,,,,340.8399963378906,28.17664909362793,,,,,
2025-08-13,,,,,,,,,,,,,,,,,,,,,342.54998779296875,42.97132873535156,,,,339.3800048828125,28.097501754760742,,,,,
2025-08-14,,,,,,,,,,,,,,,,,,,,,345.489990234375,42.76487731933594,,,,335.5799865722656,28.44377326965332,,,,,
2025-08-15,,,,,,,,,,,,,,,,,,,,,344.4700012207031,43.492374420166016,,,,330.55999755859375,28.562496185302734,,,,,
2025-08-18,,,,,,,,,,,,,,,,,,,,,342.739990234375,43.63983917236328,,,,335.1600036621094,28.611963272094727,,,,,
2025-08-19,,,,,,,,,,,,,,,,,,,,,342.45001220703125,44.1805419921875,,,,329.30999755859375,28.671323776245117,,,,,
2025-08-20,,,,,,,,,,,,,,,,,,,,,343.92999267578125,44.29851531982422,,,,323.8999938964844,28.968128204345703,,,,,
2025-08-21,,,,,,,,,,,,,,,,,,,,,343.69000244140625,44.269020080566406,,,,320.1099853515625,29.12642478942871,,,,,
2025-08-22,,,,,,,,,,,,,,,,,,,,,350.0400085449219,43.68899154663086,,,,340.010009765625,28.46356201171875,,,,,
2025-08-25,,,,,,,,,,,,,,,,,,,,,348.82000732421875,43.482540130615234,,,,346.6000061035156,28.433879852294922,,,,,
2025-08-26,,,,,,,,,,,,,,,,,,,,,351.17999267578125,43.21710205078125,,,,351.6700134277344,28.255796432495117,,,,,
2025-08-27,,,,,,,,,,,,,,,,,,,,,350.3500061035156,43.52186584472656,,,,349.6000061035156,28.750471115112305,,,,,
2025-08-28,,,,,,,,,,,,,,,,,,,,,349.8599853515625,43.1876106262207,,,,345.9800109863281,28.631750106811523,,,,,
2025-08-29,,,,,,,,,,,,,,,,,,,,,351.7799987792969,43.482540130615234,,,,333.8699951171875,28.978023529052734,,,,,
2025-09-02,,,,,,,,,,,,,,,,,,,,,350.07000732421875,43.05980682373047,,,,329.3599853515625,28.7702579498291,,,,,
2025-09-03,,,,,,,,,,,,,,,,,,,,,350.8699951171875,43.000823974609375,,,,334.0899963378906,28.73068618774414,,,,,
2025-09-04,,,,,,,,,,,,,,,,,,,,,350.989990234375,43.433387756347656,,,,338.5299987792969,29.26493263244629,,,,,
2025-09-05,,,,,,,,,,,,,,,,,,,,,343.2200012207031,43.630008697509766,,,,350.8399963378906,29.274826049804688,,,,,
2025-09-08,,,,,,,,,,,,,,,,,,,,,342.29998779296875,42.587921142578125,,,,346.3999938964844,28.59217643737793,,,,,
2025-09-09,,,,,,,,,,,,,,,,,,,,,343.989990234375,42.83369445800781,,,,346.9700012207031,29.106637954711914,,,,,
2025-09-10,,,,,,,,,,,,,,,,,,,,,338.1199951171875,42.75505065917969,,,,347.7900085449219,28.888980865478516,,,,,
2025-09-11,,,,,,,,,,,,,,,,,,,,,343.489990234375,43.39406204223633,,,,368.80999755859375,29.175891876220703,,,,,
2025-09-12,,,,,,,,,,,,,,,,,,,,,339.42999267578125,43.22693634033203,,,,395.94000244140625,29.25503921508789,,,,,
2025-09-15,,,,,,,,,,,,,,,,,,,,,339.04998779296875,43.128623962402344,,,,410.0400085449219,29.304508209228516,,,,,
2025-09-16,,,,,,,,,,,,,,,,,,,,,340.0299987792969,43.000823974609375,,,,421.6199951171875,29.017595291137695,,,,,
2025-09-17,,,,,,,,,,,,,,,,,,,,,346.20001220703125,43.4628791809082,,,,425.8599853515625,29.225360870361328,,,,,
2025-09-18,,,,,,,,,,,,,,,,,,,,,338.17999267578125,42.932003021240234,,,,416.8500061035156,28.888980865478516,,,,,
2025-09-19,,,,,,,,,,,,,,,,,,,,,341.6099853515625,42.745216369628906,,,,426.07000732421875,28.701004028320312,,,,,
2025-09-22,,,,,,,,,,,,,,,,,,,,,344.3599853515625,42.430625915527344,,,,434.2099914550781,28.611963272094727,,,,,
2025-09-23,,,,,,,,,,,,,,,,,,,,,338.70001220703125,42.61741256713867,,,,425.8500061035156,28.483348846435547,,,,,
2025-09-24,,,,,,,,,,,,,,,,,,,,,338.67999267578125,42.450286865234375,,,,442.7900085449219,28.018354415893555,,,,,
2025-09-25,,,,,,,,,,,,,,,,,,,,,334.92999267578125,42.61741256713867,,,,423.3900146484375,27.998565673828125,,,,,
2025-09-26,,,,,,,,,,,,,,,,,,,,,337.3699951171875,42.87302017211914,,,,440.3999938964844,28.008459091186523,,,,,
2025-09-29,,,,,,,,,,,,,,,,,,,,,340.1600036621094,42.51910400390625,,,,443.2099914550781,27.77101707458496,,,,,
2025-09-30,,,,,,,,,,,,,,,,,,,,,341.3800048828125,43.207275390625,,,,444.7200012207031,27.939205169677734,,,,,
2025-10-01,,,,,,,,,,,,,,,,,,,,,347.8299865722656,43.08930206298828,,,,459.4599914550781,27.256553649902344,,,,,
2025-10-02,,,,,,,,,,,,,,,,,,,,,345.95001220703125,42.666568756103516,,,,436.0,26.722307205200195,,,,,
2025-10-03,,,,,,,,,,,,,,,,,,,,,349.8399963378906,42.932003021240234,,,,429.8299865722656,26.771774291992188,,,,,
2025-10-06,,,,,,,,,,,,,,,,,,,,,349.2799987792969,40.739688873291016,,,,453.25,25.594449996948242,,,,,
2025-10-07,,,,,,,,,,,,,,,,,,,,,352.4200134277344,40.70036697387695,,,,433.0899963378906,25.88136100769043,,,,,
2025-10-08,,,,,,,,,,,,,,,,,,,,,351.3599853515625,40.62171936035156,,,,438.69000244140625,25.970401763916016,,,,,
2025-10-09,,,,,,,,,,,,,,,,,,,,,347.0400085449219,40.1400032043457,,,,435.5400085449219,25.82200050354004,,,,,
2025-10-10,,,,,,,,,,,,,,,,,,,,,343.6499938964844,39.849998474121094,,,,413.489990234375,25.8700008392334,,,,,
2025-10-13,,,,,,,,,,,,,,,,,,,,,343.29998779296875,39.75,,,,435.8999938964844,25.59000015258789,,,,,
2025-10-14,,,,,,,,,,,,,,,,,,,,,348.3800048828125,40.54999923706055,,,,429.239990234375,26.1299991607666,,,,,
2025-10-15,,,,,,,,,,,,,,,,,,,,,345.69000244140625,40.380001068115234,,,,435.1499938964844,26.06999969482422,,,,,
2025-10-16,,,,,,,,,,,,,,,,,,,,,335.3999938964844,40.36000061035156,,,,428.75,26.200000762939453,,,,,
