Date,AAPL,MSFT,GOOGL,AMZN,META,NVDA,JPM,BAC,WFC,XOM,CVX,JNJ,PFE,PG,KO,DIS,NFLX,TSLA,INTC,CSCO,V,V,MA,HD,NKE,T,T,VZ,IBM,ORCL,PEP,MCD
2020-01-08,,,,,,,,,,,,,,,,,,,,,184.3173828125,42.39800262451172,,,,32.80933380126953,19.458425521850586,,,,,
2020-01-09,,,,,,,,,,,,,,,,,,,,,185.5947265625,42.22222137451172,,,,32.089332580566406,19.51802635192871,,,,,
2020-01-10,,,,,,,,,,,,,,,,,,,,,186.09408569335938,42.32267379760742,,,,31.876667022705078,19.40232276916504,,,,,
2020-01-13,,,,,,,,,,,,,,,,,,,,,187.59231567382812,42.437461853027344,,,,34.990665435791016,19.165895462036133,,,,,
2020-01-14,,,,,,,,,,,,,,,,,,,,,188.28384399414062,42.358543395996094,,,,35.861331939697266,19.160863876342773,,,,,
2020-01-15,,,,,,,,,,,,,,,,,,,,,191.88522338867188,42.40159225463867,,,,34.56666564941406,19.05019760131836,,,,,
2020-01-16,,,,,,,,,,,,,,,,,,,,,192.9896697998047,42.8105354309082,,,,34.232666015625,19.130680084228516,,,,,
2020-01-17,,,,,,,,,,,,,,,,,,,,,196.59109497070312,43.14057540893555,,,,34.03333282470703,19.306745529174805,,,,,
2020-01-21,,,,,,,,,,,,,,,,,,,,,199.07852172851562,43.27688217163086,,,,36.47999954223633,19.377172470092773,,,,,
2020-01-22,,,,,,,,,,,,,,,,,,,,,199.6643524169922,43.39167785644531,,,,37.97066879272461,19.63875389099121,,,,,
2020-01-23,,,,,,,,,,,,,,,,,,,,,198.3390350341797,43.41320037841797,,,,38.14666748046875,19.432506561279297,,,,,
2020-01-24,,,,,,,,,,,,,,,,,,,,,196.87928771972656,43.2481803894043,,,,37.654666900634766,19.367111206054688,,,,,
2020-01-27,,,,,,,,,,,,,,,,,,,,,193.70037841796875,42.98271942138672,,,,37.201332092285156,19.241352081298828,,,,,
2020-01-28,,,,,,,,,,,,,,,,,,,,,194.8143768310547,43.54951858520508,,,,37.793331146240234,19.407352447509766,,,,,
2020-01-29,,,,,,,,,,,,,,,,,,,,,196.74478149414062,42.710086822509766,,,,38.732666015625,18.637699127197266,,,,,
2020-01-30,,,,,,,,,,,,,,,,,,,,,199.96209716796875,42.58812713623047,,,,42.72066879272461,18.828859329223633,,,,,
2020-01-31,,,,,,,,,,,,,,,,,,,,,191.08810424804688,42.64552688598633,,,,43.371334075927734,18.924436569213867,,,,,
2020-02-03,,,,,,,,,,,,,,,,,,,,,192.855224609375,41.64825439453125,,,,52.0,18.59242820739746,,,,,
2020-02-04,,,,,,,,,,,,,,,,,,,,,195.49627685546875,41.82044982910156,,,,59.137332916259766,18.929462432861328,,,,,
2020-02-05,,,,,,,,,,,,,,,,,,,,,194.77598571777344,42.42311096191406,,,,48.97999954223633,19.0200138092041,,,,,
2020-02-06,,,,,,,,,,,,,,,,,,,,,194.9968719482422,42.64552688598633,,,,49.930667877197266,19.336929321289062,,,,,
2020-02-07,,,,,,,,,,,,,,,,,,,,,194.7087860107422,43.004249572753906,,,,49.871334075927734,19.34195899963379,,,,,
2020-02-10,,,,,,,,,,,,,,,,,,,,,197.8300323486328,43.21949768066406,,,,51.41866683959961,19.286623001098633,,,,,
2020-02-11,,,,,,,,,,,,,,,,,,,,,195.86123657226562,42.107425689697266,,,,51.62533187866211,19.201107025146484,,,,,
2020-02-12,,,,,,,,,,,,,,,,,,,,,199.22259521484375,41.77740478515625,,,,51.15266799926758,19.135711669921875,,,,,
2020-02-13,,,,,,,,,,,,,,,,,,,,,199.47265625,42.078731536865234,,,,53.599998474121094,19.271533966064453,,,,,
2020-02-14,,,,,,,,,,,,,,,,,,,,,202.25213623046875,41.97828674316406,,,,53.33533477783203,19.241352081298828,,,,,
2020-02-18,,,,,,,,,,,,,,,,,,,,,203.1273956298828,41.54782485961914,,,,57.22666549682617,19.246381759643555,,,,,
2020-02-19,,,,,,,,,,,,,,,,,,,,,205.15676879882812,41.770225524902344,,,,61.16133117675781,19.336929321289062,,,,,
2020-02-20,,,,,,,,,,,,,,,,,,,,,203.3678436279297,41.67695999145508,,,,59.96066665649414,19.42244529724121,,,,,
2020-02-21,,,,,,,,,,,,,,,,,,,,,200.82876586914062,41.75587844848633,,,,60.06666564941406,19.392263412475586,,,,,
2020-02-24,,,,,,,,,,,,,,,,,,,,,191.1917724609375,41.605220794677734,,,,55.58599853515625,19.1407413482666,,,,,
2020-02-25,,,,,,,,,,,,,,,,,,,,,181.19886779785156,40.98102951049805,,,,53.32733154296875,18.78860855102539,,,,,
2020-02-26,,,,,,,,,,,,,,,,,,,,,180.05433654785156,40.99537658691406,,,,51.91999816894531,18.662853240966797,,,,,
2020-02-27,,,,,,,,,,,,,,,,,,,,,173.12954711914062,39.5030632019043,,,,45.266666412353516,17.973684310913086,,,,,
2020-02-28,,,,,,,,,,,,,,,,,,,,,174.8126983642578,38.85736083984375,,,,44.53266525268555,17.717134475708008,,,,,
2020-03-02,,,,,,,,,,,,,,,,,,,,,184.97865295410156,41.12451934814453,,,,49.574668884277344,18.703096389770508,,,,,
2020-03-03,,,,,,,,,,,,,,,,,,,,,178.6309356689453,39.962249755859375,,,,49.70066833496094,18.260419845581055,,,,,
2020-03-04,,,,,,,,,,,,,,,,,,,,,186.86375427246094,41.698482513427734,,,,49.96666717529297,19.206140518188477,,,,,
2020-03-05,,,,,,,,,,,,,,,,,,,,,179.81390380859375,41.009735107421875,,,,48.30266571044922,18.703096389770508,,,,,
2020-03-06,,,,,,,,,,,,,,,,,,,,,177.3133087158203,40.80166244506836,,,,46.89866638183594,18.627643585205078,,,,,
2020-03-09,,,,,,,,,,,,,,,,,,,,,164.5889892578125,40.05551528930664,,,,40.53333282470703,17.450519561767578,,,,,
2020-03-10,,,,,,,,,,,,,,,,,,,,,175.62057495117188,40.550559997558594,,,,43.02199935913086,18.0340518951416,,,,,
2020-03-11,,,,,,,,,,,,,,,,,,,,,166.33941650390625,39.33805847167969,,,,42.28200149536133,17.365009307861328,,,,,
2020-03-12,,,,,,,,,,,,,,,,,,,,,153.96133422851562,36.733699798583984,,,,37.369998931884766,15.760303497314453,,,,,
2020-03-13,,,,,,,,,,,,,,,,,,,,,169.10934448242188,38.86453628540039,,,,36.44133377075195,17.339853286743164,,,,,
2020-03-16,,,,,,,,,,,,,,,,,,,,,146.19976806640625,36.58302688598633,,,,29.67133331298828,16.00176429748535,,,,,
2020-03-17,,,,,,,,,,,,,,,,,,,,,151.85504150390625,38.96498107910156,,,,28.68000030517578,16.972631454467773,,,,,
2020-03-18,,,,,,,,,,,,,,,,,,,,,142.80471801757812,38.9721565246582,,,,24.08133316040039,16.524925231933594,,,,,
2020-03-19,,,,,,,,,,,,,,,,,,,,,146.4306182861328,38.469932556152344,,,,28.50933265686035,15.669753074645996,,,,,
2020-03-20,,,,,,,,,,,,,,,,,,,,,141.2177734375,37.16416549682617,,,,28.50200080871582,14.311539649963379,,,,,
2020-03-23,,,,,,,,,,,,,,,,,,,,,130.5516815185547,36.09516143798828,,,,28.952667236328125,13.466425895690918,,,,,
2020-03-24,,,,,,,,,,,,,,,,,,,,,148.6234893798828,35.86557388305664,,,,33.66666793823242,14.130446434020996,,,,,
2020-03-25,,,,,,,,,,,,,,,,,,,,,155.59634399414062,35.82970428466797,,,,35.95000076293945,14.28639030456543,,,,,
2020-03-26,,,,,,,,,,,,,,,,,,,,,162.42501831054688,38.412540435791016,,,,35.21066665649414,15.39307975769043,,,,,
2020-03-27,,,,,,,,,,,,,,,,,,,,,155.384765625,37.8600959777832,,,,34.29066848754883,15.010770797729492,,,,,
2020-03-30,,,,,,,,,,,,,,,,,,,,,159.2415008544922,39.29500961303711,,,,33.47533416748047,15.206957817077637,,,,,
2020-03-31,,,,,,,,,,,,,,,,,,,,,154.96157836914062,38.54885482788086,,,,34.93333435058594,14.663673400878906,,,,,
2020-04-01,,,,,,,,,,,,,,,,,,,,,147.2577362060547,37.96772384643555,,,,32.104000091552734,14.110326766967773,,,,,
2020-04-02,,,,,,,,,,,,,,,,,,,,,151.3741455078125,39.63938522338867,,,,30.29800033569336,14.467483520507812,,,,,
2020-04-03,,,,,,,,,,,,,,,,,,,,,146.04588317871094,39.24479293823242,,,,32.000667572021484,13.813530921936035,,,,,
2020-04-06,,,,,,,,,,,,,,,,,,,,,162.96356201171875,40.679691314697266,,,,34.41600036621094,14.809551239013672,,,,,
2020-04-07,,,,,,,,,,,,,,,,,,,,,162.14605712890625,40.880592346191406,,,,36.36333465576172,15.13149642944336,,,,,
2020-04-08,,,,,,,,,,,,,,,,,,,,,168.2533721923828,41.46889877319336,,,,36.589332580566406,15.388132095336914,,,,,
2020-04-09,,,,,,,,,,,,,,,,,,,,,167.05116271972656,41.65380859375,,,,38.20000076293945,15.820582389831543,,,,,
2020-04-13,,,,,,,,,,,,,,,,,,,,,162.53079223632812,41.095436096191406,,,,43.39666748046875,15.54257869720459,,,,,
2020-04-14,,,,,,,,,,,,,,,,,,,,,167.9456024169922,42.161434173583984,,,,47.32600021362305,16.026512145996094,,,,,
2020-04-15,,,,,,,,,,,,,,,,,,,,,159.61660766601562,41.28398132324219,,,,48.65533447265625,15.491098403930664,,,,,
2020-04-16,,,,,,,,,,,,,,,,,,,,,156.21188354492188,41.813358306884766,,,,49.680667877197266,15.52713394165039,,,,,
2020-04-17,,,,,,,,,,,,,,,,,,,,,163.05972290039062,42.393489837646484,,,,50.259334564208984,16.07799530029297,,,,,
2020-04-20,,,,,,,,,,,,,,,,,,,,,157.94308471679688,42.154178619384766,,,,49.75733184814453,15.949287414550781,,,,,
2020-04-21,,,,,,,,,,,,,,,,,,,,,154.39413452148438,41.20420837402344,,,,45.781333923339844,15.37783432006836,,,,,
2020-04-22,,,,,,,,,,,,,,,,,,,,,160.22247314453125,42.05265808105469,,,,48.807334899902344,15.171903610229492,,,,,
2020-04-23,,,,,,,,,,,,,,,,,,,,,160.02052307128906,41.762596130371094,,,,47.04199981689453,15.187346458435059,,,,,
2020-04-24,,,,,,,,,,,,,,,,,,,,,160.9246368408203,42.0091552734375,,,,48.34333419799805,15.295462608337402,,,,,
2020-04-27,,,,,,,,,,,,,,,,,,,,,165.1948699951172,41.922122955322266,,,,53.25,15.72276496887207,,,,,
2020-04-28,,,,,,,,,,,,,,,,,,,,,164.70437622070312,41.93663024902344,,,,51.27466583251953,15.779398918151855,,,,,
2020-04-29,,,,,,,,,,,,,,,,,,,,,174.841552734375,42.14693069458008,,,,53.367332458496094,16.180957794189453,,,,,
2020-04-30,,,,,,,,,,,,,,,,,,,,,171.88885498046875,41.661075592041016,,,,52.12533187866211,15.686725616455078,,,,,
2020-05-01,,,,,,,,,,,,,,,,,,,,,168.8592987060547,41.211463928222656,,,,46.75466537475586,15.393280982971191,,,,,
2020-05-04,,,,,,,,,,,,,,,,,,,,,169.4170684814453,40.78361892700195,,,,50.74599838256836,15.238832473754883,,,,,
2020-05-05,,,,,,,,,,,,,,,,,,,,,171.61961364746094,40.97940444946289,,,,51.2140007019043,15.310908317565918,,,,,
2020-05-06,,,,,,,,,,,,,,,,,,,,,171.9465789794922,40.3485107421875,,,,52.172000885009766,14.821820259094238,,,,,
2020-05-07,,,,,,,,,,,,,,,,,,,,,175.73599243164062,40.30500030517578,,,,52.00266647338867,14.873303413391113,,,,,
2020-05-08,,,,,,,,,,,,,,,,,,,,,178.01539611816406,41.33475112915039,,,,54.62799835205078,15.336647033691406,,,,,
2020-05-11,,,,,,,,,,,,,,,,,,,,,176.54388427734375,40.89964294433594,,,,54.08599853515625,15.125569343566895,,,,,
2020-05-12,,,,,,,,,,,,,,,,,,,,,172.61016845703125,40.21798324584961,,,,53.96066665649414,14.873303413391113,,,,,
2020-05-13,,,,,,,,,,,,,,,,,,,,,170.60635375976562,39.77562713623047,,,,52.73066711425781,14.461443901062012,,,,,
2020-05-14,,,,,,,,,,,,,,,,,,,,,174.27688598632812,39.81913375854492,,,,53.55533218383789,14.71371078491211,,,,,
2020-05-15,,,,,,,,,,,,,,,,,,,,,176.77203369140625,39.674102783203125,,,,53.27799987792969,14.574706077575684,,,,,
2020-05-18,,,,,,,,,,,,,,,,,,,,,184.3731689453125,40.406524658203125,,,,54.242000579833984,15.161603927612305,,,,,
2020-05-19,,,,,,,,,,,,,,,,,,,,,182.42713928222656,39.43479919433594,,,,53.867332458496094,14.909341812133789,,,,,
2020-05-20,,,,,,,,,,,,,,,,,,,,,186.76235961914062,39.3477668762207,,,,54.37066650390625,15.233682632446289,,,,,
2020-05-21,,,,,,,,,,,,,,,,,,,,,183.64100646972656,39.137474060058594,,,,55.17333221435547,15.326350212097168,,,,,
2020-05-22,,,,,,,,,,,,,,,,,,,,,183.87220764160156,39.23173904418945,,,,54.45866775512695,15.382981300354004,,,,,
2020-05-26,,,,,,,,,,,,,,,,,,,,,186.14578247070312,39.37678909301758,,,,54.591331481933594,15.866918563842773,,,,,
2020-05-27,,,,,,,,,,,,,,,,,,,,,185.76048278808594,39.98591995239258,,,,54.68199920654297,16.397188186645508,,,,,
2020-05-28,,,,,,,,,,,,,,,,,,,,,187.1477813720703,40.406524658203125,,,,53.72066879272461,15.990472793579102,,,,,
2020-05-29,,,,,,,,,,,,,,,,,,,,,188.09182739257812,41.61030960083008,,,,55.66666793823242,15.887514114379883,,,,,
2020-06-01,,,,,,,,,,,,,,,,,,,,,187.23440551757812,40.450035095214844,,,,59.87333297729492,15.923547744750977,,,,,
2020-06-02,,,,,,,,,,,,,,,,,,,,,189.17088317871094,40.89964294433594,,,,58.770668029785156,15.954434394836426,,,,,
2020-06-03,,,,,,,,,,,,,,,,,,,,,189.66217041015625,41.211463928222656,,,,58.86399841308594,16.222143173217773,,,,,
2020-06-04,,,,,,,,,,,,,,,,,,,,,186.55044555664062,41.4942741394043,,,,57.62533187866211,16.371448516845703,,,,,
2020-06-05,,,,,,,,,,,,,,,,,,,,,192.30181884765625,41.871360778808594,,,,59.04399871826172,16.87082290649414,,,,,
2020-06-08,,,,,,,,,,,,,,,,,,,,,192.2921905517578,42.125179290771484,,,,63.327999114990234,17.10764503479004,,,,,
2020-06-09,,,,,,,,,,,,,,,,,,,,,191.791259765625,41.95838928222656,,,,62.711334228515625,16.793603897094727,,,,,
2020-06-10,,,,,,,,,,,,,,,,,,,,,193.1400146484375,42.096168518066406,,,,68.336669921875,16.546485900878906,,,,,
2020-06-11,,,,,,,,,,,,,,,,,,,,,181.96473693847656,40.9359016418457,,,,64.85600280761719,15.532280921936035,,,,,
2020-06-12,,,,,,,,,,,,,,,,,,,,,185.22097778320312,40.99391174316406,,,,62.35200119018555,15.702173233032227,,,,,
2020-06-15,,,,,,,,,,,,,,,,,,,,,184.73927307128906,40.718345642089844,,,,66.05999755859375,15.702173233032227,,,,,
2020-06-16,,,,,,,,,,,,,,,,,,,,,185.81825256347656,41.2767219543457,,,,65.47533416748047,15.846321105957031,,,,,
2020-06-17,,,,,,,,,,,,,,,,,,,,,186.47337341308594,41.0809326171875,,,,66.11933135986328,15.578615188598633,,,,,
2020-06-18,,,,,,,,,,,,,,,,,,,,,186.810546875,41.254974365234375,,,,66.9306640625,15.62495231628418,,,,,
2020-06-19,,,,,,,,,,,,,,,,,,,,,185.16314697265625,40.72560119628906,,,,66.72666931152344,15.604354858398438,,,,,
2020-06-22,,,,,,,,,,,,,,,,,,,,,187.8220977783203,40.363006591796875,,,,66.28800201416016,15.501388549804688,,,,,
2020-06-23,,,,,,,,,,,,,,,,,,,,,190.721923828125,39.84089279174805,,,,66.78533172607422,15.573464393615723,,,,,
2020-06-24,,,,,,,,,,,,,,,,,,,,,184.4020538330078,39.10846710205078,,,,64.0566635131836,15.146162033081055,,,,,
2020-06-25,,,,,,,,,,,,,,,,,,,,,186.8779296875,39.36227798461914,,,,65.73200225830078,15.300609588623047,,,,,
2020-06-26,,,,,,,,,,,,,,,,,,,,,182.34042358398438,38.550086975097656,,,,63.982666015625,14.971120834350586,,,,,
2020-06-29,,,,,,,,,,,,,,,,,,,,,184.3731689453125,39.65958786010742,,,,67.29000091552734,15.398427963256836,,,,,
2020-06-30,,,,,,,,,,,,,,,,,,,,,186.09767150878906,39.978668212890625,,,,71.98733520507812,15.563172340393066,,,,,
2020-07-01,,,,,,,,,,,,,,,,,,,,,186.68528747558594,39.64509201049805,,,,74.64199829101562,15.393280982971191,,,,,
2020-07-02,,,,,,,,,,,,,,,,,,,,,188.506103515625,39.73211669921875,,,,80.57733154296875,15.485943794250488,,,,,
2020-07-06,,,,,,,,,,,,,,,,,,,,,190.51959228515625,40.058441162109375,,,,91.43866729736328,15.697025299072266,,,,,
2020-07-07,,,,,,,,,,,,,,,,,,,,,187.08993530273438,39.91341018676758,,,,92.65733337402344,15.609506607055664,,,,,
2020-07-08,,,,,,,,,,,,,,,,,,,,,187.92807006835938,40.15997314453125,,,,91.05867004394531,15.681580543518066,,,,,
2020-07-09,,,,,,,,,,,,,,,,,,,,,185.17283630371094,39.554988861083984,,,,92.9520034790039,15.559630393981934,,,,,
2020-07-10,,,,,,,,,,,,,,,,,,,,,185.50033569335938,39.95831298828125,,,,102.97666931152344,15.870405197143555,,,,,
2020-07-13,,,,,,,,,,,,,,,,,,,,,182.09959411621094,39.92897415161133,,,,99.80400085449219,15.675508499145508,,,,,
2020-07-14,,,,,,,,,,,,,,,,,,,,,186.25177001953125,40.65495300292969,,,,101.12000274658203,15.780861854553223,,,,,
2020-07-15,,,,,,,,,,,,,,,,,,,,,189.35389709472656,40.37628936767578,,,,103.06732940673828,15.8071928024292,,,,,
2020-07-16,,,,,,,,,,,,,,,,,,,,,186.41558837890625,40.9042854309082,,,,100.04266357421875,16.007352828979492,,,,,
2020-07-17,,,,,,,,,,,,,,,,,,,,,187.94735717773438,41.28561019897461,,,,100.05599975585938,15.933608055114746,,,,,
2020-07-20,,,,,,,,,,,,,,,,,,,,,191.20355224609375,40.970279693603516,,,,109.53333282470703,15.722918510437012,,,,,
2020-07-21,,,,,,,,,,,,,,,,,,,,,189.28643798828125,40.948280334472656,,,,104.55733489990234,15.933608055114746,,,,,
2020-07-22,,,,,,,,,,,,,,,,,,,,,191.57931518554688,40.882286071777344,,,,106.15533447265625,15.886204719543457,,,,,
2020-07-23,,,,,,,,,,,,,,,,,,,,,190.20164489746094,40.95561599731445,,,,100.87133026123047,15.74925708770752,,,,,
2020-07-24,,,,,,,,,,,,,,,,,,,,,188.00514221191406,41.68892288208008,,,,94.46666717529297,15.575433731079102,,,,,
2020-07-27,,,,,,,,,,,,,,,,,,,,,189.70069885253906,41.70359420776367,,,,102.63999938964844,15.427950859069824,,,,,
2020-07-28,,,,,,,,,,,,,,,,,,,,,189.53697204589844,42.15091323852539,,,,98.43267059326172,15.638640403747559,,,,,
2020-07-29,,,,,,,,,,,,,,,,,,,,,191.3095703125,42.12891387939453,,,,99.94066619873047,15.570167541503906,,,,,
2020-07-30,,,,,,,,,,,,,,,,,,,,,186.9550323486328,42.01891326904297,,,,99.16600036621094,15.575433731079102,,,,,
2020-07-31,,,,,,,,,,,,,,,,,,,,,183.4290008544922,42.15091323852539,,,,95.38400268554688,15.58070182800293,,,,,
2020-08-03,,,,,,,,,,,,,,,,,,,,,183.7084503173828,41.974918365478516,,,,99.0,15.601768493652344,,,,,
2020-08-04,,,,,,,,,,,,,,,,,,,,,185.24981689453125,42.466243743896484,,,,99.13333129882812,15.8071928024292,,,,,
2020-08-05,,,,,,,,,,,,,,,,,,,,,188.92034912109375,42.19491195678711,,,,99.00133514404297,15.722918510437012,,,,,
2020-08-06,,,,,,,,,,,,,,,,,,,,,191.49264526367188,42.407569885253906,,,,99.30533599853516,15.717652320861816,,,,,
2020-08-07,,,,,,,,,,,,,,,,,,,,,189.17088317871094,42.9208984375,,,,96.84733581542969,15.81246280670166,,,,,
2020-08-10,,,,,,,,,,,,,,,,,,,,,189.58509826660156,43.25822067260742,,,,94.57133483886719,15.907271385192871,,,,,
2020-08-11,,,,,,,,,,,,,,,,,,,,,190.52923583984375,42.906219482421875,,,,91.6259994506836,15.907271385192871,,,,,
2020-08-12,,,,,,,,,,,,,,,,,,,,,191.46372985839844,42.97222137451172,,,,103.65066528320312,15.896737098693848,,,,,
2020-08-13,,,,,,,,,,,,,,,,,,,,,190.63394165039062,42.9135627746582,,,,108.06666564941406,15.754522323608398,,,,,
2020-08-14,,,,,,,,,,,,,,,,,,,,,189.72698974609375,43.11155700683594,,,,110.04733276367188,15.8071928024292,,,,,
2020-08-17,,,,,,,,,,,,,,,,,,,,,192.41888427734375,43.10422134399414,,,,122.3759994506836,15.722918510437012,,,,,
2020-08-18,,,,,,,,,,,,,,,,,,,,,192.01364135742188,43.397552490234375,,,,125.80599975585938,15.691312789916992,,,,,
2020-08-19,,,,,,,,,,,,,,,,,,,,,193.92408752441406,43.30221939086914,,,,125.23533630371094,15.659706115722656,,,,,
2020-08-20,,,,,,,,,,,,,,,,,,,,,196.97293090820312,43.23622131347656,,,,133.45533752441406,15.628106117248535,,,,,
2020-08-21,,,,,,,,,,,,,,,,,,,,,196.9536895751953,43.25822067260742,,,,136.6653289794922,15.638640403747559,,,,,
2020-08-24,,,,,,,,,,,,,,,,,,,,,199.15353393554688,43.683536529541016,,,,134.27999877929688,15.817728996276855,,,,,
2020-08-25,,,,,,,,,,,,,,,,,,,,,200.78411865234375,43.57353591918945,,,,134.8893280029297,15.74925708770752,,,,,
2020-08-26,,,,,,,,,,,,,,,,,,,,,202.8681640625,43.60287857055664,,,,143.54466247558594,15.79665756225586,,,,,
2020-08-27,,,,,,,,,,,,,,,,,,,,,203.61109924316406,43.580875396728516,,,,149.25,15.74925708770752,,,,,
2020-08-28,,,,,,,,,,,,,,,,,,,,,208.1265411376953,43.45621871948242,,,,147.55999755859375,15.822999000549316,,,,,
2020-08-31,,,,,,,,,,,,,,,,,,,,,204.537353515625,43.46354675292969,,,,166.10667419433594,15.701847076416016,,,,,
2020-09-01,,,,,,,,,,,,,,,,,,,,,205.84951782226562,43.38288497924805,,,,158.35000610351562,15.522761344909668,,,,,
2020-09-02,,,,,,,,,,,,,,,,,,,,,208.86952209472656,44.38751983642578,,,,149.1233367919922,15.64391040802002,,,,,
2020-09-03,,,,,,,,,,,,,,,,,,,,,201.61390686035156,44.446189880371094,,,,135.6666717529297,15.585968017578125,,,,,
2020-09-04,,,,,,,,,,,,,,,,,,,,,197.46505737304688,44.350860595703125,,,,139.44000244140625,15.496423721313477,,,,,
2020-09-08,,,,,,,,,,,,,,,,,,,,,193.08462524414062,43.969539642333984,,,,110.06999969482422,15.543829917907715,,,,,
2020-09-09,,,,,,,,,,,,,,,,,,,,,196.8861541748047,44.0281982421875,,,,122.09333038330078,15.470087051391602,,,,,
2020-09-10,,,,,,,,,,,,,,,,,,,,,194.4546661376953,43.654212951660156,,,,123.77999877929688,15.227785110473633,,,,,
2020-09-11,,,,,,,,,,,,,,,,,,,,,193.6249542236328,43.844871520996094,,,,124.23999786376953,15.275198936462402,,,,,
2020-09-14,,,,,,,,,,,,,,,,,,,,,197.77377319335938,44.233524322509766,,,,139.8733367919922,15.348938941955566,,,,,
2020-09-15,,,,,,,,,,,,,,,,,,,,,198.1693572998047,44.43885803222656,,,,149.9199981689453,15.338403701782227,,,,,
2020-09-16,,,,,,,,,,,,,,,,,,,,,197.9185028076172,44.270198822021484,,,,147.25332641601562,15.401607513427734,,,,,
2020-09-17,,,,,,,,,,,,,,,,,,,,,198.05361938476562,44.43152618408203,,,,141.14332580566406,15.312067031860352,,,,,
2020-09-18,,,,,,,,,,,,,,,,,,,,,195.4871368408203,44.255523681640625,,,,147.38333129882812,15.238327026367188,,,,,
2020-09-21,,,,,,,,,,,,,,,,,,,,,190.50852966308594,43.71287155151367,,,,149.79666137695312,15.080307960510254,,,,,
2020-09-22,,,,,,,,,,,,,,,,,,,,,193.50918579101562,43.86687088012695,,,,141.41000366210938,15.01710033416748,,,,,
2020-09-23,,,,,,,,,,,,,,,,,,,,,188.50161743164062,43.19955825805664,,,,126.78666687011719,14.679987907409668,,,,,
2020-09-24,,,,,,,,,,,,,,,,,,,,,188.64637756347656,43.40488815307617,,,,129.26333618164062,14.76953125,,,,,
2020-09-25,,,,,,,,,,,,,,,,,,,,,190.31552124023438,43.55154800415039,,,,135.77999877929688,14.76953125,,,,,
2020-09-28,,,,,,,,,,,,,,,,,,,,,193.27764892578125,43.5295524597168,,,,140.39999389648438,14.948622703552246,,,,,
2020-09-29,,,,,,,,,,,,,,,,,,,,,192.42852783203125,43.441551208496094,,,,139.69000244140625,14.906482696533203,,,,,
2020-09-30,,,,,,,,,,,,,,,,,,,,,192.93991088867188,43.6248779296875,,,,143.00332641601562,15.01710033416748,,,,,
2020-10-01,,,,,,,,,,,,,,,,,,,,,196.20106506347656,43.595542907714844,,,,149.3866729736328,15.006566047668457,,,,,
2020-10-02,,,,,,,,,,,,,,,,,,,,,194.3775634765625,43.441551208496094,,,,138.3633270263672,15.106645584106445,,,,,
2020-10-05,,,,,,,,,,,,,,,,,,,,,196.38442993164062,43.74953079223633,,,,141.89332580566406,15.101373672485352,,,,,
2020-10-06,,,,,,,,,,,,,,,,,,,,,193.40304565429688,43.60287857055664,,,,137.9933319091797,15.122443199157715,,,,,
2020-10-07,,,,,,,,,,,,,,,,,,,,,195.35202026367188,43.71287155151367,,,,141.76666259765625,15.169851303100586,,,,,
2020-10-08,,,,,,,,,,,,,,,,,,,,,195.84410095214844,43.86703109741211,,,,141.97332763671875,15.438847541809082,,,,,
2020-10-09,,,,,,,,,,,,,,,,,,,,,199.37539672851562,43.970787048339844,,,,144.6666717529297,15.282353401184082,,,,,
2020-10-12,,,,,,,,,,,,,,,,,,,,,199.14385986328125,44.13382339477539,,,,147.43333435058594,15.179819107055664,,,,,
2020-10-13,,,,,,,,,,,,,,,,,,,,,197.13697814941406,43.99302673339844,,,,148.88333129882812,14.974761962890625,,,,,
2020-10-14,,,,,,,,,,,,,,,,,,,,,195.0915069580078,43.303775787353516,,,,153.76666259765625,14.834460258483887,,,,,
2020-10-15,,,,,,,,,,,,,,,,,,,,,192.5347137451172,43.103675842285156,,,,149.6266632080078,14.812874794006348,,,,,
2020-10-16,,,,,,,,,,,,,,,,,,,,,193.21969604492188,43.02214431762695,,,,146.55667114257812,14.748117446899414,,,,,
2020-10-19,,,,,,,,,,,,,,,,,,,,,190.04534912109375,42.4662971496582,,,,143.61000061035156,14.505285263061523,,,,,
2020-10-20,,,,,,,,,,,,,,,,,,,,,190.7497100830078,42.42925262451172,,,,140.64666748046875,14.440526962280273,,,,,
2020-10-21,,,,,,,,,,,,,,,,,,,,,191.45407104492188,42.05868911743164,,,,140.8800048828125,14.41894245147705,,,,,
2020-10-22,,,,,,,,,,,,,,,,,,,,,191.02952575683594,42.48854446411133,,,,141.92999267578125,15.260767936706543,,,,,
2020-10-23,,,,,,,,,,,,,,,,,,,,,191.04881286621094,42.9554443359375,,,,140.2100067138672,15.01253890991211,,,,,
2020-10-26,,,,,,,,,,,,,,,,,,,,,186.28248596191406,42.844276428222656,,,,140.0933380126953,14.775097846984863,,,,,
2020-10-27,,,,,,,,,,,,,,,,,,,,,183.37832641601562,42.52560043334961,,,,141.55999755859375,14.526870727539062,,,,,
2020-10-28,,,,,,,,,,,,,,,,,,,,,174.51136779785156,41.73259353637695,,,,135.33999633789062,14.30022144317627,,,,,
2020-10-29,,,,,,,,,,,,,,,,,,,,,178.37078857421875,42.06610107421875,,,,136.94332885742188,14.440526962280273,,,,,
2020-10-30,,,,,,,,,,,,,,,,,,,,,175.32188415527344,42.23655700683594,,,,129.34666442871094,14.580829620361328,,,,,
2020-11-02,,,,,,,,,,,,,,,,,,,,,178.24533081054688,42.76275634765625,,,,133.50332641601562,14.753511428833008,,,,,
2020-11-03,,,,,,,,,,,,,,,,,,,,,181.71876525878906,42.79981994628906,,,,141.3000030517578,14.818270683288574,,,,,
2020-11-04,,,,,,,,,,,,,,,,,,,,,187.15081787109375,42.40701675415039,,,,140.32666015625,14.59162425994873,,,,,
2020-11-05,,,,,,,,,,,,,,,,,,,,,190.6918182373047,43.09626770019531,,,,146.02999877929688,14.845253944396973,,,,,
2020-11-06,,,,,,,,,,,,,,,,,,,,,191.49266052246094,43.377891540527344,,,,143.31666564941406,14.807475090026855,,,,,
2020-11-09,,,,,,,,,,,,,,,,,,,,,205.20310974121094,44.3487548828125,,,,140.4199981689453,15.27155876159668,,,,,
2020-11-10,,,,,,,,,,,,,,,,,,,,,205.81089782714844,45.282569885253906,,,,136.7866668701172,15.56835651397705,,,,,
2020-11-11,,,,,,,,,,,,,,,,,,,,,205.2223663330078,45.20846176147461,,,,139.0433349609375,15.5035982131958,,,,,
2020-11-12,,,,,,,,,,,,,,,,,,,,,201.24122619628906,45.052825927734375,,,,137.25332641601562,15.347111701965332,,,,,
2020-11-13,,,,,,,,,,,,,,,,,,,,,203.38641357421875,45.2529296875,,,,136.1666717529297,15.600730895996094,,,,,
2020-11-16,,,,,,,,,,,,,,,,,,,,,205.5316162109375,45.12693786621094,,,,136.02999877929688,15.633112907409668,,,,,
2020-11-17,,,,,,,,,,,,,,,,,,,,,203.608642578125,45.02317428588867,,,,147.20333862304688,15.665491104125977,,,,,
2020-11-18,,,,,,,,,,,,,,,,,,,,,200.8257293701172,44.70449447631836,,,,162.2133331298828,15.444242477416992,,,,,
2020-11-19,,,,,,,,,,,,,,,,,,,,,200.57449340820312,44.62297058105469,,,,166.42333984375,15.260767936706543,,,,,
2020-11-20,,,,,,,,,,,,,,,,,,,,,197.00885009765625,44.496978759765625,,,,163.20333862304688,15.282353401184082,,,,,
2020-11-23,,,,,,,,,,,,,,,,,,,,,201.1446075439453,44.637794494628906,,,,173.9499969482422,15.444242477416992,,,,,
2020-11-24,,,,,,,,,,,,,,,,,,,,,202.61334228515625,44.94165802001953,,,,185.1266632080078,15.773420333862305,,,,,
2020-11-25,,,,,,,,,,,,,,,,,,,,,203.78262329101562,44.77119445800781,,,,191.3333282470703,15.643904685974121,,,,,
2020-11-27,,,,,,,,,,,,,,,,,,,,,203.888916015625,44.897178649902344,,,,195.25332641601562,15.665491104125977,,,,,
2020-11-30,,,,,,,,,,,,,,,,,,,,,203.26080322265625,44.77119445800781,,,,189.1999969482422,15.514391899108887,,,,,
2020-12-01,,,,,,,,,,,,,,,,,,,,,204.08216857910156,44.897178649902344,,,,194.9199981689453,15.579154014587402,,,,,
2020-12-02,,,,,,,,,,,,,,,,,,,,,203.09654235839844,45.47526168823242,,,,189.60667419433594,15.697867393493652,,,,,
2020-12-03,,,,,,,,,,,,,,,,,,,,,201.03829956054688,45.75688934326172,,,,197.7933349609375,15.773420333862305,,,,,
2020-12-04,,,,,,,,,,,,,,,,,,,,,205.51223754882812,45.61607360839844,,,,199.67999267578125,15.940702438354492,,,,,
2020-12-07,,,,,,,,,,,,,,,,,,,,,205.48330688476562,45.46784591674805,,,,213.9199981689453,15.994665145874023,,,,,
2020-12-08,,,,,,,,,,,,,,,,,,,,,205.5992431640625,45.541961669921875,,,,216.6266632080078,16.62603759765625,,,,,
2020-12-09,,,,,,,,,,,,,,,,,,,,,202.51678466796875,45.54937744140625,,,,201.4933319091797,16.97679328918457,,,,,
2020-12-10,,,,,,,,,,,,,,,,,,,,,200.61312866210938,44.845306396484375,,,,209.02333068847656,16.561279296875,,,,,
2020-12-11,,,,,,,,,,,,,,,,,,,,,199.28932189941406,44.726722717285156,,,,203.3300018310547,16.733963012695312,,,,,
2020-12-14,,,,,,,,,,,,,,,,,,,,,200.26528930664062,44.45250701904297,,,,213.27667236328125,16.485727310180664,,,,,
2020-12-15,,,,,,,,,,,,,,,,,,,,,201.33787536621094,44.874961853027344,,,,211.0833282470703,16.501920700073242,,,,,
2020-12-16,,,,,,,,,,,,,,,,,,,,,201.2509307861328,44.400630950927734,,,,207.58999633789062,16.345428466796875,,,,,
2020-12-17,,,,,,,,,,,,,,,,,,,,,204.0627899169922,44.47473907470703,,,,218.63333129882812,15.98387336730957,,,,,
2020-12-18,,,,,,,,,,,,,,,,,,,,,204.18844604492188,44.808258056640625,,,,231.6666717529297,15.865161895751953,,,,,
2020-12-21,,,,,,,,,,,,,,,,,,,,,201.96595764160156,44.08936309814453,,,,216.6199951171875,15.654695510864258,,,,,
2020-12-22,,,,,,,,,,,,,,,,,,,,,198.90283203125,43.71880340576172,,,,213.44667053222656,15.32552433013916,,,,,
2020-12-23,,,,,,,,,,,,,,,,,,,,,198.38101196289062,43.696571350097656,,,,215.32666015625,15.514391899108887,,,,,
2020-12-24,,,,,,,,,,,,,,,,,,,,,201.6664276123047,43.60764694213867,,,,220.58999633789062,15.482015609741211,,,,,
2020-12-28,,,,,,,,,,,,,,,,,,,,,205.46397399902344,43.711402893066406,,,,221.22999572753906,15.40646743774414,,,,,
2020-12-29,,,,,,,,,,,,,,,,,,,,,207.1453399658203,43.58540344238281,,,,221.99667358398438,15.401068687438965,,,,,
2020-12-30,,,,,,,,,,,,,,,,,,,,,211.00088500976562,43.088844299316406,,,,231.5933380126953,15.374092102050781,,,,,
2020-12-31,,,,,,,,,,,,,,,,,,,,,211.3583984375,43.54093551635742,,,,235.22332763671875,15.519790649414062,,,,,
2021-01-04,,,,,,,,,,,,,,,,,,,,,210.42108154296875,43.615047454833984,,,,243.2566680908203,15.886737823486328,,,,,
2021-01-05,,,,,,,,,,,,,,,,,,,,,207.28062438964844,43.41494369506836,,,,245.0366668701172,15.789607048034668,,,,,
2021-01-06,,,,,,,,,,,,,,,,,,,,,205.4542999267578,43.94113540649414,,,,251.9933319091797,16.097200393676758,,,,,
2021-01-07,,,,,,,,,,,,,,,,,,,,,206.6042022705078,43.84225845336914,,,,272.0133361816406,16.140365600585938,,,,,
2021-01-08,,,,,,,,,,,,,,,,,,,,,208.18890380859375,43.295448303222656,,,,293.3399963378906,16.029050827026367,,,,,
2021-01-11,,,,,,,,,,,,,,,,,,,,,205.71519470214844,43.040775299072266,,,,270.39666748046875,15.946209907531738,,,,,
2021-01-12,,,,,,,,,,,,,,,,,,,,,201.82102966308594,42.890968322753906,,,,283.14666748046875,15.879921913146973,,,,,
2021-01-13,,,,,,,,,,,,,,,,,,,,,202.2944793701172,42.741153717041016,,,,284.8033447265625,15.802597045898438,,,,,
2021-01-14,,,,,,,,,,,,,,,,,,,,,195.0569305419922,42.72616958618164,,,,281.6666564941406,16.178192138671875,,,,,
2021-01-15,,,,,,,,,,,,,,,,,,,,,194.7960205078125,42.9808464050293,,,,275.38665771484375,16.111909866333008,,,,,
2021-01-19,,,,,,,,,,,,,,,,,,,,,194.8636932373047,42.73366165161133,,,,281.51666259765625,15.990391731262207,,,,,
2021-01-20,,,,,,,,,,,,,,,,,,,,,199.06707763671875,42.890968322753906,,,,283.48333740234375,15.995915412902832,,,,,
2021-01-21,,,,,,,,,,,,,,,,,,,,,198.2263641357422,42.89845275878906,,,,281.663330078125,15.924111366271973,,,,,
2021-01-22,,,,,,,,,,,,,,,,,,,,,195.21151733398438,43.04826736450195,,,,282.21331787109375,15.979349136352539,,,,,
2021-01-25,,,,,,,,,,,,,,,,,,,,,194.2065887451172,43.75987243652344,,,,293.6000061035156,16.078765869140625,,,,,
2021-01-26,,,,,,,,,,,,,,,,,,,,,195.20188903808594,42.374114990234375,,,,294.36334228515625,16.432270050048828,,,,,
2021-01-27,,,,,,,,,,,,,,,,,,,,,188.39913940429688,41.295467376708984,,,,288.0533447265625,16.0953369140625,,,,,
2021-01-28,,,,,,,,,,,,,,,,,,,,,191.5396270751953,41.475242614746094,,,,278.4766540527344,15.907544136047363,,,,,
2021-01-29,,,,,,,,,,,,,,,,,,,,,186.73712158203125,41.010826110839844,,,,264.510009765625,15.813645362854004,,,,,
2021-02-01,,,,,,,,,,,,,,,,,,,,,191.6748504638672,40.65876770019531,,,,279.9366760253906,15.824689865112305,,,,,
2021-02-02,,,,,,,,,,,,,,,,,,,,,195.78164672851562,40.82357406616211,,,,290.92999267578125,15.76392936706543,,,,,
2021-02-03,,,,,,,,,,,,,,,,,,,,,194.5737762451172,41.04079818725586,,,,284.89666748046875,15.74736213684082,,,,,
2021-02-04,,,,,,,,,,,,,,,,,,,,,202.19786071777344,41.30295944213867,,,,283.3299865722656,15.95724868774414,,,,,
2021-02-05,,,,,,,,,,,,,,,,,,,,,201.73403930664062,41.43778991699219,,,,284.07666015625,15.979349136352539,,,,,
2021-02-08,,,,,,,,,,,,,,,,,,,,,199.91738891601562,41.23554992675781,,,,287.8066711425781,15.890968322753906,,,,,
2021-02-09,,,,,,,,,,,,,,,,,,,,,199.55990600585938,41.19810104370117,,,,283.1533203125,15.808119773864746,,,,,
2021-02-10,,,,,,,,,,,,,,,,,,,,,199.4825897216797,41.16813659667969,,,,268.2733459472656,15.769454956054688,,,,,
2021-02-11,,,,,,,,,,,,,,,,,,,,,203.8763885498047,40.89847183227539,,,,270.5533447265625,15.846782684326172,,,,,
2021-02-12,,,,,,,,,,,,,,,,,,,,,203.19894409179688,40.598846435546875,,,,272.0400085449219,15.907544136047363,,,,,
2021-02-16,,,,,,,,,,,,,,,,,,,,,201.2052459716797,40.5613899230957,,,,265.40667724609375,16.001440048217773,,,,,
2021-02-17,,,,,,,,,,,,,,,,,,,,,200.8278045654297,42.688720703125,,,,266.04998779296875,16.332847595214844,,,,,
2021-02-18,,,,,,,,,,,,,,,,,,,,,202.6085968017578,42.68122482299805,,,,262.4599914550781,16.145051956176758,,,,,
2021-02-19,,,,,,,,,,,,,,,,,,,,,198.13734436035156,42.28422546386719,,,,260.4333190917969,16.01801109313965,,,,,
2021-02-22,,,,,,,,,,,,,,,,,,,,,201.6117401123047,42.28422546386719,,,,238.1666717529297,16.19475746154785,,,,,
2021-02-23,,,,,,,,,,,,,,,,,,,,,205.2797088623047,42.71867752075195,,,,232.94667053222656,16.117431640625,,,,,
2021-02-24,,,,,,,,,,,,,,,,,,,,,212.36399841308594,42.786094665527344,,,,247.33999633789062,16.227903366088867,,,,,
2021-02-25,,,,,,,,,,,,,,,,,,,,,206.86685180664062,42.321678161621094,,,,227.4066619873047,15.813645362854004,,,,,
2021-02-26,,,,,,,,,,,,,,,,,,,,,205.55067443847656,41.42280578613281,,,,225.1666717529297,15.404908180236816,,,,,
2021-03-01,,,,,,,,,,,,,,,,,,,,,209.65411376953125,41.4677619934082,,,,239.47666931152344,15.515376091003418,,,,,
2021-03-02,,,,,,,,,,,,,,,,,,,,,208.8218536376953,41.18311309814453,,,,228.81333923339844,15.587180137634277,,,,,
2021-03-03,,,,,,,,,,,,,,,,,,,,,207.9314727783203,41.48274230957031,,,,217.73333740234375,15.863353729248047,,,,,
2021-03-04,,,,,,,,,,,,,,,,,,,,,204.68931579589844,41.04827880859375,,,,207.14666748046875,15.973820686340332,,,,,
2021-03-05,,,,,,,,,,,,,,,,,,,,,208.4734344482422,41.9471435546875,,,,199.31666564941406,16.360464096069336,,,,,
2021-03-08,,,,,,,,,,,,,,,,,,,,,213.17694091796875,42.538902282714844,,,,187.6666717529297,16.564828872680664,,,,,
2021-03-09,,,,,,,,,,,,,,,,,,,,,213.2640380859375,42.096961975097656,,,,224.52667236328125,16.371509552001953,,,,,
2021-03-10,,,,,,,,,,,,,,,,,,,,,215.98353576660156,42.756134033203125,,,,222.68666076660156,16.564828872680664,,,,,
2021-03-11,,,,,,,,,,,,,,,,,,,,,218.86758422851562,41.580108642578125,,,,233.1999969482422,16.31627655029297,,,,,
2021-03-12,,,,,,,,,,,,,,,,,,,,,217.13522338867188,41.66999816894531,,,,231.2433319091797,16.465410232543945,,,,,
2021-03-15,,,,,,,,,,,,,,,,,,,,,216.080322265625,41.677494049072266,,,,235.97999572753906,16.53169059753418,,,,,
2021-03-16,,,,,,,,,,,,,,,,,,,,,217.46424865722656,41.677494049072266,,,,225.6266632080078,16.564828872680664,,,,,
2021-03-17,,,,,,,,,,,,,,,,,,,,,215.83839416503906,41.7598876953125,,,,233.93666076660156,16.653207778930664,,,,,
2021-03-18,,,,,,,,,,,,,,,,,,,,,213.55438232421875,42.17935562133789,,,,217.72000122070312,16.575876235961914,,,,,
2021-03-19,,,,,,,,,,,,,,,,,,,,,200.23741149902344,42.126922607421875,,,,218.2899932861328,16.437789916992188,,,,,
2021-03-22,,,,,,,,,,,,,,,,,,,,,201.3020477294922,42.38909912109375,,,,223.3333282470703,16.564828872680664,,,,,
2021-03-23,,,,,,,,,,,,,,,,,,,,,201.4471893310547,42.628780364990234,,,,220.72000122070312,16.57035255432129,,,,,
2021-03-24,,,,,,,,,,,,,,,,,,,,,201.3697967529297,42.703697204589844,,,,210.08999633789062,16.564828872680664,,,,,
2021-03-25,,,,,,,,,,,,,,,,,,,,,201.2730255126953,42.9808464050293,,,,213.4633331298828,16.61454200744629,,,,,
2021-03-26,,,,,,,,,,,,,,,,,,,,,206.65394592285156,43.5800895690918,,,,206.23666381835938,16.7415828704834,,,,,
2021-03-29,,,,,,,,,,,,,,,,,,,,,207.6024169921875,44.06698226928711,,,,203.76333618164062,16.879669189453125,,,,,
2021-03-30,,,,,,,,,,,,,,,,,,,,,205.07643127441406,43.88720703125,,,,211.8733367919922,16.97356605529785,,,,,
2021-03-31,,,,,,,,,,,,,,,,,,,,,204.9119110107422,43.55762481689453,,,,222.64332580566406,16.7194881439209,,,,,
2021-04-01,,,,,,,,,,,,,,,,,,,,,209.87672424316406,43.669986724853516,,,,220.5833282470703,16.8299560546875,,,,,
2021-04-05,,,,,,,,,,,,,,,,,,,,,211.9864959716797,44.09694290161133,,,,230.35000610351562,16.96251678466797,,,,,
2021-04-06,,,,,,,,,,,,,,,,,,,,,211.60906982421875,44.27671432495117,,,,230.5399932861328,17.11165428161621,,,,,
2021-04-07,,,,,,,,,,,,,,,,,,,,,212.2091522216797,44.194313049316406,,,,223.6566619873047,17.084035873413086,,,,,
2021-04-08,,,,,,,,,,,,,,,,,,,,,213.59304809570312,43.609825134277344,,,,227.93333435058594,16.947595596313477,,,,,
2021-04-09,,,,,,,,,,,,,,,,,,,,,215.3544464111328,43.52655029296875,,,,225.67333984375,16.97019386291504,,,,,
2021-04-12,,,,,,,,,,,,,,,,,,,,,214.3382568359375,43.56439971923828,,,,233.9933319091797,16.92500114440918,,,,,
2021-04-13,,,,,,,,,,,,,,,,,,,,,213.90277099609375,43.624969482421875,,,,254.10667419433594,16.73857307434082,,,,,
2021-04-14,,,,,,,,,,,,,,,,,,,,,214.8318634033203,43.685543060302734,,,,244.07666015625,16.79506492614746,,,,,
2021-04-15,,,,,,,,,,,,,,,,,,,,,218.99339294433594,43.685543060302734,,,,246.28334045410156,16.80636215209961,,,,,
2021-04-16,,,,,,,,,,,,,,,,,,,,,219.11924743652344,44.12466049194336,,,,246.5933380126953,16.919349670410156,,,,,
2021-04-19,,,,,,,,,,,,,,,,,,,,,218.5191650390625,44.207950592041016,,,,238.2100067138672,16.941946029663086,,,,,
2021-04-20,,,,,,,,,,,,,,,,,,,,,216.0899658203125,44.207950592041016,,,,239.663330078125,16.88545799255371,,,,,
2021-04-21,,,,,,,,,,,,,,,,,,,,,220.1256866455078,44.0186653137207,,,,248.0399932861328,17.009735107421875,,,,,
2021-04-22,,,,,,,,,,,,,,,,,,,,,220.2418670654297,43.367557525634766,,,,239.89666748046875,17.71588897705078,,,,,
2021-04-23,,,,,,,,,,,,,,,,,,,,,222.59359741210938,43.3826904296875,,,,243.13333129882812,17.738483428955078,,,,,
2021-04-26,,,,,,,,,,,,,,,,,,,,,222.92263793945312,43.11013412475586,,,,246.06666564941406,17.4616756439209,,,,,
2021-04-27,,,,,,,,,,,,,,,,,,,,,222.50648498535156,42.64072036743164,,,,234.913330078125,17.38258171081543,,,,,
2021-04-28,,,,,,,,,,,,,,,,,,,,,225.93251037597656,42.724002838134766,,,,231.46665954589844,17.489919662475586,,,,,
2021-04-29,,,,,,,,,,,,,,,,,,,,,229.23269653320312,43.397830963134766,,,,225.6666717529297,17.704587936401367,,,,,
2021-04-30,,,,,,,,,,,,,,,,,,,,,226.03895568847656,43.75368118286133,,,,236.47999572753906,17.74413299560547,,,,,
2021-05-03,,,,,,,,,,,,,,,,,,,,,225.11953735351562,43.85209655761719,,,,228.3000030517578,17.79497528076172,,,,,
2021-05-04,,,,,,,,,,,,,,,,,,,,,224.5582275390625,44.366943359375,,,,224.53334045410156,18.088733673095703,,,,,
2021-05-05,,,,,,,,,,,,,,,,,,,,,221.8290252685547,44.43507766723633,,,,223.64666748046875,18.094383239746094,,,,,
2021-05-06,,,,,,,,,,,,,,,,,,,,,223.87109375,44.88935089111328,,,,221.17999267578125,18.309049606323242,,,,,
2021-05-07,,,,,,,,,,,,,,,,,,,,,224.6453399658203,44.457801818847656,,,,224.1233367919922,18.167821884155273,,,,,
2021-05-10,,,,,,,,,,,,,,,,,,,,,218.69337463378906,45.06349182128906,,,,209.67999267578125,18.433334350585938,,,,,
2021-05-11,,,,,,,,,,,,,,,,,,,,,218.21917724609375,44.32151794433594,,,,205.73333740234375,18.22431755065918,,,,,
2021-05-12,,,,,,,,,,,,,,,,,,,,,213.52532958984375,44.22309112548828,,,,196.6300048828125,18.060487747192383,,,,,
2021-05-13,,,,,,,,,,,,,,,,,,,,,216.84971618652344,44.52593994140625,,,,190.56333923339844,18.19607162475586,,,,,
2021-05-14,,,,,,,,,,,,,,,,,,,,,219.951171875,44.43507766723633,,,,196.5800018310547,18.213016510009766,,,,,
2021-05-17,,,,,,,,,,,,,,,,,,,,,219.46653747558594,43.867244720458984,,,,192.27667236328125,17.72153663635254,,,,,
2021-05-18,,,,,,,,,,,,,,,,,,,,,218.62335205078125,43.291831970214844,,,,192.6233367919922,16.69338035583496,,,,,
2021-05-19,,,,,,,,,,,,,,,,,,,,,217.67352294921875,43.09498596191406,,,,187.82000732421875,16.360082626342773,,,,,
2021-05-20,,,,,,,,,,,,,,,,,,,,,219.46653747558594,42.99656295776367,,,,195.5933380126953,16.744226455688477,,,,,
2021-05-21,,,,,,,,,,,,,,,,,,,,,219.78639221191406,43.08741760253906,,,,193.6266632080078,16.953245162963867,,,,,
2021-05-24,,,,,,,,,,,,,,,,,,,,,222.25782775878906,43.140419006347656,,,,202.14666748046875,16.80636215209961,,,,,
2021-05-25,,,,,,,,,,,,,,,,,,,,,221.9671173095703,42.761863708496094,,,,201.56333923339844,16.676437377929688,,,,,
2021-05-26,,,,,,,,,,,,,,,,,,,,,220.0771484375,42.67100143432617,,,,206.3766632080078,16.69338035583496,,,,,
2021-05-27,,,,,,,,,,,,,,,,,,,,,219.87362670898438,42.618011474609375,,,,210.28334045410156,16.783767700195312,,,,,
2021-05-28,,,,,,,,,,,,,,,,,,,,,220.30006408691406,42.76942825317383,,,,208.4066619873047,16.625593185424805,,,,,
2021-06-01,,,,,,,,,,,,,,,,,,,,,219.65069580078125,42.68614959716797,,,,207.96665954589844,16.56344985961914,,,,,
2021-06-02,,,,,,,,,,,,,,,,,,,,,222.58740234375,42.89056396484375,,,,201.7066650390625,16.727275848388672,,,,,
2021-06-03,,,,,,,,,,,,,,,,,,,,,221.08509826660156,43.140419006347656,,,,190.94667053222656,16.51260757446289,,,,,
2021-06-04,,,,,,,,,,,,,,,,,,,,,223.0526123046875,43.3826904296875,,,,199.68333435058594,16.535207748413086,,,,,
2021-06-07,,,,,,,,,,,,,,,,,,,,,224.19625854492188,43.30698013305664,,,,201.7100067138672,16.427867889404297,,,,,
2021-06-08,,,,,,,,,,,,,,,,,,,,,224.90380859375,43.26912307739258,,,,201.19667053222656,16.371379852294922,,,,,
2021-06-09,,,,,,,,,,,,,,,,,,,,,225.1558074951172,43.193424224853516,,,,199.5933380126953,16.38832664489746,,,,,
2021-06-10,,,,,,,,,,,,,,,,,,,,,226.7452850341797,43.4129753112793,,,,203.3733367919922,16.48436164855957,,,,,
2021-06-11,,,,,,,,,,,,,,,,,,,,,227.72415161132812,43.40541458129883,,,,203.29666137695312,16.56344985961914,,,,,
2021-06-14,,,,,,,,,,,,,,,,,,,,,226.8712921142578,43.291831970214844,,,,205.89666748046875,16.43351936340332,,,,,
2021-06-15,,,,,,,,,,,,,,,,,,,,,225.8051300048828,43.3751220703125,,,,199.7866668701172,16.54085350036621,,,,,
2021-06-16,,,,,,,,,,,,,,,,,,,,,222.5292510986328,42.88299560546875,,,,201.6233367919922,16.41657257080078,,,,,
2021-06-17,,,,,,,,,,,,,,,,,,,,,225.00071716308594,42.799705505371094,,,,205.53334045410156,16.235794067382812,,,,,
2021-06-18,,,,,,,,,,,,,,,,,,,,,223.31431579589844,42.26216125488281,,,,207.77000427246094,16.184955596923828,,,,,
2021-06-21,,,,,,,,,,,,,,,,,,,,,227.10389709472656,42.69371795654297,,,,206.94332885742188,16.343135833740234,,,,,
2021-06-22,,,,,,,,,,,,,,,,,,,,,228.66432189941406,42.67857360839844,,,,207.90333557128906,16.258394241333008,,,,,
2021-06-23,,,,,,,,,,,,,,,,,,,,,227.4528045654297,42.45145034790039,,,,218.85667419433594,16.184955596923828,,,,,
2021-06-24,,,,,,,,,,,,,,,,,,,,,228.96473693847656,42.67857360839844,,,,226.60667419433594,16.264041900634766,,,,,
2021-06-25,,,,,,,,,,,,,,,,,,,,,230.011474609375,42.68614959716797,,,,223.9566650390625,16.32053565979004,,,,,
2021-06-28,,,,,,,,,,,,,,,,,,,,,226.88096618652344,42.53472900390625,,,,229.57333374023438,16.258394241333008,,,,,
2021-06-29,,,,,,,,,,,,,,,,,,,,,228.6836700439453,42.27730178833008,,,,226.9199981689453,16.190601348876953,,,,,
2021-06-30,,,,,,,,,,,,,,,,,,,,,226.61929321289062,42.42115783691406,,,,226.56666564941406,16.258394241333008,,,,,
2021-07-01,,,,,,,,,,,,,,,,,,,,,227.90834045410156,42.618011474609375,,,,225.97332763671875,16.444814682006836,,,,,
2021-07-02,,,,,,,,,,,,,,,,,,,,,231.28115844726562,42.7315788269043,,,,226.3000030517578,16.51260757446289,,,,,
2021-07-06,,,,,,,,,,,,,,,,,,,,,232.22128295898438,42.70885467529297,,,,219.86000061035156,16.39397430419922,,,,,
2021-07-07,,,,,,,,,,,,,,,,,,,,,232.6089630126953,42.799705505371094,,,,214.88333129882812,16.343135833740234,,,,,
2021-07-08,,,,,,,,,,,,,,,,,,,,,229.32337951660156,42.62975311279297,,,,217.60333251953125,16.307533264160156,,,,,
2021-07-09,,,,,,,,,,,,,,,,,,,,,231.12608337402344,42.928348541259766,,,,218.98333740234375,16.463775634765625,,,,,
2021-07-12,,,,,,,,,,,,,,,,,,,,,230.5445556640625,42.98958969116211,,,,228.56666564941406,16.481138229370117,,,,,
2021-07-13,,,,,,,,,,,,,,,,,,,,,234.88661193847656,42.94364929199219,,,,222.84666442871094,16.3596134185791,,,,,
2021-07-14,,,,,,,,,,,,,,,,,,,,,238.41452026367188,43.11974334716797,,,,217.7933349609375,16.35382652282715,,,,,
2021-07-15,,,,,,,,,,,,,,,,,,,,,240.89566040039062,43.295841217041016,,,,216.86666870117188,16.45220375061035,,,,,
2021-07-16,,,,,,,,,,,,,,,,,,,,,240.47889709472656,43.226932525634766,,,,214.74000549316406,16.400123596191406,,,,,
2021-07-19,,,,,,,,,,,,,,,,,,,,,233.00636291503906,42.75224304199219,,,,215.4066619873047,16.08184242248535,,,,,
2021-07-20,,,,,,,,,,,,,,,,,,,,,235.22581481933594,42.553184509277344,,,,220.1666717529297,16.151281356811523,,,,,
2021-07-21,,,,,,,,,,,,,,,,,,,,,236.15626525878906,42.83646011352539,,,,218.42999267578125,16.14550018310547,,,,,
2021-07-22,,,,,,,,,,,,,,,,,,,,,236.62149047851562,42.83646011352539,,,,216.4199981689453,16.20915412902832,,,,,
2021-07-23,,,,,,,,,,,,,,,,,,,,,241.35118103027344,42.782867431640625,,,,214.4600067138672,16.2901668548584,,,,,
2021-07-26,,,,,,,,,,,,,,,,,,,,,242.54331970214844,42.7063102722168,,,,219.2066650390625,16.307533264160156,,,,,
2021-07-27,,,,,,,,,,,,,,,,,,,,,243.20236206054688,43.027870178222656,,,,214.92666625976562,16.31910514831543,,,,,
2021-07-28,,,,,,,,,,,,,,,,,,,,,239.33523559570312,42.660377502441406,,,,215.66000366210938,16.20915412902832,,,,,
2021-07-29,,,,,,,,,,,,,,,,,,,,,240.28509521484375,42.85943603515625,,,,225.78334045410156,16.371185302734375,,,,,
2021-07-30,,,,,,,,,,,,,,,,,,,,,238.8022003173828,42.7063102722168,,,,229.06666564941406,16.232303619384766,,,,,
2021-08-02,,,,,,,,,,,,,,,,,,,,,232.39572143554688,42.69099044799805,,,,236.55667114257812,16.26702308654785,,,,,
2021-08-03,,,,,,,,,,,,,,,,,,,,,229.78860473632812,42.668025970458984,,,,236.5800018310547,16.313316345214844,,,,,
2021-08-04,,,,,,,,,,,,,,,,,,,,,229.3815155029297,42.39240264892578,,,,236.97332763671875,16.11656379699707,,,,,
2021-08-05,,,,,,,,,,,,,,,,,,,,,232.81251525878906,42.338809967041016,,,,238.2100067138672,16.168643951416016,,,,,
2021-08-06,,,,,,,,,,,,,,,,,,,,,233.96585083007812,42.277565002441406,,,,233.03334045410156,16.180219650268555,,,,,
2021-08-09,,,,,,,,,,,,,,,,,,,,,232.6089630126953,42.20100402832031,,,,237.9199981689453,16.11656379699707,,,,,
2021-08-10,,,,,,,,,,,,,,,,,,,,,230.7384033203125,42.476627349853516,,,,236.663330078125,16.255447387695312,,,,,
2021-08-11,,,,,,,,,,,,,,,,,,,,,227.8210906982422,42.5455207824707,,,,235.94000244140625,16.29595947265625,,,,,
2021-08-12,,,,,,,,,,,,,,,,,,,,,224.95803833007812,42.599124908447266,,,,240.75,16.214937210083008,,,,,
2021-08-13,,,,,,,,,,,,,,,,,,,,,225.79269409179688,42.775211334228516,,,,239.05667114257812,16.313316345214844,,,,,
2021-08-16,,,,,,,,,,,,,,,,,,,,,228.42283630371094,42.85943603515625,,,,228.72332763671875,16.31910514831543,,,,,
2021-08-17,,,,,,,,,,,,,,,,,,,,,227.61729431152344,43.0125617980957,,,,221.90333557128906,16.313316345214844,,,,,
2021-08-18,,,,,,,,,,,,,,,,,,,,,224.80276489257812,42.468971252441406,,,,229.663330078125,16.1049861907959,,,,,
2021-08-19,,,,,,,,,,,,,,,,,,,,,224.74452209472656,42.39240264892578,,,,224.49000549316406,15.931377410888672,,,,,
2021-08-20,,,,,,,,,,,,,,,,,,,,,224.54075622558594,42.50725173950195,,,,226.75332641601562,15.95452880859375,,,,,
2021-08-23,,,,,,,,,,,,,,,,,,,,,227.23878479003906,42.430694580078125,,,,235.43333435058594,15.925591468811035,,,,,
2021-08-24,,,,,,,,,,,,,,,,,,,,,227.33583068847656,42.11677932739258,,,,236.163330078125,15.885086059570312,,,,,
2021-08-25,,,,,,,,,,,,,,,,,,,,,225.73448181152344,42.05553436279297,,,,237.06666564941406,15.873512268066406,,,,,
2021-08-26,,,,,,,,,,,,,,,,,,,,,223.72549438476562,41.80287170410156,,,,233.72000122070312,15.636246681213379,,,,,
2021-08-27,,,,,,,,,,,,,,,,,,,,,225.83151245117188,41.93303298950195,,,,237.30667114257812,15.699905395507812,,,,,
2021-08-30,,,,,,,,,,,,,,,,,,,,,224.41455078125,41.93303298950195,,,,243.6366729736328,15.757772445678711,,,,,
2021-08-31,,,,,,,,,,,,,,,,,,,,,222.3473358154297,42.109130859375,,,,245.24000549316406,15.867724418640137,,,,,
2021-09-01,,,,,,,,,,,,,,,,,,,,,223.3372802734375,42.06319046020508,,,,244.69667053222656,15.734625816345215,,,,,
2021-09-02,,,,,,,,,,,,,,,,,,,,,217.57235717773438,42.33115768432617,,,,244.1300048828125,15.995036125183105,,,,,
2021-09-03,,,,,,,,,,,,,,,,,,,,,218.4749298095703,42.43833541870117,,,,244.52333068847656,15.948744773864746,,,,,
2021-09-07,,,,,,,,,,,,,,,,,,,,,219.6007537841797,41.9713134765625,,,,250.97332763671875,15.867724418640137,,,,,
2021-09-08,,,,,,,,,,,,,,,,,,,,,222.337646484375,42.040218353271484,,,,251.2899932861328,15.971892356872559,,,,,
2021-09-09,,,,,,,,,,,,,,,,,,,,,220.7848358154297,41.680381774902344,,,,251.6199951171875,15.867724418640137,,,,,
2021-09-10,,,,,,,,,,,,,,,,,,,,,218.28085327148438,41.51960372924805,,,,245.42333984375,15.728839874267578,,,,,
2021-09-13,,,,,,,,,,,,,,,,,,,,,218.00912475585938,41.81818771362305,,,,247.6666717529297,15.925591468811035,,,,,
2021-09-14,,,,,,,,,,,,,,,,,,,,,216.45623779296875,41.657405853271484,,,,248.163330078125,15.815642356872559,,,,,
2021-09-15,,,,,,,,,,,,,,,,,,,,,217.21327209472656,41.779903411865234,,,,251.94332885742188,15.95452880859375,,,,,
2021-09-16,,,,,,,,,,,,,,,,,,,,,217.71792602539062,41.6727180480957,,,,252.3300018310547,15.971892356872559,,,,,
2021-09-17,,,,,,,,,,,,,,,,,,,,,215.21395874023438,41.55787658691406,,,,253.163330078125,15.931377410888672,,,,,
2021-09-20,,,,,,,,,,,,,,,,,,,,,213.56410217285156,41.54256057739258,,,,243.38999938964844,15.746201515197754,,,,,
2021-09-21,,,,,,,,,,,,,,,,,,,,,213.68057250976562,41.36647415161133,,,,246.4600067138672,15.60152816772461,,,,,
2021-09-22,,,,,,,,,,,,,,,,,,,,,216.18450927734375,41.389442443847656,,,,250.64666748046875,15.630462646484375,,,,,
2021-09-23,,,,,,,,,,,,,,,,,,,,,221.5806121826172,41.66506576538086,,,,251.2133331298828,15.734625816345215,,,,,
2021-09-24,,,,,,,,,,,,,,,,,,,,,224.76393127441406,41.626792907714844,,,,258.1300048828125,15.699905395507812,,,,,
2021-09-27,,,,,,,,,,,,,,,,,,,,,222.83261108398438,41.703346252441406,,,,263.78668212890625,15.85615062713623,,,,,
2021-09-28,,,,,,,,,,,,,,,,,,,,,218.91171264648438,41.46601104736328,,,,259.1866760253906,15.763562202453613,,,,,
2021-09-29,,,,,,,,,,,,,,,,,,,,,219.99864196777344,41.63444519042969,,,,260.4366760253906,15.85615062713623,,,,,
2021-09-30,,,,,,,,,,,,,,,,,,,,,216.18450927734375,41.351158142089844,,,,258.49334716796875,15.630462646484375,,,,,
2021-10-01,,,,,,,,,,,,,,,,,,,,,223.66729736328125,41.57319641113281,,,,258.40667724609375,15.717265129089355,,,,,
2021-10-04,,,,,,,,,,,,,,,,,,,,,218.10614013671875,41.726318359375,,,,260.510009765625,15.769349098205566,,,,,
2021-10-05,,,,,,,,,,,,,,,,,,,,,217.66940307617188,41.73396682739258,,,,260.1966552734375,15.82721996307373,,,,,
2021-10-06,,,,,,,,,,,,,,,,,,,,,219.83367919921875,41.7492790222168,,,,260.9166564941406,15.804068565368652,,,,,
2021-10-07,,,,,,,,,,,,,,,,,,,,,223.75460815429688,41.75703048706055,,,,264.53668212890625,16.082185745239258,,,,,
2021-10-08,,,,,,,,,,,,,,,,,,,,,223.48287963867188,41.24571990966797,,,,261.8299865722656,15.8922119140625,,,,,
2021-10-11,,,,,,,,,,,,,,,,,,,,,218.4749298095703,40.42451858520508,,,,263.9800109863281,15.452909469604492,,,,,
2021-10-12,,,,,,,,,,,,,,,,,,,,,217.44618225097656,39.766029357910156,,,,268.5733337402344,15.09671401977539,,,,,
2021-10-13,,,,,,,,,,,,,,,,,,,,,215.90304565429688,39.78150939941406,,,,270.3599853515625,15.019536972045898,,,,,
2021-10-14,,,,,,,,,,,,,,,,,,,,,218.5428924560547,40.22309494018555,,,,272.7733459472656,15.209505081176758,,,,,
2021-10-15,,,,,,,,,,,,,,,,,,,,,224.18162536621094,40.49424362182617,,,,281.010009765625,15.256999969482422,,,,,
2021-10-18,,,,,,,,,,,,,,,,,,,,,223.85159301757812,40.21534729003906,,,,290.03668212890625,15.037349700927734,,,,,
2021-10-19,,,,,,,,,,,,,,,,,,,,,226.6370849609375,40.55622482299805,,,,288.0899963378906,15.191699028015137,,,,,
2021-10-20,,,,,,,,,,,,,,,,,,,,,224.5989532470703,41.53235626220703,,,,288.6000061035156,15.381669998168945,,,,,
2021-10-21,,,,,,,,,,,,,,,,,,,,,223.4537353515625,41.361934661865234,,,,298.0,15.292625427246094,,,,,
2021-10-22,,,,,,,,,,,,,,,,,,,,,224.41455078125,41.00556182861328,,,,303.2266540527344,15.132335662841797,,,,,
2021-10-25,,,,,,,,,,,,,,,,,,,,,226.98646545410156,40.73440933227539,,,,341.6199951171875,15.221384048461914,,,,,
2021-10-26,,,,,,,,,,,,,,,,,,,,,224.9871826171875,41.12175750732422,,,,339.4766540527344,15.061090469360352,,,,,
2021-10-27,,,,,,,,,,,,,,,,,,,,,209.41993713378906,40.77314758300781,,,,345.9533386230469,14.877059936523438,,,,,
2021-10-28,,,,,,,,,,,,,,,,,,,,,203.65501403808594,40.90483856201172,,,,359.0133361816406,15.167951583862305,,,,,
2021-10-29,,,,,,,,,,,,,,,,,,,,,205.52816772460938,41.05203628540039,,,,371.3333435058594,14.995792388916016,,,,,
2021-11-01,,,,,,,,,,,,,,,,,,,,,206.1977996826172,41.02105712890625,,,,402.86334228515625,15.061090469360352,,,,,
2021-11-02,,,,,,,,,,,,,,,,,,,,,202.97564697265625,40.726661682128906,,,,390.6666564941406,14.977984428405762,,,,,
2021-11-03,,,,,,,,,,,,,,,,,,,,,201.96630859375,41.0133056640625,,,,404.6199951171875,14.948298454284668,,,,,
2021-11-04,,,,,,,,,,,,,,,,,,,,,202.62623596191406,40.16887283325195,,,,409.9700012207031,14.722707748413086,,,,,
2021-11-05,,,,,,,,,,,,,,,,,,,,,210.28367614746094,40.471012115478516,,,,407.36334228515625,14.90080738067627,,,,,
2021-11-08,,,,,,,,,,,,,,,,,,,,,213.9911346435547,40.54072952270508,,,,387.64666748046875,14.77020263671875,,,,,
2021-11-09,,,,,,,,,,,,,,,,,,,,,207.10037231445312,40.471012115478516,,,,341.1666564941406,14.669280052185059,,,,,
2021-11-10,,,,,,,,,,,,,,,,,,,,,209.57469177246094,40.749900817871094,,,,355.98333740234375,14.811759948730469,,,,,
2021-11-11,,,,,,,,,,,,,,,,,,,,,204.57745361328125,40.63370132446289,,,,354.5033264160156,14.793946266174316,,,,,
2021-11-12,,,,,,,,,,,,,,,,,,,,,206.2010498046875,40.54847717285156,,,,344.47332763671875,14.80582332611084,,,,,
2021-11-15,,,,,,,,,,,,,,,,,,,,,206.40525817871094,40.59495544433594,,,,337.7966613769531,14.722707748413086,,,,,
2021-11-16,,,,,,,,,,,,,,,,,,,,,209.20529174804688,40.33155822753906,,,,351.57666015625,14.639595985412598,,,,,
2021-11-17,,,,,,,,,,,,,,,,,,,,,199.3662567138672,40.075904846191406,,,,363.0033264160156,14.639595985412598,,,,,
2021-11-18,,,,,,,,,,,,,,,,,,,,,197.68429565429688,39.6962890625,,,,365.4599914550781,14.479308128356934,,,,,
2021-11-19,,,,,,,,,,,,,,,,,,,,,195.28286743164062,39.40190505981445,,,,379.0199890136719,14.324957847595215,,,,,
2021-11-22,,,,,,,,,,,,,,,,,,,,,190.14950561523438,39.92870330810547,,,,385.6233215332031,14.663342475891113,,,,,
2021-11-23,,,,,,,,,,,,,,,,,,,,,192.97866821289062,40.091392517089844,,,,369.6766662597656,14.69896411895752,,,,,
2021-11-24,,,,,,,,,,,,,,,,,,,,,197.60650634765625,40.021671295166016,,,,372.0,14.526802062988281,,,,,
2021-11-26,,,,,,,,,,,,,,,,,,,,,192.16200256347656,40.130130767822266,,,,360.6400146484375,14.378389358520508,,,,,
2021-11-29,,,,,,,,,,,,,,,,,,,,,190.83973693847656,40.021671295166016,,,,378.9966735839844,14.182479858398438,,,,,
2021-11-30,,,,,,,,,,,,,,,,,,,,,188.38973999023438,38.944828033447266,,,,381.586669921875,13.553203582763672,,,,,
2021-12-01,,,,,,,,,,,,,,,,,,,,,184.87998962402344,38.557464599609375,,,,365.0,13.19700813293457,,,,,
2021-12-02,,,,,,,,,,,,,,,,,,,,,192.78419494628906,39.301185607910156,,,,361.5333251953125,13.683809280395508,,,,,
2021-12-03,,,,,,,,,,,,,,,,,,,,,190.8689422607422,39.83573913574219,,,,338.3233337402344,13.927206993103027,,,,,
2021-12-06,,,,,,,,,,,,,,,,,,,,,197.0523223876953,39.564598083496094,,,,336.336669921875,13.820350646972656,,,,,
2021-12-07,,,,,,,,,,,,,,,,,,,,,201.61209106445312,39.34767532348633,,,,350.5833435058594,13.701618194580078,,,,,
2021-12-08,,,,,,,,,,,,,,,,,,,,,203.18711853027344,39.115257263183594,,,,356.32000732421875,13.755046844482422,,,,,
2021-12-09,,,,,,,,,,,,,,,,,,,,,205.5205078125,38.8596076965332,,,,334.6000061035156,13.618505477905273,,,,,
2021-12-10,,,,,,,,,,,,,,,,,,,,,207.4746856689453,38.88283920288086,,,,339.010009765625,13.559137344360352,,,,,
2021-12-13,,,,,,,,,,,,,,,,,,,,,205.1608123779297,38.95256805419922,,,,322.13665771484375,13.321677207946777,,,,,
2021-12-14,,,,,,,,,,,,,,,,,,,,,204.14962768554688,39.23921203613281,,,,319.5033264160156,13.232626914978027,,,,,
2021-12-15,,,,,,,,,,,,,,,,,,,,,206.4149169921875,39.161739349365234,,,,325.3299865722656,13.16139030456543,,,,,
2021-12-16,,,,,,,,,,,,,,,,,,,,,208.41775512695312,40.86610794067383,,,,308.97332763671875,14.075621604919434,,,,,
2021-12-17,,,,,,,,,,,,,,,,,,,,,205.9969024658203,41.19148635864258,,,,310.8566589355469,14.117181777954102,,,,,
2021-12-20,,,,,,,,,,,,,,,,,,,,,202.94407653808594,41.129512786865234,,,,299.9800109863281,14.360580444335938,,,,,
2021-12-21,,,,,,,,,,,,,,,,,,,,,209.39971923828125,40.889347076416016,,,,312.84332275390625,14.526802062988281,,,,,
2021-12-22,,,,,,,,,,,,,,,,,,,,,211.9080810546875,40.88160705566406,,,,336.2900085449219,14.710837364196777,,,,,
2021-12-23,,,,,,,,,,,,,,,,,,,,,210.6052703857422,40.81188201904297,,,,355.6666564941406,14.76426887512207,,,,,
2021-12-27,,,,,,,,,,,,,,,,,,,,,211.58721923828125,40.81188201904297,,,,364.64666748046875,14.710837364196777,,,,,
2021-12-28,,,,,,,,,,,,,,,,,,,,,211.99559020996094,40.84286880493164,,,,362.8233337402344,14.734580039978027,,,,,
2021-12-29,,,,,,,,,,,,,,,,,,,,,212.11224365234375,40.563968658447266,,,,362.0633239746094,14.627721786499023,,,,,
2021-12-30,,,,,,,,,,,,,,,,,,,,,211.82057189941406,40.478759765625,,,,356.7799987792969,14.710837364196777,,,,,
2021-12-31,,,,,,,,,,,,,,,,,,,,,210.69277954101562,40.25408935546875,,,,352.260009765625,14.603975296020508,,,,,
2022-01-03,,,,,,,,,,,,,,,,,,,,,215.28173828125,40.625946044921875,,,,399.9266662597656,15.09671401977539,,,,,
2022-01-04,,,,,,,,,,,,,,,,,,,,,216.28314208984375,41.42390060424805,,,,383.1966552734375,15.221384048461914,,,,,
2022-01-05,,,,,,,,,,,,,,,,,,,,,213.89144897460938,41.849998474121094,,,,362.7066650390625,15.559773445129395,,,,,
2022-01-06,,,,,,,,,,,,,,,,,,,,,213.6483612060547,41.64856719970703,,,,354.8999938964844,15.50040054321289,,,,,
2022-01-07,,,,,,,,,,,,,,,,,,,,,210.93585205078125,42.52670669555664,,,,342.32000732421875,16.029945373535156,,,,,
2022-01-10,,,,,,,,,,,,,,,,,,,,,206.08436584472656,42.23660659790039,,,,352.7066650390625,16.133596420288086,,,,,
2022-01-11,,,,,,,,,,,,,,,,,,,,,208.42745971679688,42.01707458496094,,,,354.79998779296875,16.06043243408203,,,,,
2022-01-12,,,,,,,,,,,,,,,,,,,,,209.72055053710938,41.90730285644531,,,,368.739990234375,16.127504348754883,,,,,
2022-01-13,,,,,,,,,,,,,,,,,,,,,209.0302734375,41.96218490600586,,,,343.85333251953125,16.340909957885742,,,,,
2022-01-14,,,,,,,,,,,,,,,,,,,,,208.70941162109375,41.774017333984375,,,,349.8699951171875,16.57261085510254,,,,,
2022-01-18,,,,,,,,,,,,,,,,,,,,,209.72055053710938,41.89162826538086,,,,343.5033264160156,16.651872634887695,,,,,
2022-01-19,,,,,,,,,,,,,,,,,,,,,208.71914672851562,41.946502685546875,,,,331.8833312988281,16.633583068847656,,,,,
2022-01-20,,,,,,,,,,,,,,,,,,,,,208.39833068847656,41.868106842041016,,,,332.0899963378906,16.475051879882812,,,,,
2022-01-21,,,,,,,,,,,,,,,,,,,,,200.2120819091797,41.679935455322266,,,,314.6333312988281,16.22505760192871,,,,,
2022-01-24,,,,,,,,,,,,,,,,,,,,,196.2454071044922,41.52312469482422,,,,310.0,16.06043243408203,,,,,
2022-01-25,,,,,,,,,,,,,,,,,,,,,196.39122009277344,41.4760856628418,,,,306.1333312988281,16.145793914794922,,,,,
2022-01-26,,,,,,,,,,,,,,,,,,,,,200.15374755859375,40.0020751953125,,,,312.4700012207031,14.786083221435547,,,,,
2022-01-27,,,,,,,,,,,,,,,,,,,,,200.4259796142578,40.1353645324707,,,,276.3666687011719,14.706820487976074,,,,,
2022-01-28,,,,,,,,,,,,,,,,,,,,,221.66929626464844,41.4760856628418,,,,282.1166687011719,15.371429443359375,,,,,
2022-01-31,,,,,,,,,,,,,,,,,,,,,219.89010620117188,41.73481369018555,,,,312.239990234375,15.548255920410156,,,,,
2022-02-01,,,,,,,,,,,,,,,,,,,,,225.90823364257812,41.71129608154297,,,,310.4166564941406,14.889739990234375,,,,,
2022-02-02,,,,,,,,,,,,,,,,,,,,,228.88328552246094,42.18172073364258,,,,301.88665771484375,14.962905883789062,,,,,
2022-02-03,,,,,,,,,,,,,,,,,,,,,225.1110076904297,42.17388153076172,,,,297.0466613769531,14.975103378295898,,,,,
2022-02-04,,,,,,,,,,,,,,,,,,,,,222.0484619140625,41.79753875732422,,,,307.7733459472656,14.682429313659668,,,,,
2022-02-07,,,,,,,,,,,,,,,,,,,,,220.85264587402344,41.55449295043945,,,,302.4466552734375,14.590967178344727,,,,,
2022-02-08,,,,,,,,,,,,,,,,,,,,,221.61099243164062,41.413352966308594,,,,307.3333435058594,14.597065925598145,,,,,
2022-02-09,,,,,,,,,,,,,,,,,,,,,224.45960998535156,41.946502685546875,,,,310.6666564941406,14.938517570495605,,,,,
2022-02-10,,,,,,,,,,,,,,,,,,,,,219.6830596923828,41.585845947265625,,,,301.51666259765625,14.786083221435547,,,,,
2022-02-11,,,,,,,,,,,,,,,,,,,,,218.80662536621094,41.80538558959961,,,,286.6666564941406,14.71291732788086,,,,,
2022-02-14,,,,,,,,,,,,,,,,,,,,,219.43960571289062,41.76618194580078,,,,291.9200134277344,14.664138793945312,,,,,
2022-02-15,,,,,,,,,,,,,,,,,,,,,221.8546600341797,41.83674240112305,,,,307.4766540527344,14.840961456298828,,,,,
2022-02-16,,,,,,,,,,,,,,,,,,,,,222.82847595214844,41.868106842041016,,,,307.7966613769531,14.597065925598145,,,,,
2022-02-17,,,,,,,,,,,,,,,,,,,,,218.72872924804688,42.00923538208008,,,,292.1166687011719,14.487312316894531,,,,,
2022-02-18,,,,,,,,,,,,,,,,,,,,,216.85897827148438,42.20524597167969,,,,285.6600036621094,14.554386138916016,,,,,
2022-02-22,,,,,,,,,,,,,,,,,,,,,215.5248565673828,42.260128021240234,,,,273.84332275390625,14.481215476989746,,,,,
2022-02-23,,,,,,,,,,,,,,,,,,,,,210.29547119140625,41.87594223022461,,,,254.67999267578125,14.334877967834473,,,,,
2022-02-24,,,,,,,,,,,,,,,,,,,,,211.610107421875,41.23302459716797,,,,266.92333984375,14.164153099060059,,,,,
2022-02-25,,,,,,,,,,,,,,,,,,,,,213.5285186767578,42.43260955810547,,,,269.9566650390625,14.578776359558105,,,,,
2022-02-28,,,,,,,,,,,,,,,,,,,,,210.4609832763672,42.079795837402344,,,,290.1433410644531,14.444634437561035,,,,,
2022-03-01,,,,,,,,,,,,,,,,,,,,,203.49826049804688,42.03274917602539,,,,288.1233215332031,14.347071647644043,,,,,
2022-03-02,,,,,,,,,,,,,,,,,,,,,203.02105712890625,42.44829559326172,,,,293.2966613769531,14.523895263671875,,,,,
2022-03-03,,,,,,,,,,,,,,,,,,,,,201.80384826660156,42.85600280761719,,,,279.7633361816406,14.578776359558105,,,,,
2022-03-04,,,,,,,,,,,,,,,,,,,,,195.04550170898438,43.208831787109375,,,,279.42999267578125,14.554386138916016,,,,,
2022-03-07,,,,,,,,,,,,,,,,,,,,,185.7066192626953,42.8716926574707,,,,268.1933288574219,14.37146282196045,,,,,
2022-03-08,,,,,,,,,,,,,,,,,,,,,186.690185546875,41.750492095947266,,,,274.79998779296875,14.023914337158203,,,,,
2022-03-09,,,,,,,,,,,,,,,,,,,,,194.52940368652344,41.61720657348633,,,,286.3233337402344,14.18244743347168,,,,,
2022-03-10,,,,,,,,,,,,,,,,,,,,,192.78628540039062,41.73481369018555,,,,279.4333190917969,14.139765739440918,,,,,
2022-03-11,,,,,,,,,,,,,,,,,,,,,191.5592803955078,41.585845947265625,,,,265.1166687011719,14.139765739440918,,,,,
2022-03-14,,,,,,,,,,,,,,,,,,,,,195.08447265625,41.16246032714844,,,,255.4566650390625,13.956843376159668,,,,,
2022-03-15,,,,,,,,,,,,,,,,,,,,,200.74232482910156,41.36631774902344,,,,267.2966613769531,14.078788757324219,,,,,
2022-03-16,,,,,,,,,,,,,,,,,,,,,206.32229614257812,41.154624938964844,,,,280.07666015625,14.139765739440918,,,,,
2022-03-17,,,,,,,,,,,,,,,,,,,,,207.8609161376953,41.052696228027344,,,,290.5333251953125,14.139765739440918,,,,,
2022-03-18,,,,,,,,,,,,,,,,,,,,,213.37269592285156,39.82958221435547,,,,301.7966613769531,14.15805721282959,,,,,
2022-03-21,,,,,,,,,,,,,,,,,,,,,211.35691833496094,40.06479263305664,,,,307.0533447265625,14.12147045135498,,,,,
2022-03-22,,,,,,,,,,,,,,,,,,,,,212.74948120117188,39.98638916015625,,,,331.32666015625,14.151959419250488,,,,,
2022-03-23,,,,,,,,,,,,,,,,,,,,,209.05874633789062,39.96287536621094,,,,333.03668212890625,14.151959419250488,,,,,
2022-03-24,,,,,,,,,,,,,,,,,,,,,211.61985778808594,39.98638916015625,,,,337.97332763671875,14.225127220153809,,,,,
2022-03-25,,,,,,,,,,,,,,,,,,,,,212.71051025390625,40.2059326171875,,,,336.8800048828125,14.536089897155762,,,,,
2022-03-28,,,,,,,,,,,,,,,,,,,,,214.98927307128906,40.11967468261719,,,,363.9466552734375,14.554386138916016,,,,,
2022-03-29,,,,,,,,,,,,,,,,,,,,,222.14678955078125,40.18239974975586,,,,366.5233459472656,14.62755012512207,,,,,
2022-03-30,,,,,,,,,,,,,,,,,,,,,218.0860137939453,40.46466064453125,,,,364.663330078125,14.719016075134277,,,,,
2022-03-31,,,,,,,,,,,,,,,,,,,,,215.9630584716797,39.93935012817383,,,,359.20001220703125,14.408045768737793,,,,,
2022-04-01,,,,,,,,,,,,,,,,,,,,,220.43292236328125,40.86452102661133,,,,361.5299987792969,14.621454238891602,,,,,
2022-04-04,,,,,,,,,,,,,,,,,,,,,221.77674865722656,41.131099700927734,,,,381.8166809082031,14.743403434753418,,,,,
2022-04-05,,,,,,,,,,,,,,,,,,,,,220.16998291015625,41.381996154785156,,,,363.7533264160156,14.566577911376953,,,,,
2022-04-06,,,,,,,,,,,,,,,,,,,,,213.2753143310547,41.71129608154297,,,,348.586669921875,14.65194320678711,,,,,
2022-04-07,,,,,,,,,,,,,,,,,,,,,210.490234375,41.79859161376953,,,,352.4200134277344,14.469019889831543,,,,,
2022-04-08,,,,,,,,,,,,,,,,,,,,,211.2984619140625,42.481082916259766,,,,341.8299865722656,14.719016075134277,,,,,
2022-04-11,,,,,,,,,,,,,,,,,,,,,209.12686157226562,42.77471160888672,,,,325.30999755859375,15.847097396850586,,,,,
2022-04-12,,,,,,,,,,,,,,,,,,,,,205.86459350585938,42.59218215942383,,,,328.98333740234375,15.790589332580566,,,,,
2022-04-13,,,,,,,,,,,,,,,,,,,,,207.68560791015625,42.965171813964844,,,,340.7900085449219,15.903600692749023,,,,,
2022-04-14,,,,,,,,,,,,,,,,,,,,,207.21820068359375,42.71915817260742,,,,328.3333435058594,16.001869201660156,,,,,
2022-04-18,,,,,,,,,,,,,,,,,,,,,207.5882568359375,42.369972229003906,,,,334.7633361816406,15.93635368347168,,,,,
2022-04-19,,,,,,,,,,,,,,,,,,,,,210.052001953125,42.65567398071289,,,,342.7166748046875,15.960923194885254,,,,,
2022-04-20,,,,,,,,,,,,,,,,,,,,,212.0872802734375,43.179443359375,,,,325.73333740234375,15.911786079406738,,,,,
2022-04-21,,,,,,,,,,,,,,,,,,,,,210.78236389160156,43.655601501464844,,,,336.260009765625,16.550552368164062,,,,,
2022-04-22,,,,,,,,,,,,,,,,,,,,,202.71917724609375,41.19544982910156,,,,335.01666259765625,15.985492706298828,,,,,
2022-04-25,,,,,,,,,,,,,,,,,,,,,204.4525604248047,39.90190124511719,,,,332.67333984375,15.977301597595215,,,,,
2022-04-26,,,,,,,,,,,,,,,,,,,,,195.8343048095703,39.21147537231445,,,,292.1400146484375,15.805328369140625,,,,,
2022-04-27,,,,,,,,,,,,,,,,,,,,,208.503662109375,38.457557678222656,,,,293.836669921875,15.61697006225586,,,,,
2022-04-28,,,,,,,,,,,,,,,,,,,,,214.8821258544922,38.409942626953125,,,,292.5033264160156,15.903600692749023,,,,,
2022-04-29,,,,,,,,,,,,,,,,,,,,,207.5492706298828,36.74340057373047,,,,290.2533264160156,15.44499683380127,,,,,
2022-05-02,,,,,,,,,,,,,,,,,,,,,205.9912109375,36.687843322753906,,,,300.9800109863281,15.657920837402344,,,,,
2022-05-03,,,,,,,,,,,,,,,,,,,,,203.09896850585938,37.43383026123047,,,,303.0833435058594,15.829894065856934,,,,,
2022-05-04,,,,,,,,,,,,,,,,,,,,,208.90292358398438,38.386138916015625,,,,317.5400085449219,16.337631225585938,,,,,
2022-05-05,,,,,,,,,,,,,,,,,,,,,199.86587524414062,37.96552658081055,,,,291.09332275390625,16.337631225585938,,,,,
2022-05-06,,,,,,,,,,,,,,,,,,,,,197.50929260253906,38.30677795410156,,,,288.54998779296875,16.40314483642578,,,,,
2022-05-09,,,,,,,,,,,,,,,,,,,,,187.94638061523438,38.58454132080078,,,,262.3699951171875,16.010061264038086,,,,,
2022-05-10,,,,,,,,,,,,,,,,,,,,,188.51119995117188,38.195674896240234,,,,266.67999267578125,15.854461669921875,,,,,
2022-05-11,,,,,,,,,,,,,,,,,,,,,191.56900024414062,37.997276306152344,,,,244.6666717529297,15.911786079406738,,,,,
2022-05-12,,,,,,,,,,,,,,,,,,,,,189.25177001953125,38.14011764526367,,,,242.6666717529297,16.149272918701172,,,,,
2022-05-13,,,,,,,,,,,,,,,,,,,,,194.3837890625,38.235347747802734,,,,256.5299987792969,16.247547149658203,,,,,
2022-05-16,,,,,,,,,,,,,,,,,,,,,192.99835205078125,38.917850494384766,,,,241.4566650390625,16.607877731323242,,,,,
2022-05-17,,,,,,,,,,,,,,,,,,,,,199.03778076171875,38.83848571777344,,,,253.8699951171875,16.845365524291992,,,,,
2022-05-18,,,,,,,,,,,,,,,,,,,,,195.1253204345703,38.79880905151367,,,,236.60333251953125,16.566932678222656,,,,,
2022-05-19,,,,,,,,,,,,,,,,,,,,,192.5690460205078,38.9654541015625,,,,236.47332763671875,16.550552368164062,,,,,
2022-05-20,,,,,,,,,,,,,,,,,,,,,194.18865966796875,39.306705474853516,,,,221.3000030517578,16.706148147583008,,,,,
2022-05-23,,,,,,,,,,,,,,,,,,,,,202.51119995117188,39.41780471801758,,,,224.96665954589844,16.98458480834961,,,,,
2022-05-24,,,,,,,,,,,,,,,,,,,,,197.70111083984375,40.21934509277344,,,,209.3866729736328,17.32853126525879,,,,,
2022-05-25,,,,,,,,,,,,,,,,,,,,,198.88169860839844,40.66374969482422,,,,219.60000610351562,17.44318199157715,,,,,
2022-05-26,,,,,,,,,,,,,,,,,,,,,203.47714233398438,40.465354919433594,,,,235.91000366210938,17.459562301635742,,,,,
2022-05-27,,,,,,,,,,,,,,,,,,,,,207.70179748535156,40.79072189331055,,,,253.2100067138672,17.434993743896484,,,,,
2022-05-31,,,,,,,,,,,,,,,,,,,,,207.00906372070312,40.703426361083984,,,,252.75332641601562,17.434993743896484,,,,,
2022-06-01,,,,,,,,,,,,,,,,,,,,,204.8235321044922,40.79072189331055,,,,246.7899932861328,17.377666473388672,,,,,
2022-06-02,,,,,,,,,,,,,,,,,,,,,209.81900024414062,40.703426361083984,,,,258.3333435058594,17.35310173034668,,,,,
2022-06-03,,,,,,,,,,,,,,,,,,,,,207.4773712158203,40.322513580322266,,,,234.51666259765625,17.115612030029297,,,,,
2022-06-06,,,,,,,,,,,,,,,,,,,,,207.7603302001953,40.66374969482422,,,,238.27999877929688,17.14837074279785,,,,,
2022-06-07,,,,,,,,,,,,,,,,,,,,,209.28237915039062,40.98912811279297,,,,238.8866729736328,17.312152862548828,,,,,
2022-06-08,,,,,,,,,,,,,,,,,,,,,208.30670166015625,40.90977096557617,,,,241.86666870117188,17.23845100402832,,,,,
2022-06-09,,,,,,,,,,,,,,,,,,,,,201.0964813232422,40.42567443847656,,,,239.7066650390625,17.099233627319336,,,,,
2022-06-10,,,,,,,,,,,,,,,,,,,,,194.656982421875,40.330440521240234,,,,232.22999572753906,16.943639755249023,,,,,
2022-06-13,,,,,,,,,,,,,,,,,,,,,187.5833740234375,39.35432052612305,,,,215.73666381835938,16.18203353881836,,,,,
2022-06-14,,,,,,,,,,,,,,,,,,,,,188.81272888183594,39.0130729675293,,,,220.88999938964844,15.928168296813965,,,,,
2022-06-15,,,,,,,,,,,,,,,,,,,,,191.3885040283203,39.00514221191406,,,,233.0,15.919979095458984,,,,,
2022-06-16,,,,,,,,,,,,,,,,,,,,,184.45144653320312,38.759124755859375,,,,213.10000610351562,15.52688980102539,,,,,
2022-06-17,,,,,,,,,,,,,,,,,,,,,185.38809204101562,38.909908294677734,,,,216.75999450683594,15.870841979980469,,,,,
2022-06-21,,,,,,,,,,,,,,,,,,,,,189.66156005859375,40.195526123046875,,,,237.0366668701172,16.3458194732666,,,,,
2022-06-22,,,,,,,,,,,,,,,,,,,,,189.1054229736328,40.306640625,,,,236.086669921875,16.64063262939453,,,,,
2022-06-23,,,,,,,,,,,,,,,,,,,,,191.85679626464844,41.33831024169922,,,,235.07000732421875,16.878124237060547,,,,,
2022-06-24,,,,,,,,,,,,,,,,,,,,,200.51104736328125,40.44154357910156,,,,245.7066650390625,17.18931770324707,,,,,
2022-06-27,,,,,,,,,,,,,,,,,,,,,198.60850524902344,40.44154357910156,,,,244.9199981689453,17.0173397064209,,,,,
2022-06-28,,,,,,,,,,,,,,,,,,,,,193.30081176757812,40.04474639892578,,,,232.663330078125,16.878124237060547,,,,,
2022-06-29,,,,,,,,,,,,,,,,,,,,,194.6472625732422,40.42567443847656,,,,228.49000549316406,17.15656089782715,,,,,
2022-06-30,,,,,,,,,,,,,,,,,,,,,192.10072326660156,40.2748908996582,,,,224.47332763671875,17.16474723815918,,,,,
2022-07-01,,,,,,,,,,,,,,,,,,,,,194.3350067138672,40.981178283691406,,,,227.26333618164062,17.451372146606445,,,,,
2022-07-05,,,,,,,,,,,,,,,,,,,,,195.6619415283203,40.80659866333008,,,,233.06666564941406,17.33672523498535,,,,,
2022-07-06,,,,,,,,,,,,,,,,,,,,,196.22784423828125,40.878021240234375,,,,231.73333740234375,17.271209716796875,,,,,
2022-07-07,,,,,,,,,,,,,,,,,,,,,197.8669891357422,40.74945068359375,,,,244.5433349609375,17.320344924926758,,,,,
2022-07-08,,,,,,,,,,,,,,,,,,,,,198.61827087402344,40.572654724121094,,,,250.76333618164062,17.26059913635254,,,,,
2022-07-11,,,,,,,,,,,,,,,,,,,,,200.0719757080078,40.58069610595703,,,,234.3433380126953,17.14442253112793,,,,,
2022-07-12,,,,,,,,,,,,,,,,,,,,,199.83786010742188,40.805694580078125,,,,233.07000732421875,17.094629287719727,,,,,
2022-07-13,,,,,,,,,,,,,,,,,,,,,199.18414306640625,40.58872604370117,,,,237.0399932861328,16.970151901245117,,,,,
2022-07-14,,,,,,,,,,,,,,,,,,,,,200.90133666992188,40.572654724121094,,,,238.31333923339844,16.870576858520508,,,,,
2022-07-15,,,,,,,,,,,,,,,,,,,,,204.9308624267578,40.998558044433594,,,,240.06666564941406,17.069732666015625,,,,,
2022-07-18,,,,,,,,,,,,,,,,,,,,,202.16969299316406,40.40391159057617,,,,240.54666137695312,17.036540985107422,,,,,
2022-07-19,,,,,,,,,,,,,,,,,,,,,208.46282958984375,40.5405158996582,,,,245.52999877929688,17.26059913635254,,,,,
2022-07-20,,,,,,,,,,,,,,,,,,,,,208.1798858642578,39.43157958984375,,,,247.5,16.995046615600586,,,,,
2022-07-21,,,,,,,,,,,,,,,,,,,,,210.9312744140625,38.29854202270508,,,,271.7066650390625,15.7005033493042,,,,,
2022-07-22,,,,,,,,,,,,,,,,,,,,,208.5018310546875,35.71904754638672,,,,272.24334716796875,15.268985748291016,,,,,
2022-07-25,,,,,,,,,,,,,,,,,,,,,209.05795288085938,35.968162536621094,,,,268.4333190917969,15.37686824798584,,,,,
2022-07-26,,,,,,,,,,,,,,,,,,,,,207.3212890625,36.09672927856445,,,,258.8599853515625,15.186005592346191,,,,,
2022-07-27,,,,,,,,,,,,,,,,,,,,,205.35040283203125,36.08869934082031,,,,274.82000732421875,15.260690689086914,,,,,
2022-07-28,,,,,,,,,,,,,,,,,,,,,206.20901489257812,36.60297775268555,,,,280.8999938964844,15.41835880279541,,,,,
2022-07-29,,,,,,,,,,,,,,,,,,,,,206.9505157470703,37.11727523803711,,,,297.1499938964844,15.584325790405273,,,,,
2022-08-01,,,,,,,,,,,,,,,,,,,,,206.21875,37.17353057861328,,,,297.27667236328125,15.542834281921387,,,,,
2022-08-02,,,,,,,,,,,,,,,,,,,,,201.24282836914062,36.434234619140625,,,,300.586669921875,15.235797882080078,,,,,
2022-08-03,,,,,,,,,,,,,,,,,,,,,203.4088134765625,36.42619323730469,,,,307.39666748046875,15.244096755981445,,,,,
2022-08-04,,,,,,,,,,,,,,,,,,,,,208.27743530273438,35.70297622680664,,,,308.6333312988281,15.161110877990723,,,,,
2022-08-05,,,,,,,,,,,,,,,,,,,,,210.6190643310547,36.1208381652832,,,,288.1700134277344,15.227499008178711,,,,,
2022-08-08,,,,,,,,,,,,,,,,,,,,,208.13111877441406,35.79137420654297,,,,290.42333984375,14.937053680419922,,,,,
2022-08-09,,,,,,,,,,,,,,,,,,,,,205.14553833007812,35.90386962890625,,,,283.3333435058594,15.020038604736328,,,,,
2022-08-10,,,,,,,,,,,,,,,,,,,,,206.94078063964844,36.032447814941406,,,,294.3566589355469,14.945357322692871,,,,,
2022-08-11,,,,,,,,,,,,,,,,,,,,,206.3103485107422,35.98422622680664,,,,286.6300048828125,14.970251083374023,,,,,
2022-08-12,,,,,,,,,,,,,,,,,,,,,206.55471801757812,36.281558990478516,,,,300.0299987792969,15.161110877990723,,,,,
2022-08-15,,,,,,,,,,,,,,,,,,,,,211.5296630859375,36.611019134521484,,,,309.32000732421875,15.260690689086914,,,,,
2022-08-16,,,,,,,,,,,,,,,,,,,,,212.2333984375,36.80387496948242,,,,306.5633239746094,15.410058975219727,,,,,
2022-08-17,,,,,,,,,,,,,,,,,,,,,209.672607421875,36.434234619140625,,,,303.9966735839844,15.2855863571167,,,,,
2022-08-18,,,,,,,,,,,,,,,,,,,,,210.3861083984375,35.51011276245117,,,,302.8699951171875,15.29388427734375,,,,,
2022-08-19,,,,,,,,,,,,,,,,,,,,,208.0110321044922,35.69493865966797,,,,296.6666564941406,15.29388427734375,,,,,
2022-08-22,,,,,,,,,,,,,,,,,,,,,203.89614868164062,35.494049072265625,,,,289.913330078125,15.044931411743164,,,,,
2022-08-23,,,,,,,,,,,,,,,,,,,,,202.12704467773438,34.931541442871094,,,,296.4533386230469,14.986845016479492,,,,,
2022-08-24,,,,,,,,,,,,,,,,,,,,,201.99996948242188,34.99583053588867,,,,297.0966796875,14.945357322692871,,,,,
2022-08-25,,,,,,,,,,,,,,,,,,,,,205.07884216308594,35.14851379394531,,,,296.07000732421875,15.011739730834961,,,,,
2022-08-26,,,,,,,,,,,,,,,,,,,,,198.305419921875,34.754756927490234,,,,288.0899963378906,14.845772743225098,,,,,
2022-08-29,,,,,,,,,,,,,,,,,,,,,197.75808715820312,34.81903839111328,,,,284.82000732421875,14.754490852355957,,,,,
2022-08-30,,,,,,,,,,,,,,,,,,,,,196.82952880859375,34.17617416381836,,,,277.70001220703125,14.787683486938477,,,,,
2022-08-31,,,,,,,,,,,,,,,,,,,,,194.21987915039062,33.59760284423828,,,,275.6099853515625,14.555333137512207,,,,,
2022-09-01,,,,,,,,,,,,,,,,,,,,,195.6077880859375,33.59760284423828,,,,277.1600036621094,14.522137641906738,,,,,
2022-09-02,,,,,,,,,,,,,,,,,,,,,193.2913360595703,33.187782287597656,,,,270.2099914550781,14.264888763427734,,,,,
2022-09-06,,,,,,,,,,,,,,,,,,,,,194.15142822265625,33.027061462402344,,,,274.4200134277344,13.932953834533691,,,,,
2022-09-07,,,,,,,,,,,,,,,,,,,,,195.89122009277344,33.01099395751953,,,,283.70001220703125,13.999341011047363,,,,,
2022-09-08,,,,,,,,,,,,,,,,,,,,,196.17466735839844,33.203853607177734,,,,289.260009765625,13.916357040405273,,,,,
2022-09-09,,,,,,,,,,,,,,,,,,,,,200.563232421875,33.943138122558594,,,,299.67999267578125,14.132113456726074,,,,,
2022-09-12,,,,,,,,,,,,,,,,,,,,,201.96087646484375,34.361000061035156,,,,304.4200134277344,14.422557830810547,,,,,
2022-09-13,,,,,,,,,,,,,,,,,,,,,195.15817260742188,33.54938507080078,,,,292.1300048828125,13.966144561767578,,,,,
2022-09-14,,,,,,,,,,,,,,,,,,,,,194.904052734375,33.17171096801758,,,,302.6099853515625,13.916357040405273,,,,,
2022-09-15,,,,,,,,,,,,,,,,,,,,,190.95530700683594,32.97080993652344,,,,303.75,13.908058166503906,,,,,
2022-09-16,,,,,,,,,,,,,,,,,,,,,188.93211364746094,33.14760208129883,,,,303.3500061035156,13.891460418701172,,,,,
2022-09-19,,,,,,,,,,,,,,,,,,,,,188.7659454345703,33.139564514160156,,,,309.07000732421875,13.908058166503906,,,,,
2022-09-20,,,,,,,,,,,,,,,,,,,,,187.7299041748047,32.61723327636719,,,,308.7300109863281,13.742088317871094,,,,,
2022-09-21,,,,,,,,,,,,,,,,,,,,,182.7940216064453,31.72527313232422,,,,300.79998779296875,13.484841346740723,,,,,
2022-09-22,,,,,,,,,,,,,,,,,,,,,181.59178161621094,32.08687210083008,,,,288.5899963378906,13.476542472839355,,,,,
2022-09-23,,,,,,,,,,,,,,,,,,,,,179.80316162109375,31.757413864135742,,,,275.3299865722656,13.285682678222656,,,,,
2022-09-26,,,,,,,,,,,,,,,,,,,,,176.50930786132812,31.283296585083008,,,,276.010009765625,13.003536224365234,,,,,
2022-09-27,,,,,,,,,,,,,,,,,,,,,173.85073852539062,31.251150131225586,,,,282.94000244140625,13.053325653076172,,,,,
2022-09-28,,,,,,,,,,,,,,,,,,,,,175.1311492919922,31.65294647216797,,,,287.80999755859375,13.136310577392578,,,,,
2022-09-29,,,,,,,,,,,,,,,,,,,,,175.99127197265625,31.050260543823242,,,,268.2099914550781,12.887357711791992,,,,,
2022-09-30,,,,,,,,,,,,,,,,,,,,,173.63571166992188,30.511859893798828,,,,265.25,12.729689598083496,,,,,
2022-10-03,,,,,,,,,,,,,,,,,,,,,177.54534912109375,31.468116760253906,,,,242.39999389648438,13.194398880004883,,,,,
2022-10-04,,,,,,,,,,,,,,,,,,,,,181.4549560546875,31.990442276000977,,,,249.44000244140625,13.352066993713379,,,,,
2022-10-05,,,,,,,,,,,,,,,,,,,,,183.42930603027344,31.660987854003906,,,,240.80999755859375,13.219294548034668,,,,,
2022-10-06,,,,,,,,,,,,,,,,,,,,,181.3963165283203,30.919851303100586,,,,238.1300048828125,12.938895225524902,,,,,
2022-10-07,,,,,,,,,,,,,,,,,,,,,179.6761016845703,30.110902786254883,,,,223.07000732421875,12.617956161499023,,,,,
2022-10-10,,,,,,,,,,,,,,,,,,,,,178.06336975097656,29.922958374023438,,,,222.9600067138672,12.584173202514648,,,,,
2022-10-11,,,,,,,,,,,,,,,,,,,,,175.0920867919922,29.367321014404297,,,,216.5,12.508160591125488,,,,,
2022-10-12,,,,,,,,,,,,,,,,,,,,,174.21243286132812,29.154870986938477,,,,217.24000549316406,12.356139183044434,,,,,
2022-10-13,,,,,,,,,,,,,,,,,,,,,180.48736572265625,29.74319839477539,,,,221.72000122070312,12.769979476928711,,,,,
2022-10-14,,,,,,,,,,,,,,,,,,,,,178.49343872070312,29.72685432434082,,,,204.99000549316406,12.660183906555176,,,,,
2022-10-17,,,,,,,,,,,,,,,,,,,,,181.0640106201172,30.38054847717285,,,,219.35000610351562,12.930448532104492,,,,,
2022-10-18,,,,,,,,,,,,,,,,,,,,,182.9406280517578,30.29067039489746,,,,220.19000244140625,13.175374984741211,,,,,
2022-10-19,,,,,,,,,,,,,,,,,,,,,182.19778442382812,29.88210678100586,,,,222.0399932861328,13.124702453613281,,,,,
2022-10-20,,,,,,,,,,,,,,,,,,,,,182.989501953125,30.233470916748047,,,,207.27999877929688,14.138191223144531,,,,,
2022-10-21,,,,,,,,,,,,,,,,,,,,,186.06829833984375,28.885215759277344,,,,214.44000244140625,14.442240715026855,,,,,
2022-10-24,,,,,,,,,,,,,,,,,,,,,186.40065002441406,29.391836166381836,,,,211.25,14.788515090942383,,,,,
2022-10-25,,,,,,,,,,,,,,,,,,,,,189.98773193359375,29.76771354675293,,,,222.4199981689453,14.94053840637207,,,,,
2022-10-26,,,,,,,,,,,,,,,,,,,,,198.7354736328125,29.76771354675293,,,,224.63999938964844,15.320596694946289,,,,,
2022-10-27,,,,,,,,,,,,,,,,,,,,,199.67372131347656,29.563430786132812,,,,225.08999633789062,15.227696418762207,,,,,
2022-10-28,,,,,,,,,,,,,,,,,,,,,204.60964965820312,30.780941009521484,,,,228.52000427246094,15.60775375366211,,,,,
2022-10-31,,,,,,,,,,,,,,,,,,,,,202.4789276123047,30.535802841186523,,,,227.5399932861328,15.3966064453125,,,,,
2022-11-01,,,,,,,,,,,,,,,,,,,,,202.25411987304688,30.535802841186523,,,,227.82000732421875,15.497961044311523,,,,,
2022-11-02,,,,,,,,,,,,,,,,,,,,,196.40921020507812,30.813617706298828,,,,214.97999572753906,15.565524101257324,,,,,
2022-11-03,,,,,,,,,,,,,,,,,,,,,190.34930419921875,30.356040954589844,,,,215.30999755859375,15.345935821533203,,,,,
2022-11-04,,,,,,,,,,,,,,,,,,,,,192.5289306640625,30.429576873779297,,,,207.47000122070312,15.472620010375977,,,,,
2022-11-07,,,,,,,,,,,,,,,,,,,,,195.57847595214844,30.38872528076172,,,,197.0800018310547,15.506404876708984,,,,,
2022-11-08,,,,,,,,,,,,,,,,,,,,,197.220458984375,30.94436264038086,,,,191.3000030517578,15.683761596679688,,,,,
2022-11-09,,,,,,,,,,,,,,,,,,,,,189.97152709960938,30.74008560180664,,,,177.58999633789062,15.523293495178223,,,,,
2022-11-10,,,,,,,,,,,,,,,,,,,,,201.37391662597656,31.47549057006836,,,,190.72000122070312,15.911797523498535,,,,,
2022-11-11,,,,,,,,,,,,,,,,,,,,,200.81556701660156,31.295719146728516,,,,195.97000122070312,16.089157104492188,,,,,
2022-11-14,,,,,,,,,,,,,,,,,,,,,202.6376190185547,31.303897857666016,,,,190.9499969482422,16.097604751586914,,,,,
2022-11-15,,,,,,,,,,,,,,,,,,,,,205.70372009277344,30.805458068847656,,,,194.4199981689453,16.063823699951172,,,,,
2022-11-16,,,,,,,,,,,,,,,,,,,,,205.85064697265625,30.952537536621094,,,,186.9199981689453,15.987811088562012,,,,,
2022-11-17,,,,,,,,,,,,,,,,,,,,,206.68328857421875,31.18132781982422,,,,183.1699981689453,16.004701614379883,,,,,
2022-11-18,,,,,,,,,,,,,,,,,,,,,206.49717712402344,31.5000057220459,,,,180.19000244140625,16.021595001220703,,,,,
2022-11-21,,,,,,,,,,,,,,,,,,,,,202.10862731933594,31.55720329284668,,,,167.8699951171875,15.911797523498535,,,,,
2022-11-22,,,,,,,,,,,,,,,,,,,,,206.03680419921875,32.03113555908203,,,,169.91000366210938,16.04693031311035,,,,,
2022-11-23,,,,,,,,,,,,,,,,,,,,,207.40823364257812,31.802337646484375,,,,183.1999969482422,16.122943878173828,,,,,
2022-11-25,,,,,,,,,,,,,,,,,,,,,209.4261474609375,31.88405418395996,,,,182.86000061035156,16.148283004760742,,,,,
2022-11-28,,,,,,,,,,,,,,,,,,,,,206.9477996826172,31.2467041015625,,,,182.9199981689453,15.89491081237793,,,,,
2022-11-29,,,,,,,,,,,,,,,,,,,,,204.79269409179688,31.328411102294922,,,,180.8300018310547,16.05537986755371,,,,,
2022-11-30,,,,,,,,,,,,,,,,,,,,,212.57064819335938,31.85136604309082,,,,194.6999969482422,16.283411026000977,,,,,
2022-12-01,,,,,,,,,,,,,,,,,,,,,212.57064819335938,31.32023811340332,,,,194.6999969482422,16.2074031829834,,,,,
2022-12-02,,,,,,,,,,,,,,,,,,,,,213.2171630859375,31.197675704956055,,,,194.86000061035156,16.063823699951172,,,,,
2022-12-05,,,,,,,,,,,,,,,,,,,,,209.3184051513672,30.29067039489746,,,,182.4499969482422,15.83578872680664,,,,,
2022-12-06,,,,,,,,,,,,,,,,,,,,,204.81228637695312,30.143585205078125,,,,179.82000732421875,16.190509796142578,,,,,
2022-12-07,,,,,,,,,,,,,,,,,,,,,203.56822204589844,30.37237548828125,,,,174.0399932861328,16.300304412841797,,,,,
2022-12-08,,,,,,,,,,,,,,,,,,,,,204.83192443847656,30.3151798248291,,,,173.44000244140625,16.148283004760742,,,,,
2022-12-09,,,,,,,,,,,,,,,,,,,,,204.4400634765625,30.560317993164062,,,,179.0500030517578,16.122943878173828,,,,,
2022-12-12,,,,,,,,,,,,,,,,,,,,,210.20985412597656,31.009735107421875,,,,167.82000732421875,16.300304412841797,,,,,
2022-12-13,,,,,,,,,,,,,,,,,,,,,208.6914520263672,30.936199188232422,,,,160.9499969482422,16.148283004760742,,,,,
2022-12-14,,,,,,,,,,,,,,,,,,,,,208.9657745361328,30.60117530822754,,,,156.8000030517578,15.962472915649414,,,,,
2022-12-15,,,,,,,,,,,,,,,,,,,,,203.6661834716797,30.862653732299805,,,,157.6699981689453,15.599306106567383,,,,,
2022-12-16,,,,,,,,,,,,,,,,,,,,,202.66702270507812,30.331523895263672,,,,150.22999572753906,15.616199493408203,,,,,
2022-12-19,,,,,,,,,,,,,,,,,,,,,200.63926696777344,30.257984161376953,,,,149.8699951171875,15.084115982055664,,,,,
2022-12-20,,,,,,,,,,,,,,,,,,,,,201.168212890625,30.225299835205078,,,,137.8000030517578,15.261472702026367,,,,,
2022-12-21,,,,,,,,,,,,,,,,,,,,,202.58860778808594,30.870819091796875,,,,137.57000732421875,15.329042434692383,,,,,
2022-12-22,,,,,,,,,,,,,,,,,,,,,200.87432861328125,31.303897857666016,,,,125.3499984741211,15.430391311645508,,,,,
2022-12-23,,,,,,,,,,,,,,,,,,,,,201.62863159179688,31.385604858398438,,,,123.1500015258789,15.464171409606934,,,,,
2022-12-27,,,,,,,,,,,,,,,,,,,,,202.07923889160156,32.071990966796875,,,,109.0999984741211,15.590861320495605,,,,,
2022-12-28,,,,,,,,,,,,,,,,,,,,,200.80580139160156,31.71246337890625,,,,112.70999908447266,15.388165473937988,,,,,
2022-12-29,,,,,,,,,,,,,,,,,,,,,203.81309509277344,32.080162048339844,,,,121.81999969482422,15.582413673400879,,,,,
2022-12-30,,,,,,,,,,,,,,,,,,,,,203.5192413330078,32.194557189941406,,,,123.18000030517578,15.548630714416504,,,,,
2023-01-03,,,,,,,,,,,,,,,,,,,,,203.15675354003906,32.78288269042969,,,,108.0999984741211,15.82734203338623,,,,,
2023-01-04,,,,,,,,,,,,,,,,,,,,,208.270263671875,33.60818099975586,,,,113.63999938964844,16.16517448425293,,,,,
2023-01-05,,,,,,,,,,,,,,,,,,,,,206.80088806152344,34.073936462402344,,,,110.33999633789062,16.22429084777832,,,,,
2023-01-06,,,,,,,,,,,,,,,,,,,,,213.30532836914062,34.47432327270508,,,,113.05999755859375,16.49455451965332,,,,,
2023-01-09,,,,,,,,,,,,,,,,,,,,,214.13796997070312,34.335723876953125,,,,119.7699966430664,16.31292152404785,,,,,
2023-01-10,,,,,,,,,,,,,,,,,,,,,216.57716369628906,34.81710433959961,,,,118.8499984741211,16.681331634521484,,,,,
2023-01-11,,,,,,,,,,,,,,,,,,,,,217.5665740966797,34.17802810668945,,,,123.22000122070312,16.629926681518555,,,,,
2023-01-12,,,,,,,,,,,,,,,,,,,,,219.0554962158203,34.70090866088867,,,,123.55999755859375,16.629926681518555,,,,,
2023-01-13,,,,,,,,,,,,,,,,,,,,,218.5069580078125,34.742408752441406,,,,122.4000015258789,16.74987030029297,,,,,
2023-01-17,,,,,,,,,,,,,,,,,,,,,218.4481964111328,33.904136657714844,,,,131.49000549316406,16.561386108398438,,,,,
2023-01-18,,,,,,,,,,,,,,,,,,,,,214.98045349121094,33.173770904541016,,,,128.77999877929688,16.295787811279297,,,,,
2023-01-19,,,,,,,,,,,,,,,,,,,,,215.91102600097656,33.24846649169922,,,,127.16999816894531,16.22724151611328,,,,,
2023-01-20,,,,,,,,,,,,,,,,,,,,,219.73143005371094,33.198665618896484,,,,133.4199981689453,16.4757080078125,,,,,
2023-01-23,,,,,,,,,,,,,,,,,,,,,219.6040802001953,32.89158630371094,,,,143.75,16.36432647705078,,,,,
2023-01-24,,,,,,,,,,,,,,,,,,,,,219.31997680664062,33.54724884033203,,,,143.88999938964844,16.415735244750977,,,,,
2023-01-25,,,,,,,,,,,,,,,,,,,,,220.30938720703125,33.47255325317383,,,,144.42999267578125,17.49526596069336,,,,,
2023-01-26,,,,,,,,,,,,,,,,,,,,,220.123291015625,33.42275619506836,,,,160.27000427246094,17.13542366027832,,,,,
2023-01-27,,,,,,,,,,,,,,,,,,,,,226.7158966064453,33.72985076904297,,,,177.89999389648438,17.09258460998535,,,,,
2023-01-30,,,,,,,,,,,,,,,,,,,,,224.4236602783203,34.070133209228516,,,,166.66000366210938,17.272502899169922,,,,,
2023-01-31,,,,,,,,,,,,,,,,,,,,,225.51100158691406,34.501708984375,,,,173.22000122070312,17.452428817749023,,,,,
2023-02-01,,,,,,,,,,,,,,,,,,,,,226.18692016601562,34.60131072998047,,,,181.41000366210938,17.289640426635742,,,,,
2023-02-02,,,,,,,,,,,,,,,,,,,,,224.87429809570312,34.71750259399414,,,,188.27000427246094,17.37531852722168,,,,,
2023-02-03,,,,,,,,,,,,,,,,,,,,,225.43264770507812,34.4519157409668,,,,189.97999572753906,16.989770889282227,,,,,
2023-02-06,,,,,,,,,,,,,,,,,,,,,224.75672912597656,34.261024475097656,,,,194.75999450683594,16.775577545166016,,,,,
2023-02-07,,,,,,,,,,,,,,,,,,,,,226.59835815429688,33.655155181884766,,,,196.80999755859375,16.49284553527832,,,,,
2023-02-08,,,,,,,,,,,,,,,,,,,,,225.50120544433594,33.630245208740234,,,,201.2899932861328,16.415735244750977,,,,,
2023-02-09,,,,,,,,,,,,,,,,,,,,,225.10862731933594,33.04096984863281,,,,207.32000732421875,16.252946853637695,,,,,
2023-02-10,,,,,,,,,,,,,,,,,,,,,222.9983673095703,33.20696258544922,,,,196.88999938964844,16.338623046875,,,,,
2023-02-13,,,,,,,,,,,,,,,,,,,,,224.64727783203125,33.464256286621094,,,,194.63999938964844,16.50141143798828,,,,,
2023-02-14,,,,,,,,,,,,,,,,,,,,,225.1478271484375,33.47255325317383,,,,209.25,16.407163619995117,,,,,
2023-02-15,,,,,,,,,,,,,,,,,,,,,224.68653869628906,33.51405334472656,,,,214.24000549316406,16.49284553527832,,,,,
2023-02-16,,,,,,,,,,,,,,,,,,,,,221.65367126464844,33.06586837768555,,,,202.0399932861328,16.50141143798828,,,,,
2023-02-17,,,,,,,,,,,,,,,,,,,,,219.42567443847656,33.38125991821289,,,,208.30999755859375,16.655630111694336,,,,,
2023-02-21,,,,,,,,,,,,,,,,,,,,,216.5400390625,32.53469467163086,,,,197.3699951171875,16.458572387695312,,,,,
2023-02-22,,,,,,,,,,,,,,,,,,,,,215.9511260986328,32.60108947753906,,,,200.86000061035156,16.604223251342773,,,,,
2023-02-23,,,,,,,,,,,,,,,,,,,,,217.04063415527344,31.97861671447754,,,,202.07000732421875,16.578523635864258,,,,,
2023-02-24,,,,,,,,,,,,,,,,,,,,,215.4898223876953,32.15290832519531,,,,196.8800048828125,16.48427391052246,,,,,
2023-02-27,,,,,,,,,,,,,,,,,,,,,216.27503967285156,32.269107818603516,,,,207.6300048828125,16.304353713989258,,,,,
2023-02-28,,,,,,,,,,,,,,,,,,,,,215.87261962890625,32.21101379394531,,,,205.7100067138672,16.2015380859375,,,,,
2023-03-01,,,,,,,,,,,,,,,,,,,,,214.32183837890625,31.7877197265625,,,,202.77000427246094,15.987347602844238,,,,,
2023-03-02,,,,,,,,,,,,,,,,,,,,,215.00888061523438,31.879016876220703,,,,190.89999389648438,15.987347602844238,,,,,
2023-03-03,,,,,,,,,,,,,,,,,,,,,219.6317901611328,31.754518508911133,,,,197.7899932861328,16.115863800048828,,,,,
2023-03-06,,,,,,,,,,,,,,,,,,,,,222.55667114257812,31.663225173950195,,,,193.80999755859375,16.08159065246582,,,,,
2023-03-07,,,,,,,,,,,,,,,,,,,,,219.04287719726562,31.464038848876953,,,,187.7100067138672,16.03018569946289,,,,,
2023-03-08,,,,,,,,,,,,,,,,,,,,,218.08099365234375,31.14864730834961,,,,182.0,15.94450855255127,,,,,
2023-03-09,,,,,,,,,,,,,,,,,,,,,215.9413299560547,30.33528709411621,,,,172.9199981689453,15.696043014526367,,,,,
2023-03-10,,,,,,,,,,,,,,,,,,,,,212.14288330078125,30.443180084228516,,,,173.44000244140625,15.790290832519531,,,,,
2023-03-13,,,,,,,,,,,,,,,,,,,,,210.5037841796875,30.326984405517578,,,,174.47999572753906,15.678911209106445,,,,,
2023-03-14,,,,,,,,,,,,,,,,,,,,,214.61630249023438,30.609174728393555,,,,183.25999450683594,15.798859596252441,,,,,
2023-03-15,,,,,,,,,,,,,,,,,,,,,212.36862182617188,30.75856590270996,,,,180.4499969482422,15.687479972839355,,,,,
2023-03-16,,,,,,,,,,,,,,,,,,,,,213.4286346435547,30.360185623168945,,,,184.1300048828125,15.756020545959473,,,,,
2023-03-17,,,,,,,,,,,,,,,,,,,,,213.3697967529297,30.53447914123535,,,,180.1300048828125,15.533257484436035,,,,,
2023-03-20,,,,,,,,,,,,,,,,,,,,,214.11572265625,31.065649032592773,,,,183.25,15.841697692871094,,,,,
2023-03-21,,,,,,,,,,,,,,,,,,,,,217.845458984375,31.322940826416016,,,,197.5800018310547,15.884538650512695,,,,,
2023-03-22,,,,,,,,,,,,,,,,,,,,,215.97076416015625,30.9660587310791,,,,191.14999389648438,15.756020545959473,,,,,
2023-03-23,,,,,,,,,,,,,,,,,,,,,218.47361755371094,31.015857696533203,,,,192.22000122070312,15.81599235534668,,,,,
2023-03-24,,,,,,,,,,,,,,,,,,,,,216.95223999023438,31.256549835205078,,,,190.41000366210938,15.94450855255127,,,,,
2023-03-27,,,,,,,,,,,,,,,,,,,,,217.70803833007812,31.58023452758789,,,,191.80999755859375,16.167268753051758,,,,,
2023-03-28,,,,,,,,,,,,,,,,,,,,,216.25538635253906,31.53873062133789,,,,189.19000244140625,16.03875732421875,,,,,
2023-03-29,,,,,,,,,,,,,,,,,,,,,219.1704864501953,31.937122344970703,,,,193.8800048828125,16.278648376464844,,,,,
2023-03-30,,,,,,,,,,,,,,,,,,,,,218.24786376953125,32.086509704589844,,,,195.27999877929688,16.347192764282227,,,,,
2023-03-31,,,,,,,,,,,,,,,,,,,,,221.29054260253906,32.27740478515625,,,,207.4600067138672,16.49284553527832,,,,,
2023-04-03,,,,,,,,,,,,,,,,,,,,,224.7650604248047,32.55128860473633,,,,194.77000427246094,16.612791061401367,,,,,
2023-04-04,,,,,,,,,,,,,,,,,,,,,223.44985961914062,32.908172607421875,,,,192.5800018310547,16.826984405517578,,,,,
2023-04-05,,,,,,,,,,,,,,,,,,,,,223.95040893554688,33.28996658325195,,,,185.52000427246094,17.032608032226562,,,,,
2023-04-06,,,,,,,,,,,,,,,,,,,,,221.81072998046875,33.30937194824219,,,,185.05999755859375,17.07431411743164,,,,,
2023-04-10,,,,,,,,,,,,,,,,,,,,,222.24256896972656,33.199684143066406,,,,184.50999450683594,17.004804611206055,,,,,
2023-04-11,,,,,,,,,,,,,,,,,,,,,224.2252197265625,33.2840576171875,,,,186.7899932861328,17.109073638916016,,,,,
2023-04-12,,,,,,,,,,,,,,,,,,,,,223.5970458984375,33.0731315612793,,,,180.5399932861328,17.178586959838867,,,,,
2023-04-13,,,,,,,,,,,,,,,,,,,,,228.38682556152344,33.17437744140625,,,,185.89999389648438,17.34368324279785,,,,,
2023-04-14,,,,,,,,,,,,,,,,,,,,,229.69223022460938,33.09000778198242,,,,185.0,17.317615509033203,,,,,
2023-04-17,,,,,,,,,,,,,,,,,,,,,229.16220092773438,33.29249572753906,,,,187.0399932861328,17.195966720581055,,,,,
2023-04-18,,,,,,,,,,,,,,,,,,,,,229.27999877929688,32.85376739501953,,,,184.30999755859375,17.22203254699707,,,,,
2023-04-19,,,,,,,,,,,,,,,,,,,,,228.26904296875,32.56690979003906,,,,180.58999633789062,17.11776351928711,,,,,
2023-04-20,,,,,,,,,,,,,,,,,,,,,230.2615203857422,31.377294540405273,,,,162.99000549316406,15.336470603942871,,,,,
2023-04-21,,,,,,,,,,,,,,,,,,,,,229.72166442871094,31.486970901489258,,,,165.0800018310547,15.831756591796875,,,,,
2023-04-24,,,,,,,,,,,,,,,,,,,,,228.4554901123047,31.301355361938477,,,,162.5500030517578,15.23220443725586,,,,,
2023-04-25,,,,,,,,,,,,,,,,,,,,,225.34413146972656,31.47010040283203,,,,160.6699981689453,15.214824676513672,,,,,
2023-04-26,,,,,,,,,,,,,,,,,,,,,223.93077087402344,31.149484634399414,,,,153.75,14.94545841217041,,,,,
2023-04-27,,,,,,,,,,,,,,,,,,,,,224.77487182617188,32.72721481323242,,,,160.19000244140625,15.301716804504395,,,,,
2023-04-28,,,,,,,,,,,,,,,,,,,,,228.4260711669922,32.76095962524414,,,,164.30999755859375,15.353849411010742,,,,,
2023-05-01,,,,,,,,,,,,,,,,,,,,,228.21014404296875,32.65972137451172,,,,161.8300018310547,15.206134796142578,,,,,
2023-05-02,,,,,,,,,,,,,,,,,,,,,222.78240966796875,31.78226661682129,,,,160.30999755859375,14.832497596740723,,,,,
2023-05-03,,,,,,,,,,,,,,,,,,,,,221.80091857910156,32.043819427490234,,,,160.61000061035156,14.84987735748291,,,,,
2023-05-04,,,,,,,,,,,,,,,,,,,,,221.42796325683594,31.512283325195312,,,,161.1999969482422,14.69347095489502,,,,,
2023-05-05,,,,,,,,,,,,,,,,,,,,,227.49363708496094,31.917266845703125,,,,170.05999755859375,14.884632110595703,,,,,
2023-05-08,,,,,,,,,,,,,,,,,,,,,227.93533325195312,31.917266845703125,,,,171.7899932861328,14.875944137573242,,,,,
2023-05-09,,,,,,,,,,,,,,,,,,,,,228.94627380371094,31.69789695739746,,,,169.14999389648438,14.789053916931152,,,,,
2023-05-10,,,,,,,,,,,,,,,,,,,,,226.99310302734375,31.748523712158203,,,,168.5399932861328,14.806432723999023,,,,,
2023-05-11,,,,,,,,,,,,,,,,,,,,,227.179931640625,31.72320556640625,,,,172.0800018310547,14.736916542053223,,,,,
2023-05-12,,,,,,,,,,,,,,,,,,,,,227.54380798339844,31.714771270751953,,,,167.97999572753906,14.797740936279297,,,,,
2023-05-15,,,,,,,,,,,,,,,,,,,,,228.95008850097656,31.02294158935547,,,,166.35000610351562,14.728227615356445,,,,,
2023-05-16,,,,,,,,,,,,,,,,,,,,,226.6488800048828,30.415470123291016,,,,166.52000427246094,14.36328125,,,,,
2023-05-17,,,,,,,,,,,,,,,,,,,,,228.79275512695312,30.5251522064209,,,,173.86000061035156,14.476240158081055,,,,,
2023-05-18,,,,,,,,,,,,,,,,,,,,,229.7269744873047,30.482959747314453,,,,176.88999938964844,14.380657196044922,,,,,
2023-05-19,,,,,,,,,,,,,,,,,,,,,229.44180297851562,30.415470123291016,,,,180.13999938964844,14.17211627960205,,,,,
2023-05-22,,,,,,,,,,,,,,,,,,,,,227.44544982910156,30.339536666870117,,,,188.8699951171875,14.232940673828125,,,,,
2023-05-23,,,,,,,,,,,,,,,,,,,,,220.85653686523438,30.575777053833008,,,,185.77000427246094,13.989643096923828,,,,,
2023-05-24,,,,,,,,,,,,,,,,,,,,,218.565185546875,30.26360511779785,,,,182.89999389648438,13.859304428100586,,,,,
2023-05-25,,,,,,,,,,,,,,,,,,,,,219.6764373779297,29.37771224975586,,,,184.47000122070312,13.164168357849121,,,,,
2023-05-26,,,,,,,,,,,,,,,,,,,,,221.2794189453125,29.529582977294922,,,,193.1699981689453,13.468290328979492,,,,,
2023-05-30,,,,,,,,,,,,,,,,,,,,,217.96531677246094,29.445213317871094,,,,201.16000366210938,13.58993911743164,,,,,
2023-05-31,,,,,,,,,,,,,,,,,,,,,217.36538696289062,30.061115264892578,,,,203.92999267578125,13.668142318725586,,,,,
2023-06-01,,,,,,,,,,,,,,,,,,,,,222.7447052001953,30.137046813964844,,,,207.52000427246094,13.737656593322754,,,,,
2023-06-02,,,,,,,,,,,,,,,,,,,,,224.99673461914062,29.175230026245117,,,,213.97000122070312,13.216302871704102,,,,,
2023-06-05,,,,,,,,,,,,,,,,,,,,,223.01025390625,29.073986053466797,,,,217.61000061035156,13.372708320617676,,,,,
2023-06-06,,,,,,,,,,,,,,,,,,,,,224.4362030029297,29.276473999023438,,,,221.30999755859375,13.616009712219238,,,,,
2023-06-07,,,,,,,,,,,,,,,,,,,,,221.5351104736328,29.748943328857422,,,,224.57000732421875,13.989643096923828,,,,,
2023-06-08,,,,,,,,,,,,,,,,,,,,,219.3519287109375,29.892375946044922,,,,234.86000061035156,13.963577270507812,,,,,
2023-06-09,,,,,,,,,,,,,,,,,,,,,219.85345458984375,29.926122665405273,,,,244.39999389648438,13.859304428100586,,,,,
2023-06-12,,,,,,,,,,,,,,,,,,,,,222.42019653320312,30.04423713684082,,,,249.8300018310547,13.841927528381348,,,,,
2023-06-13,,,,,,,,,,,,,,,,,,,,,219.6961212158203,29.934558868408203,,,,258.7099914550781,13.746344566345215,,,,,
2023-06-14,,,,,,,,,,,,,,,,,,,,,219.73545837402344,30.145488739013672,,,,256.7900085449219,13.763724327087402,,,,,
2023-06-15,,,,,,,,,,,,,,,,,,,,,222.42019653320312,30.744510650634766,,,,255.89999389648438,13.928820610046387,,,,,
2023-06-16,,,,,,,,,,,,,,,,,,,,,225.11474609375,30.76138687133789,,,,260.5400085449219,13.954886436462402,,,,,
2023-06-20,,,,,,,,,,,,,,,,,,,,,222.7152099609375,30.212984085083008,,,,274.45001220703125,13.711588859558105,,,,,
2023-06-21,,,,,,,,,,,,,,,,,,,,,223.48228454589844,30.22985076904297,,,,259.4599914550781,13.563871383666992,,,,,
2023-06-22,,,,,,,,,,,,,,,,,,,,,224.60337829589844,30.24673080444336,,,,264.6099853515625,13.53780460357666,,,,,
2023-06-23,,,,,,,,,,,,,,,,,,,,,225.74415588378906,29.95987319946289,,,,256.6000061035156,13.424843788146973,,,,,
2023-06-26,,,,,,,,,,,,,,,,,,,,,222.54803466796875,30.466096878051758,,,,241.0500030517578,13.581249237060547,,,,,
2023-06-27,,,,,,,,,,,,,,,,,,,,,223.57077026367188,30.837326049804688,,,,250.2100067138672,13.763724327087402,,,,,
2023-06-28,,,,,,,,,,,,,,,,,,,,,224.18051147460938,31.065120697021484,,,,256.239990234375,13.711588859558105,,,,,
2023-06-29,,,,,,,,,,,,,,,,,,,,,230.43505859375,31.208555221557617,,,,257.5,13.88537311553955,,,,,
2023-06-30,,,,,,,,,,,,,,,,,,,,,233.54266357421875,31.377294540405273,,,,261.7699890136719,13.859304428100586,,,,,
2023-07-03,,,,,,,,,,,,,,,,,,,,,234.02455139160156,31.453218460083008,,,,279.82000732421875,14.0070219039917,,,,,
2023-07-05,,,,,,,,,,,,,,,,,,,,,235.47999572753906,31.621965408325195,,,,282.4800109863281,13.963577270507812,,,,,
2023-07-06,,,,,,,,,,,,,,,,,,,,,234.91946411132812,31.326669692993164,,,,276.5400085449219,13.78979206085205,,,,,
2023-07-07,,,,,,,,,,,,,,,,,,,,,232.52975463867188,30.83114242553711,,,,274.42999267578125,13.805710792541504,,,,,
2023-07-10,,,,,,,,,,,,,,,,,,,,,234.2113800048828,30.178443908691406,,,,269.6099853515625,13.505010604858398,,,,,
2023-07-11,,,,,,,,,,,,,,,,,,,,,236.561767578125,30.04962158203125,,,,269.7900085449219,13.469632148742676,,,,,
2023-07-12,,,,,,,,,,,,,,,,,,,,,238.1942596435547,29.937976837158203,,,,271.989990234375,13.372347831726074,,,,,
2023-07-13,,,,,,,,,,,,,,,,,,,,,239.27601623535156,29.749040603637695,,,,277.8999938964844,13.372347831726074,,,,,
2023-07-14,,,,,,,,,,,,,,,,,,,,,239.12852478027344,29.207988739013672,,,,281.3800048828125,12.824010848999023,,,,,
2023-07-17,,,,,,,,,,,,,,,,,,,,,239.94471740722656,27.018033981323242,,,,290.3800048828125,11.966129302978516,,,,,
2023-07-18,,,,,,,,,,,,,,,,,,,,,236.77813720703125,27.713672637939453,,,,293.3399963378906,11.89537525177002,,,,,
2023-07-19,,,,,,,,,,,,,,,,,,,,,237.4173126220703,29.173641204833984,,,,291.260009765625,12.903608322143555,,,,,
2023-07-20,,,,,,,,,,,,,,,,,,,,,235.64718627929688,28.890233993530273,,,,262.8999938964844,12.965516090393066,,,,,
2023-07-21,,,,,,,,,,,,,,,,,,,,,235.28334045410156,29.096351623535156,,,,260.0199890136719,13.053959846496582,,,,,
2023-07-24,,,,,,,,,,,,,,,,,,,,,236.74862670898438,29.18222427368164,,,,269.05999755859375,13.221999168395996,,,,,
2023-07-25,,,,,,,,,,,,,,,,,,,,,234.7326202392578,29.405519485473633,,,,265.2799987792969,13.089336395263672,,,,,
2023-07-26,,,,,,,,,,,,,,,,,,,,,233.16897583007812,29.491397857666016,,,,264.3500061035156,13.168933868408203,,,,,
2023-07-27,,,,,,,,,,,,,,,,,,,,,230.55308532714844,28.812942504882812,,,,255.7100067138672,12.832856178283691,,,,,
2023-07-28,,,,,,,,,,,,,,,,,,,,,231.84136962890625,29.22516632080078,,,,266.44000244140625,12.779791831970215,,,,,
2023-07-31,,,,,,,,,,,,,,,,,,,,,233.78851318359375,29.268110275268555,,,,267.42999267578125,12.841699600219727,,,,,
2023-08-01,,,,,,,,,,,,,,,,,,,,,235.8045196533203,28.70988655090332,,,,261.07000732421875,12.647128105163574,,,,,
2023-08-02,,,,,,,,,,,,,,,,,,,,,233.621337890625,28.615419387817383,,,,254.11000061035156,12.691349029541016,,,,,
2023-08-03,,,,,,,,,,,,,,,,,,,,,234.8014373779297,28.392126083374023,,,,259.32000732421875,12.46140193939209,,,,,
2023-08-04,,,,,,,,,,,,,,,,,,,,,235.0276336669922,28.014253616333008,,,,253.86000061035156,12.381804466247559,,,,,
2023-08-07,,,,,,,,,,,,,,,,,,,,,237.505859375,27.936960220336914,,,,251.4499969482422,12.390646934509277,,,,,
2023-08-08,,,,,,,,,,,,,,,,,,,,,235.3226318359375,27.9713134765625,,,,249.6999969482422,12.540998458862305,,,,,
2023-08-09,,,,,,,,,,,,,,,,,,,,,235.78488159179688,28.0915470123291,,,,242.19000244140625,12.620597839355469,,,,,
2023-08-10,,,,,,,,,,,,,,,,,,,,,236.62237548828125,28.357776641845703,,,,245.33999633789062,12.532154083251953,,,,,
2023-08-11,,,,,,,,,,,,,,,,,,,,,236.5041046142578,28.649770736694336,,,,242.64999389648438,12.709036827087402,,,,,
2023-08-14,,,,,,,,,,,,,,,,,,,,,239.32199096679688,28.821529388427734,,,,239.75999450683594,12.6117525100708,,,,,
2023-08-15,,,,,,,,,,,,,,,,,,,,,236.2971954345703,28.563884735107422,,,,232.9600067138672,12.505620956420898,,,,,
2023-08-16,,,,,,,,,,,,,,,,,,,,,235.76513671875,28.572477340698242,,,,225.60000610351562,12.470246315002441,,,,,
2023-08-17,,,,,,,,,,,,,,,,,,,,,233.87342834472656,28.392126083374023,,,,219.22000122070312,12.390646934509277,,,,,
2023-08-18,,,,,,,,,,,,,,,,,,,,,234.66165161132812,28.495187759399414,,,,215.49000549316406,12.426026344299316,,,,,
2023-08-21,,,,,,,,,,,,,,,,,,,,,235.93267822265625,28.340599060058594,,,,231.27999877929688,12.470246315002441,,,,,
2023-08-22,,,,,,,,,,,,,,,,,,,,,237.0263214111328,28.512357711791992,,,,233.19000244140625,12.6117525100708,,,,,
2023-08-23,,,,,,,,,,,,,,,,,,,,,238.73080444335938,28.50377082824707,,,,236.86000061035156,12.523309707641602,,,,,
2023-08-24,,,,,,,,,,,,,,,,,,,,,235.94252014160156,28.666946411132812,,,,230.0399932861328,12.514464378356934,,,,,
2023-08-25,,,,,,,,,,,,,,,,,,,,,238.99688720703125,28.641183853149414,,,,238.58999633789062,12.47908878326416,,,,,
2023-08-28,,,,,,,,,,,,,,,,,,,,,240.23829650878906,28.812942504882812,,,,238.82000732421875,12.567530632019043,,,,,
2023-08-29,,,,,,,,,,,,,,,,,,,,,241.72605895996094,29.791982650756836,,,,257.17999267578125,13.062803268432617,,,,,
2023-08-30,,,,,,,,,,,,,,,,,,,,,242.60293579101562,29.749040603637695,,,,256.8999938964844,13.027425765991211,,,,,
2023-08-31,,,,,,,,,,,,,,,,,,,,,242.06103515625,30.041034698486328,,,,258.0799865722656,13.08049201965332,,,,,
2023-09-01,,,,,,,,,,,,,,,,,,,,,244.45526123046875,29.937976837158203,,,,245.00999450683594,12.956673622131348,,,,,
2023-09-05,,,,,,,,,,,,,,,,,,,,,241.72605895996094,29.457046508789062,,,,256.489990234375,12.806321144104004,,,,,
2023-09-06,,,,,,,,,,,,,,,,,,,,,242.53395080566406,29.353986740112305,,,,251.9199981689453,12.921296119689941,,,,,
2023-09-07,,,,,,,,,,,,,,,,,,,,,243.49949645996094,29.036231994628906,,,,251.49000549316406,12.921296119689941,,,,,
2023-09-08,,,,,,,,,,,,,,,,,,,,,243.6472930908203,28.727060317993164,,,,248.5,12.735570907592773,,,,,
2023-09-11,,,,,,,,,,,,,,,,,,,,,243.578369140625,29.147876739501953,,,,273.5799865722656,12.841699600219727,,,,,
2023-09-12,,,,,,,,,,,,,,,,,,,,,243.6571807861328,29.2337589263916,,,,267.4800109863281,12.78863525390625,,,,,
2023-09-13,,,,,,,,,,,,,,,,,,,,,244.1793670654297,29.07917594909668,,,,271.29998779296875,12.93014144897461,,,,,
2023-09-14,,,,,,,,,,,,,,,,,,,,,237.94259643554688,29.2337589263916,,,,276.0400085449219,13.319282531738281,,,,,
2023-09-15,,,,,,,,,,,,,,,,,,,,,237.51895141601562,29.01905059814453,,,,274.3900146484375,13.469632148742676,,,,,
2023-09-18,,,,,,,,,,,,,,,,,,,,,241.05606079101562,28.795764923095703,,,,265.2799987792969,13.345815658569336,,,,,
2023-09-19,,,,,,,,,,,,,,,,,,,,,239.97225952148438,28.684123992919922,,,,266.5,13.451946258544922,,,,,
2023-09-20,,,,,,,,,,,,,,,,,,,,,238.29733276367188,28.855880737304688,,,,262.5899963378906,13.752646446228027,,,,,
2023-09-21,,,,,,,,,,,,,,,,,,,,,233.1246337890625,28.589656829833984,,,,255.6999969482422,13.540387153625488,,,,,
2023-09-22,,,,,,,,,,,,,,,,,,,,,231.6171875,28.581064224243164,,,,244.8800048828125,13.372347831726074,,,,,
2023-09-25,,,,,,,,,,,,,,,,,,,,,229.9225311279297,28.478008270263672,,,,246.99000549316406,13.319282531738281,,,,,
2023-09-26,,,,,,,,,,,,,,,,,,,,,226.2671661376953,28.332015991210938,,,,244.1199951171875,13.283907890319824,,,,,
2023-09-27,,,,,,,,,,,,,,,,,,,,,226.11936950683594,27.8253173828125,,,,240.5,13.151243209838867,,,,,
2023-09-28,,,,,,,,,,,,,,,,,,,,,228.24755859375,27.95413589477539,,,,246.3800048828125,13.275062561035156,,,,,
2023-09-29,,,,,,,,,,,,,,,,,,,,,226.62184143066406,27.833904266357422,,,,250.22000122070312,13.283907890319824,,,,,
2023-10-02,,,,,,,,,,,,,,,,,,,,,227.8633270263672,27.275678634643555,,,,251.60000610351562,12.974361419677734,,,,,
2023-10-03,,,,,,,,,,,,,,,,,,,,,225.4395294189453,27.464618682861328,,,,246.52999877929688,13.071646690368652,,,,,
2023-10-04,,,,,,,,,,,,,,,,,,,,,227.8140411376953,27.086742401123047,,,,261.1600036621094,12.956673622131348,,,,,
2023-10-05,,,,,,,,,,,,,,,,,,,,,230.04074096679688,27.32720947265625,,,,260.04998779296875,13.115867614746094,,,,,
2023-10-06,,,,,,,,,,,,,,,,,,,,,231.57777404785156,27.059682846069336,,,,260.5299987792969,13.023935317993164,,,,,
2023-10-09,,,,,,,,,,,,,,,,,,,,,230.9866180419922,27.58596420288086,,,,259.6700134277344,13.276300430297852,,,,,
2023-10-10,,,,,,,,,,,,,,,,,,,,,233.11480712890625,27.85787582397461,,,,263.6199951171875,13.483603477478027,,,,,
2023-10-11,,,,,,,,,,,,,,,,,,,,,232.2083282470703,27.594730377197266,,,,262.989990234375,13.31235408782959,,,,,
2023-10-12,,,,,,,,,,,,,,,,,,,,,233.29212951660156,27.112308502197266,,,,258.8699951171875,13.023935317993164,,,,,
2023-10-13,,,,,,,,,,,,,,,,,,,,,234.16903686523438,26.901796340942383,,,,251.1199951171875,12.942814826965332,,,,,
2023-10-16,,,,,,,,,,,,,,,,,,,,,236.53369140625,27.41053581237793,,,,253.9199981689453,12.987881660461426,,,,,
2023-10-17,,,,,,,,,,,,,,,,,,,,,237.64703369140625,27.638593673706055,,,,254.85000610351562,13.141104698181152,,,,,
2023-10-18,,,,,,,,,,,,,,,,,,,,,233.9719696044922,27.235109329223633,,,,242.67999267578125,12.90676212310791,,,,,
2023-10-19,,,,,,,,,,,,,,,,,,,,,230.36587524414062,27.699989318847656,,,,220.11000061035156,13.753995895385742,,,,,
2023-10-20,,,,,,,,,,,,,,,,,,,,,229.9422149658203,27.691219329833984,,,,211.99000549316406,13.862152099609375,,,,,
2023-10-23,,,,,,,,,,,,,,,,,,,,,228.11947631835938,27.53333282470703,,,,212.0800018310547,13.474589347839355,,,,,
2023-10-24,,,,,,,,,,,,,,,,,,,,,231.1934814453125,30.085803985595703,,,,216.52000427246094,13.997349739074707,,,,,
2023-10-25,,,,,,,,,,,,,,,,,,,,,233.36111450195312,29.550750732421875,,,,212.4199981689453,13.690903663635254,,,,,
2023-10-26,,,,,,,,,,,,,,,,,,,,,227.87313842773438,30.23491668701172,,,,205.75999450683594,13.627811431884766,,,,,
2023-10-27,,,,,,,,,,,,,,,,,,,,,225.8927764892578,29.331464767456055,,,,207.3000030517578,13.357419967651367,,,,,
2023-10-30,,,,,,,,,,,,,,,,,,,,,229.6466522216797,30.36648941040039,,,,197.36000061035156,13.753995895385742,,,,,
2023-10-31,,,,,,,,,,,,,,,,,,,,,231.6368865966797,30.81382942199707,,,,200.83999633789062,13.880178451538086,,,,,
2023-11-01,,,,,,,,,,,,,,,,,,,,,235.06561279296875,31.050655364990234,,,,205.66000366210938,14.042413711547852,,,,,
2023-11-02,,,,,,,,,,,,,,,,,,,,,239.66685485839844,31.48923110961914,,,,218.50999450683594,14.1776123046875,,,,,
2023-11-03,,,,,,,,,,,,,,,,,,,,,240.0116729736328,31.594480514526367,,,,219.9600067138672,14.3128080368042,,,,,
2023-11-06,,,,,,,,,,,,,,,,,,,,,239.90330505371094,31.261165618896484,,,,219.27000427246094,14.195636749267578,,,,,
2023-11-07,,,,,,,,,,,,,,,,,,,,,241.16445922851562,31.52430534362793,,,,222.17999267578125,14.276755332946777,,,,,
2023-11-08,,,,,,,,,,,,,,,,,,,,,240.8287353515625,31.37519645690918,,,,222.11000061035156,14.105506896972656,,,,,
2023-11-09,,,,,,,,,,,,,,,,,,,,,238.58740234375,31.243621826171875,,,,209.97999572753906,14.087479591369629,,,,,
2023-11-10,,,,,,,,,,,,,,,,,,,,,242.15179443359375,31.322568893432617,,,,214.64999389648438,14.096494674682617,,,,,
2023-11-13,,,,,,,,,,,,,,,,,,,,,241.57911682128906,31.419055938720703,,,,223.7100067138672,14.042413711547852,,,,,
2023-11-14,,,,,,,,,,,,,,,,,,,,,243.8204345703125,31.471683502197266,,,,237.41000366210938,14.087479591369629,,,,,
2023-11-15,,,,,,,,,,,,,,,,,,,,,244.97569274902344,31.576936721801758,,,,242.83999633789062,14.204649925231934,,,,,
2023-11-16,,,,,,,,,,,,,,,,,,,,,245.42987060546875,31.734825134277344,,,,233.58999633789062,14.3128080368042,,,,,
2023-11-17,,,,,,,,,,,,,,,,,,,,,246.4073486328125,31.7786808013916,,,,234.3000030517578,14.330833435058594,,,,,
2023-11-20,,,,,,,,,,,,,,,,,,,,,246.81216430664062,32.217247009277344,,,,235.60000610351562,14.51109504699707,,,,,
2023-11-21,,,,,,,,,,,,,,,,,,,,,249.0436553955078,32.67335891723633,,,,241.1999969482422,14.592215538024902,,,,,
2023-11-22,,,,,,,,,,,,,,,,,,,,,250.5148162841797,32.76107406616211,,,,234.2100067138672,14.574187278747559,,,,,
2023-11-24,,,,,,,,,,,,,,,,,,,,,251.0874786376953,32.81370162963867,,,,235.4499969482422,14.61023998260498,,,,,
2023-11-27,,,,,,,,,,,,,,,,,,,,,250.92950439453125,32.76107406616211,,,,236.0800018310547,14.61023998260498,,,,,
2023-11-28,,,,,,,,,,,,,,,,,,,,,249.74465942382812,32.8663330078125,,,,246.72000122070312,14.583202362060547,,,,,
2023-11-29,,,,,,,,,,,,,,,,,,,,,251.01837158203125,33.12070083618164,,,,244.13999938964844,14.691357612609863,,,,,
2023-11-30,,,,,,,,,,,,,,,,,,,,,253.43740844726562,33.620670318603516,,,,240.0800018310547,14.934711456298828,,,,,
2023-12-01,,,,,,,,,,,,,,,,,,,,,253.2103271484375,33.8399543762207,,,,238.8300018310547,15.10595989227295,,,,,
2023-12-04,,,,,,,,,,,,,,,,,,,,,251.2257080078125,33.366294860839844,,,,235.5800018310547,15.01583194732666,,,,,
2023-12-05,,,,,,,,,,,,,,,,,,,,,251.3935546875,33.699607849121094,,,,238.72000122070312,15.520563125610352,,,,,
2023-12-06,,,,,,,,,,,,,,,,,,,,,251.07760620117188,33.76978302001953,,,,239.3699951171875,15.268197059631348,,,,,
2023-12-07,,,,,,,,,,,,,,,,,,,,,252.58828735351562,33.90135192871094,,,,242.63999938964844,15.403392791748047,,,,,
2023-12-08,,,,,,,,,,,,,,,,,,,,,252.50930786132812,33.55049514770508,,,,243.83999633789062,15.250170707702637,,,,,
2023-12-11,,,,,,,,,,,,,,,,,,,,,253.2794189453125,33.04175567626953,,,,239.74000549316406,14.979779243469238,,,,,
2023-12-12,,,,,,,,,,,,,,,,,,,,,256.2810363769531,32.71721649169922,,,,237.00999450683594,14.79050350189209,,,,,
2023-12-13,,,,,,,,,,,,,,,,,,,,,259.0654296875,32.44530487060547,,,,239.2899932861328,14.826556205749512,,,,,
2023-12-14,,,,,,,,,,,,,,,,,,,,,255.4615020751953,33.21718215942383,,,,251.0500030517578,15.006815910339355,,,,,
2023-12-15,,,,,,,,,,,,,,,,,,,,,254.77035522460938,32.77861785888672,,,,253.5,14.889646530151367,,,,,
2023-12-18,,,,,,,,,,,,,,,,,,,,,255.1060791015625,33.04175567626953,,,,252.0800018310547,14.835565567016602,,,,,
2023-12-19,,,,,,,,,,,,,,,,,,,,,256.70556640625,32.954044342041016,,,,257.2200012207031,14.970763206481934,,,,,
2023-12-20,,,,,,,,,,,,,,,,,,,,,253.86196899414062,32.71721649169922,,,,247.13999938964844,14.781489372253418,,,,,
2023-12-21,,,,,,,,,,,,,,,,,,,,,256.26129150390625,32.831241607666016,,,,254.5,14.8626070022583,,,,,
2023-12-22,,,,,,,,,,,,,,,,,,,,,255.16529846191406,32.883872985839844,,,,252.5399932861328,14.916683197021484,,,,,
2023-12-26,,,,,,,,,,,,,,,,,,,,,255.88612365722656,32.87510299682617,,,,256.6099853515625,14.934711456298828,,,,,
2023-12-27,,,,,,,,,,,,,,,,,,,,,255.65899658203125,32.725990295410156,,,,261.44000244140625,14.9437255859375,,,,,
2023-12-28,,,,,,,,,,,,,,,,,,,,,257.11041259765625,32.883872985839844,,,,253.17999267578125,15.087932586669922,,,,,
2023-12-29,,,,,,,,,,,,,,,,,,,,,257.0610656738281,33.06807327270508,,,,248.47999572753906,15.123988151550293,,,,,
2024-01-02,,,,,,,,,,,,,,,,,,,,,255.59976196289062,34.10309600830078,,,,248.4199981689453,15.547603607177734,,,,,
2024-01-03,,,,,,,,,,,,,,,,,,,,,254.7209930419922,34.348690032958984,,,,238.4499969482422,15.529574394226074,,,,,
2024-01-04,,,,,,,,,,,,,,,,,,,,,256.33038330078125,34.53289031982422,,,,237.92999267578125,15.457470893859863,,,,,
2024-01-05,,,,,,,,,,,,,,,,,,,,,256.40936279296875,35.26091384887695,,,,237.49000549316406,15.745891571044922,,,,,
2024-01-08,,,,,,,,,,,,,,,,,,,,,259.223388671875,35.17319869995117,,,,240.4499969482422,15.610692024230957,,,,,
2024-01-09,,,,,,,,,,,,,,,,,,,,,260.00341796875,34.820892333984375,,,,234.9600067138672,15.526423454284668,,,,,
2024-01-10,,,,,,,,,,,,,,,,,,,,,261.21783447265625,34.8565673828125,,,,233.94000244140625,15.453142166137695,,,,,
2024-01-11,,,,,,,,,,,,,,,,,,,,,260.6945495605469,33.80409240722656,,,,227.22000122070312,14.866890907287598,,,,,
2024-01-12,,,,,,,,,,,,,,,,,,,,,260.8327941894531,34.392765045166016,,,,218.88999938964844,15.095893859863281,,,,,
2024-01-16,,,,,,,,,,,,,,,,,,,,,261.8892822265625,35.04387283325195,,,,219.91000366210938,15.059255599975586,,,,,
2024-01-17,,,,,,,,,,,,,,,,,,,,,263.2616882324219,34.66926193237305,,,,215.5500030517578,15.031773567199707,,,,,
2024-01-18,,,,,,,,,,,,,,,,,,,,,264.7526550292969,34.7317008972168,,,,211.8800048828125,15.022612571716309,,,,,
2024-01-19,,,,,,,,,,,,,,,,,,,,,267.477783203125,35.07954788208008,,,,212.19000244140625,15.269936561584473,,,,,
2024-01-22,,,,,,,,,,,,,,,,,,,,,267.77398681640625,35.30253219604492,,,,208.8000030517578,15.389018058776855,,,,,
2024-01-23,,,,,,,,,,,,,,,,,,,,,267.8332214355469,37.66614532470703,,,,209.13999938964844,15.746264457702637,,,,,
2024-01-24,,,,,,,,,,,,,,,,,,,,,268.2182922363281,36.81881332397461,,,,207.8300018310547,15.27910041809082,,,,,
2024-01-25,,,,,,,,,,,,,,,,,,,,,269.1661682128906,37.71965789794922,,,,182.6300048828125,15.737104415893555,,,,,
2024-01-26,,,,,,,,,,,,,,,,,,,,,264.55517578125,37.81776809692383,,,,183.25,15.83786678314209,,,,,
2024-01-29,,,,,,,,,,,,,,,,,,,,,270.2029113769531,37.505592346191406,,,,190.92999267578125,15.801227569580078,,,,,
2024-01-30,,,,,,,,,,,,,,,,,,,,,273.6488342285156,37.88020706176758,,,,191.58999633789062,16.057708740234375,,,,,
2024-01-31,,,,,,,,,,,,,,,,,,,,,269.8079528808594,37.773170471191406,,,,187.2899932861328,16.204269409179688,,,,,
2024-02-01,,,,,,,,,,,,,,,,,,,,,273.5500793457031,37.89804458618164,,,,188.86000061035156,16.524879455566406,,,,,
2024-02-02,,,,,,,,,,,,,,,,,,,,,273.6784362792969,37.57695007324219,,,,187.91000366210938,16.3325138092041,,,,,
2024-02-05,,,,,,,,,,,,,,,,,,,,,272.0986328125,36.90800094604492,,,,181.05999755859375,16.240909576416016,,,,,
2024-02-06,,,,,,,,,,,,,,,,,,,,,273.2637634277344,36.65825653076172,,,,185.10000610351562,16.130990982055664,,,,,
2024-02-07,,,,,,,,,,,,,,,,,,,,,275.8605651855469,36.05175018310547,,,,187.5800018310547,15.874505043029785,,,,,
2024-02-08,,,,,,,,,,,,,,,,,,,,,272.80389404296875,35.596866607666016,,,,189.55999755859375,15.40733814239502,,,,,
2024-02-09,,,,,,,,,,,,,,,,,,,,,273.44683837890625,35.42740249633789,,,,193.57000732421875,15.425660133361816,,,,,
2024-02-12,,,,,,,,,,,,,,,,,,,,,272.1015319824219,35.766326904296875,,,,188.1300048828125,15.590543746948242,,,,,
2024-02-13,,,,,,,,,,,,,,,,,,,,,272.8335266113281,35.793094635009766,,,,184.02000427246094,15.480620384216309,,,,,
2024-02-14,,,,,,,,,,,,,,,,,,,,,274.56463623046875,35.81092834472656,,,,188.7100067138672,15.489781379699707,,,,,
2024-02-15,,,,,,,,,,,,,,,,,,,,,277.94775390625,36.20337677001953,,,,200.4499969482422,15.6546630859375,,,,,
2024-02-16,,,,,,,,,,,,,,,,,,,,,275.5538330078125,36.11418914794922,,,,199.9499969482422,15.544740676879883,,,,,
2024-02-20,,,,,,,,,,,,,,,,,,,,,272.1806640625,36.123104095458984,,,,193.75999450683594,15.489781379699707,,,,,
2024-02-21,,,,,,,,,,,,,,,,,,,,,273.7733459472656,36.65825653076172,,,,194.77000427246094,15.572223663330078,,,,,
2024-02-22,,,,,,,,,,,,,,,,,,,,,280.6878662109375,36.3282470703125,,,,197.41000366210938,15.196656227111816,,,,,
2024-02-23,,,,,,,,,,,,,,,,,,,,,280.5394592285156,36.265811920166016,,,,191.97000122070312,15.389018058776855,,,,,
2024-02-26,,,,,,,,,,,,,,,,,,,,,281.0835266113281,35.40064239501953,,,,199.39999389648438,15.205818176269531,,,,,
2024-02-27,,,,,,,,,,,,,,,,,,,,,280.1141357421875,35.614707946777344,,,,199.72999572753906,15.416502952575684,,,,,
2024-02-28,,,,,,,,,,,,,,,,,,,,,282.547607421875,35.766326904296875,,,,202.0399932861328,15.535579681396484,,,,,
2024-02-29,,,,,,,,,,,,,,,,,,,,,279.5898742675781,35.694984436035156,,,,201.8800048828125,15.508101463317871,,,,,
2024-03-01,,,,,,,,,,,,,,,,,,,,,280.104248046875,35.855525970458984,,,,202.63999938964844,15.553899765014648,,,,,
2024-03-04,,,,,,,,,,,,,,,,,,,,,277.5025939941406,35.953636169433594,,,,188.13999938964844,15.389018058776855,,,,,
2024-03-05,,,,,,,,,,,,,,,,,,,,,276.3650207519531,35.989315032958984,,,,180.74000549316406,15.72794246673584,,,,,
2024-03-06,,,,,,,,,,,,,,,,,,,,,277.4037170410156,35.614707946777344,,,,176.5399932861328,15.737104415893555,,,,,
2024-03-07,,,,,,,,,,,,,,,,,,,,,275.2571105957031,35.2579345703125,,,,178.64999389648438,15.618021965026855,,,,,
2024-03-08,,,,,,,,,,,,,,,,,,,,,277.01788330078125,35.24009704589844,,,,175.33999633789062,15.755426406860352,,,,,
2024-03-11,,,,,,,,,,,,,,,,,,,,,277.5323181152344,35.793094635009766,,,,177.77000427246094,15.874505043029785,,,,,
2024-03-12,,,,,,,,,,,,,,,,,,,,,280.8560485839844,35.793094635009766,,,,177.5399932861328,15.755426406860352,,,,,
2024-03-13,,,,,,,,,,,,,,,,,,,,,282.0628662109375,35.90903854370117,,,,169.47999572753906,15.746264457702637,,,,,
2024-03-14,,,,,,,,,,,,,,,,,,,,,283.3191833496094,35.47200012207031,,,,162.5,15.581380844116211,,,,,
2024-03-15,,,,,,,,,,,,,,,,,,,,,279.9855041503906,35.222259521484375,,,,163.57000732421875,15.618021965026855,,,,,
2024-03-18,,,,,,,,,,,,,,,,,,,,,281.9737854003906,35.614707946777344,,,,173.8000030517578,15.847023963928223,,,,,
2024-03-19,,,,,,,,,,,,,,,,,,,,,284.2490234375,35.650386810302734,,,,171.32000732421875,15.72794246673584,,,,,
2024-03-20,,,,,,,,,,,,,,,,,,,,,286.158203125,35.7841682434082,,,,175.66000366210938,15.764582633972168,,,,,
2024-03-21,,,,,,,,,,,,,,,,,,,,,287.2364196777344,36.15877914428711,,,,172.82000732421875,15.718785285949707,,,,,
2024-03-22,,,,,,,,,,,,,,,,,,,,,280.2031555175781,36.00715255737305,,,,170.8300018310547,15.553899765014648,,,,,
2024-03-25,,,,,,,,,,,,,,,,,,,,,278.17529296875,36.4531135559082,,,,172.6300048828125,15.682144165039062,,,,,
2024-03-26,,,,,,,,,,,,,,,,,,,,,277.57183837890625,36.43527603149414,,,,177.6699981689453,15.737104415893555,,,,,
2024-03-27,,,,,,,,,,,,,,,,,,,,,276.0088806152344,37.05071258544922,,,,179.8300018310547,16.076030731201172,,,,,
2024-03-28,,,,,,,,,,,,,,,,,,,,,276.0682678222656,37.42531967163086,,,,175.7899932861328,16.1218318939209,,,,,
2024-04-01,,,,,,,,,,,,,,,,,,,,,275.2768859863281,37.71073913574219,,,,175.22000122070312,16.030227661132812,,,,,
2024-04-02,,,,,,,,,,,,,,,,,,,,,275.4351501464844,37.9426383972168,,,,166.6300048828125,16.04854965209961,,,,,
2024-04-03,,,,,,,,,,,,,,,,,,,,,273.9711608886719,38.2102165222168,,,,168.3800048828125,16.130990982055664,,,,,
2024-04-04,,,,,,,,,,,,,,,,,,,,,271.0430908203125,37.86236572265625,,,,171.11000061035156,16.094350814819336,,,,,
2024-04-05,,,,,,,,,,,,,,,,,,,,,274.14923095703125,37.56802749633789,,,,164.89999389648438,15.956947326660156,,,,,
2024-04-08,,,,,,,,,,,,,,,,,,,,,274.7624816894531,37.220176696777344,,,,172.97999572753906,15.801227569580078,,,,,
2024-04-09,,,,,,,,,,,,,,,,,,,,,273.7337341308594,37.016239166259766,,,,176.8800048828125,15.73419189453125,,,,,
2024-04-10,,,,,,,,,,,,,,,,,,,,,271.5179138183594,36.72620391845703,,,,171.75999450683594,15.57591724395752,,,,,
2024-04-11,,,,,,,,,,,,,,,,,,,,,272.7049255371094,36.39990997314453,,,,174.60000610351562,15.287303924560547,,,,,
2024-04-12,,,,,,,,,,,,,,,,,,,,,272.98193359375,36.00110626220703,,,,171.0500030517578,15.184890747070312,,,,,
2024-04-15,,,,,,,,,,,,,,,,,,,,,268.3524169921875,36.354591369628906,,,,161.47999572753906,15.119721412658691,,,,,
2024-04-16,,,,,,,,,,,,,,,,,,,,,268.42169189453125,36.046424865722656,,,,157.11000061035156,14.98006820678711,,,,,
2024-04-17,,,,,,,,,,,,,,,,,,,,,269.74725341796875,36.055484771728516,,,,155.4499969482422,15.007999420166016,,,,,
2024-04-18,,,,,,,,,,,,,,,,,,,,,268.44146728515625,36.372718811035156,,,,149.92999267578125,15.203512191772461,,,,,
2024-04-19,,,,,,,,,,,,,,,,,,,,,266.8686218261719,36.69901657104492,,,,147.0500030517578,15.37109661102295,,,,,
2024-04-22,,,,,,,,,,,,,,,,,,,,,269.39111328125,34.98596954345703,,,,142.0500030517578,15.184890747070312,,,,,
2024-04-23,,,,,,,,,,,,,,,,,,,,,271.15191650390625,35.98297882080078,,,,144.67999267578125,15.361783981323242,,,,,
2024-04-24,,,,,,,,,,,,,,,,,,,,,272.05206298828125,35.79264450073242,,,,162.1300048828125,15.650402069091797,,,,,
2024-04-25,,,,,,,,,,,,,,,,,,,,,272.1905517578125,35.54792022705078,,,,170.17999267578125,15.436267852783203,,,,,
2024-04-26,,,,,,,,,,,,,,,,,,,,,271.55743408203125,35.96485137939453,,,,168.2899932861328,15.594538688659668,,,,,
2024-04-29,,,,,,,,,,,,,,,,,,,,,268.9064025878906,36.336463928222656,,,,194.0500030517578,15.845916748046875,,,,,
2024-04-30,,,,,,,,,,,,,,,,,,,,,265.7112121582031,35.79264450073242,,,,183.27999877929688,15.724883079528809,,,,,
2024-05-01,,,,,,,,,,,,,,,,,,,,,264.4351501464844,35.529788970947266,,,,179.99000549316406,15.752811431884766,,,,,
2024-05-02,,,,,,,,,,,,,,,,,,,,,264.72198486328125,35.28506851196289,,,,180.00999450683594,15.659708976745605,,,,,
2024-05-03,,,,,,,,,,,,,,,,,,,,,265.5924987792969,35.248817443847656,,,,181.19000244140625,15.687642097473145,,,,,
2024-05-06,,,,,,,,,,,,,,,,,,,,,269.7274475097656,35.64762496948242,,,,184.75999450683594,15.817984580993652,,,,,
2024-05-07,,,,,,,,,,,,,,,,,,,,,273.4765319824219,35.629493713378906,,,,177.80999755859375,15.901773452758789,,,,,
2024-05-08,,,,,,,,,,,,,,,,,,,,,274.19866943359375,35.7835807800293,,,,174.72000122070312,15.929706573486328,,,,,
2024-05-09,,,,,,,,,,,,,,,,,,,,,275.5340881347656,36.06455612182617,,,,171.97000122070312,15.994877815246582,,,,,
2024-05-10,,,,,,,,,,,,,,,,,,,,,277.7103271484375,36.61743927001953,,,,168.47000122070312,15.985566139221191,,,,,
2024-05-13,,,,,,,,,,,,,,,,,,,,,276.37493896484375,36.74433135986328,,,,171.88999938964844,16.06935691833496,,,,,
2024-05-14,,,,,,,,,,,,,,,,,,,,,274.7427062988281,36.69901657104492,,,,177.5500030517578,16.106597900390625,,,,,
2024-05-15,,,,,,,,,,,,,,,,,,,,,278.462158203125,36.69901657104492,,,,173.99000549316406,16.13452911376953,,,,,
2024-05-16,,,,,,,,,,,,,,,,,,,,,277.33233642578125,36.48147964477539,,,,174.83999633789062,16.106597900390625,,,,,
2024-05-17,,,,,,,,,,,,,,,,,,,,,277.59002685546875,36.30927658081055,,,,177.4600067138672,16.1997013092041,,,,,
2024-05-20,,,,,,,,,,,,,,,,,,,,,276.0440368652344,36.36365509033203,,,,174.9499969482422,16.311424255371094,,,,,
2024-05-21,,,,,,,,,,,,,,,,,,,,,273.4772033691406,35.91047286987305,,,,186.60000610351562,16.078670501708984,,,,,
2024-05-22,,,,,,,,,,,,,,,,,,,,,273.1105041503906,36.06455612182617,,,,180.11000061035156,16.292802810668945,,,,,
2024-05-23,,,,,,,,,,,,,,,,,,,,,271.77264404296875,35.73826217651367,,,,173.74000549316406,16.264873504638672,,,,,
2024-05-24,,,,,,,,,,,,,,,,,,,,,272.0303039550781,36.01923751831055,,,,179.24000549316406,16.292802810668945,,,,,
2024-05-28,,,,,,,,,,,,,,,,,,,,,268.5517578125,35.67481231689453,,,,176.75,16.078670501708984,,,,,
2024-05-29,,,,,,,,,,,,,,,,,,,,,266.4507751464844,35.43915557861328,,,,176.19000244140625,15.939017295837402,,,,,
2024-05-30,,,,,,,,,,,,,,,,,,,,,268.8688659667969,36.55399703979492,,,,178.7899932861328,16.404523849487305,,,,,
2024-05-31,,,,,,,,,,,,,,,,,,,,,270.01849365234375,37.29722213745117,,,,178.0800018310547,16.963134765625,,,,,
2024-06-03,,,,,,,,,,,,,,,,,,,,,267.9571228027344,37.14313507080078,,,,176.2899932861328,16.767620086669922,,,,,
2024-06-04,,,,,,,,,,,,,,,,,,,,,269.9788513183594,37.6688346862793,,,,174.77000427246094,17.084169387817383,,,,,
2024-06-05,,,,,,,,,,,,,,,,,,,,,272.0401916503906,37.47848892211914,,,,175.0,17.037614822387695,,,,,
2024-06-06,,,,,,,,,,,,,,,,,,,,,274.5574645996094,37.46036911010742,,,,177.94000244140625,17.01899528503418,,,,,
2024-06-07,,,,,,,,,,,,,,,,,,,,,276.1728820800781,37.10688018798828,,,,177.47999572753906,16.85141372680664,,,,,
2024-06-10,,,,,,,,,,,,,,,,,,,,,272.5753479003906,36.62649917602539,,,,173.7899932861328,16.62796974182129,,,,,
2024-06-11,,,,,,,,,,,,,,,,,,,,,272.2087097167969,36.63555908203125,,,,170.66000366210938,16.62796974182129,,,,,
2024-06-12,,,,,,,,,,,,,,,,,,,,,267.8976745605469,36.046424865722656,,,,177.2899932861328,16.39521598815918,,,,,
2024-06-13,,,,,,,,,,,,,,,,,,,,,268.7598876953125,36.055484771728516,,,,182.47000122070312,16.451074600219727,,,,,
2024-06-14,,,,,,,,,,,,,,,,,,,,,268.2346496582031,35.955787658691406,,,,178.00999450683594,16.423145294189453,,,,,
2024-06-17,,,,,,,,,,,,,,,,,,,,,268.74005126953125,35.765445709228516,,,,187.44000244140625,16.451074600219727,,,,,
2024-06-18,,,,,,,,,,,,,,,,,,,,,271.1681213378906,36.32740020751953,,,,184.86000061035156,16.804859161376953,,,,,
2024-06-20,,,,,,,,,,,,,,,,,,,,,274.3393859863281,36.4724235534668,,,,181.57000732421875,16.86072540283203,,,,,
2024-06-21,,,,,,,,,,,,,,,,,,,,,272.7538146972656,36.4724235534668,,,,183.00999450683594,17.130718231201172,,,,,
2024-06-24,,,,,,,,,,,,,,,,,,,,,273.8240661621094,37.31534194946289,,,,182.5800018310547,17.36347198486328,,,,,
2024-06-25,,,,,,,,,,,,,,,,,,,,,271.0789489746094,37.2337760925293,,,,187.35000610351562,17.400712966918945,,,,,
2024-06-26,,,,,,,,,,,,,,,,,,,,,271.1482849121094,37.17939376831055,,,,196.3699951171875,17.465883255004883,,,,,
2024-06-27,,,,,,,,,,,,,,,,,,,,,264.20111083984375,36.99811935424805,,,,197.4199981689453,17.456575393676758,,,,,
2024-06-28,,,,,,,,,,,,,,,,,,,,,260.11798095703125,37.37879180908203,,,,197.8800048828125,17.7917423248291,,,,,
2024-07-01,,,,,,,,,,,,,,,,,,,,,260.881103515625,37.83197784423828,,,,209.86000061035156,17.67070770263672,,,,,
2024-07-02,,,,,,,,,,,,,,,,,,,,,265.8264465332031,37.25189971923828,,,,231.25999450683594,17.521745681762695,,,,,
2024-07-03,,,,,,,,,,,,,,,,,,,,,266.5795593261719,37.270023345947266,,,,246.38999938964844,17.39140510559082,,,,,
2024-07-05,,,,,,,,,,,,,,,,,,,,,267.93731689453125,37.405982971191406,,,,251.52000427246094,17.475194931030273,,,,,
2024-07-08,,,,,,,,,,,,,,,,,,,,,264.0127868652344,37.64164352416992,,,,252.94000244140625,17.512435913085938,,,,,
2024-07-09,,,,,,,,,,,,,,,,,,,,,263.0614318847656,37.43317413330078,,,,262.3299865722656,17.50312614440918,,,,,
2024-07-10,,,,,,,,,,,,,,,,,,,,,260.6432800292969,37.843116760253906,,,,263.260009765625,17.709135055541992,,,,,
2024-07-11,,,,,,,,,,,,,,,,,,,,,260.1972961425781,38.045780181884766,,,,241.02999877929688,17.822532653808594,,,,,
2024-07-12,,,,,,,,,,,,,,,,,,,,,263.35870361328125,38.16553497314453,,,,248.22999572753906,17.77528190612793,,,,,
2024-07-15,,,,,,,,,,,,,,,,,,,,,266.04443359375,37.57596206665039,,,,252.63999938964844,17.557937622070312,,,,,
2024-07-16,,,,,,,,,,,,,,,,,,,,,266.8372497558594,38.1839599609375,,,,256.55999755859375,17.81308364868164,,,,,
2024-07-17,,,,,,,,,,,,,,,,,,,,,270.25634765625,38.718257904052734,,,,248.5,18.106027603149414,,,,,
2024-07-18,,,,,,,,,,,,,,,,,,,,,266.7381591796875,38.755104064941406,,,,249.22999572753906,18.096580505371094,,,,,
2024-07-19,,,,,,,,,,,,,,,,,,,,,263.08123779296875,38.34055709838867,,,,239.1999969482422,18.0682315826416,,,,,
2024-07-22,,,,,,,,,,,,,,,,,,,,,265.31109619140625,36.00991439819336,,,,251.50999450683594,17.529584884643555,,,,,
2024-07-23,,,,,,,,,,,,,,,,,,,,,262.417236328125,35.8256721496582,,,,246.3800048828125,17.208288192749023,,,,,
2024-07-24,,,,,,,,,,,,,,,,,,,,,251.89239501953125,36.544212341308594,,,,215.99000549316406,18.106027603149414,,,,,
2024-07-25,,,,,,,,,,,,,,,,,,,,,251.4662628173828,36.80215072631836,,,,220.25,18.134380340576172,,,,,
2024-07-26,,,,,,,,,,,,,,,,,,,,,257.135009765625,36.93111801147461,,,,219.8000030517578,17.964282989501953,,,,,
2024-07-29,,,,,,,,,,,,,,,,,,,,,259.25579833984375,36.8758430480957,,,,232.10000610351562,17.860332489013672,,,,,
2024-07-30,,,,,,,,,,,,,,,,,,,,,260.74237060546875,36.88506317138672,,,,222.6199951171875,17.935930252075195,,,,,
2024-07-31,,,,,,,,,,,,,,,,,,,,,263.28936767578125,37.32723617553711,,,,232.07000732421875,18.191078186035156,,,,,
2024-08-01,,,,,,,,,,,,,,,,,,,,,263.5470275878906,37.63123321533203,,,,216.86000061035156,18.398977279663086,,,,,
2024-08-02,,,,,,,,,,,,,,,,,,,,,264.191162109375,37.741783142089844,,,,207.6699981689453,18.304481506347656,,,,,
2024-08-05,,,,,,,,,,,,,,,,,,,,,254.1420440673828,36.66396713256836,,,,198.8800048828125,17.869783401489258,,,,,
2024-08-06,,,,,,,,,,,,,,,,,,,,,255.9457550048828,37.08772277832031,,,,200.63999938964844,18.134380340576172,,,,,
2024-08-07,,,,,,,,,,,,,,,,,,,,,254.22132873535156,37.10614776611328,,,,191.75999450683594,18.191078186035156,,,,,
2024-08-08,,,,,,,,,,,,,,,,,,,,,257.501708984375,37.32723617553711,,,,198.83999633789062,18.332828521728516,,,,,
2024-08-09,,,,,,,,,,,,,,,,,,,,,257.94854736328125,37.53911590576172,,,,200.0,18.417877197265625,,,,,
2024-08-12,,,,,,,,,,,,,,,,,,,,,258.0776062011719,37.336448669433594,,,,197.49000549316406,18.361177444458008,,,,,
2024-08-13,,,,,,,,,,,,,,,,,,,,,258.31591796875,37.56674575805664,,,,207.8300018310547,18.446226119995117,,,,,
2024-08-14,,,,,,,,,,,,,,,,,,,,,259.3189392089844,37.67729568481445,,,,201.3800048828125,18.550174713134766,,,,,
2024-08-15,,,,,,,,,,,,,,,,,,,,,264.9394226074219,36.88506317138672,,,,214.13999938964844,18.039880752563477,,,,,
2024-08-16,,,,,,,,,,,,,,,,,,,,,265.5154113769531,37.4101448059082,,,,216.1199951171875,18.2761287689209,,,,,
2024-08-19,,,,,,,,,,,,,,,,,,,,,264.61175537109375,37.529903411865234,,,,222.72000122070312,18.417877197265625,,,,,
2024-08-20,,,,,,,,,,,,,,,,,,,,,266.1708068847656,37.63123321533203,,,,221.10000610351562,18.417877197265625,,,,,
2024-08-21,,,,,,,,,,,,,,,,,,,,,266.32965087890625,37.81547546386719,,,,223.27000427246094,18.46512794494629,,,,,
2024-08-22,,,,,,,,,,,,,,,,,,,,,266.07147216796875,37.649658203125,,,,210.66000366210938,18.436779022216797,,,,,
2024-08-23,,,,,,,,,,,,,,,,,,,,,265.5749816894531,37.962867736816406,,,,220.32000732421875,18.64467430114746,,,,,
2024-08-26,,,,,,,,,,,,,,,,,,,,,266.339599609375,38.22080612182617,,,,213.2100067138672,18.673025131225586,,,,,
2024-08-27,,,,,,,,,,,,,,,,,,,,,268.83209228515625,38.1839599609375,,,,209.2100067138672,18.569076538085938,,,,,
2024-08-28,,,,,,,,,,,,,,,,,,,,,267.3127746582031,38.22080612182617,,,,205.75,18.72972297668457,,,,,
2024-08-29,,,,,,,,,,,,,,,,,,,,,272.4070129394531,37.999717712402344,,,,206.27999877929688,18.673025131225586,,,,,
2024-08-30,,,,,,,,,,,,,,,,,,,,,274.44268798828125,38.48795700073242,,,,214.11000061035156,18.805322647094727,,,,,
2024-09-03,,,,,,,,,,,,,,,,,,,,,276.5975646972656,39.54734420776367,,,,210.60000610351562,19.306169509887695,,,,,
2024-09-04,,,,,,,,,,,,,,,,,,,,,278.5339660644531,38.21159362792969,,,,219.41000366210938,19.438467025756836,,,,,
2024-09-05,,,,,,,,,,,,,,,,,,,,,276.677001953125,38.054988861083984,,,,230.1699981689453,19.51406478881836,,,,,
2024-09-06,,,,,,,,,,,,,,,,,,,,,277.4217834472656,37.907596588134766,,,,210.72999572753906,19.81646156311035,,,,,
2024-09-09,,,,,,,,,,,,,,,,,,,,,283.6182556152344,39.363101959228516,,,,216.27000427246094,20.317310333251953,,,,,
2024-09-10,,,,,,,,,,,,,,,,,,,,,283.35009765625,40.21060562133789,,,,226.1699981689453,20.51575469970703,,,,,
2024-09-11,,,,,,,,,,,,,,,,,,,,,281.9797668457031,40.34878921508789,,,,228.1300048828125,20.270061492919922,,,,,
2024-09-12,,,,,,,,,,,,,,,,,,,,,283.37994384765625,40.4040641784668,,,,229.80999755859375,20.402359008789062,,,,,
2024-09-13,,,,,,,,,,,,,,,,,,,,,285.34613037109375,40.92914962768555,,,,230.2899932861328,20.449607849121094,,,,,
2024-09-16,,,,,,,,,,,,,,,,,,,,,288.4543151855469,41.4542350769043,,,,226.77999877929688,21.044954299926758,,,,,
2024-09-17,,,,,,,,,,,,,,,,,,,,,289.5267639160156,40.606727600097656,,,,227.8699951171875,20.581907272338867,,,,,
2024-09-18,,,,,,,,,,,,,,,,,,,,,286.46826171875,40.42249298095703,,,,227.1999969482422,20.534658432006836,,,,,
2024-09-19,,,,,,,,,,,,,,,,,,,,,283.2508239746094,40.477760314941406,,,,243.9199981689453,20.18501091003418,,,,,
2024-09-20,,,,,,,,,,,,,,,,,,,,,282.78411865234375,40.837032318115234,,,,238.25,20.35511016845703,,,,,
2024-09-23,,,,,,,,,,,,,,,,,,,,,286.6171875,40.77254104614258,,,,250.0,20.307859420776367,,,,,
2024-09-24,,,,,,,,,,,,,,,,,,,,,270.87774658203125,41.14102554321289,,,,254.27000427246094,20.402359008789062,,,,,
2024-09-25,,,,,,,,,,,,,,,,,,,,,267.74969482421875,41.03969192504883,,,,257.0199890136719,20.37401008605957,,,,,
2024-09-26,,,,,,,,,,,,,,,,,,,,,269.79534912109375,41.10417938232422,,,,254.22000122070312,20.459060668945312,,,,,
2024-09-27,,,,,,,,,,,,,,,,,,,,,273.2510986328125,41.3529052734375,,,,260.4599914550781,20.6953067779541,,,,,
2024-09-30,,,,,,,,,,,,,,,,,,,,,273.0325622558594,41.37133026123047,,,,261.6300048828125,20.789804458618164,,,,,
2024-10-01,,,,,,,,,,,,,,,,,,,,,275.66412353515625,41.64768981933594,,,,258.0199890136719,20.91265296936035,,,,,
2024-10-02,,,,,,,,,,,,,,,,,,,,,275.0683288574219,41.50029373168945,,,,249.02000427246094,20.969356536865234,,,,,
2024-10-03,,,,,,,,,,,,,,,,,,,,,274.92926025390625,41.012062072753906,,,,240.66000366210938,20.837053298950195,,,,,
2024-10-04,,,,,,,,,,,,,,,,,,,,,275.99176025390625,40.69884490966797,,,,250.0800018310547,20.704757690429688,,,,,
2024-10-07,,,,,,,,,,,,,,,,,,,,,271.88067626953125,40.38563919067383,,,,240.8300018310547,20.581907272338867,,,,,
2024-10-08,,,,,,,,,,,,,,,,,,,,,273.04254150390625,40.54224395751953,,,,244.5,20.657506942749023,,,,,
2024-10-09,,,,,,,,,,,,,,,,,,,,,274.998779296875,40.63436508178711,,,,241.0500030517578,20.723655700683594,,,,,
2024-10-10,,,,,,,,,,,,,,,,,,,,,275.5350341796875,40.18341064453125,,,,238.77000427246094,20.310176849365234,,,,,
2024-10-11,,,,,,,,,,,,,,,,,,,,,275.9024353027344,40.23019027709961,,,,217.8000030517578,20.453746795654297,,,,,
2024-10-14,,,,,,,,,,,,,,,,,,,,,278.72265625,40.40795135498047,,,,219.16000366210938,20.348464965820312,,,,,
2024-10-15,,,,,,,,,,,,,,,,,,,,,277.34234619140625,40.92252731323242,,,,219.57000732421875,20.587743759155273,,,,,
2024-10-16,,,,,,,,,,,,,,,,,,,,,285.514892578125,41.08157730102539,,,,221.3300018310547,20.7791690826416,,,,,
2024-10-17,,,,,,,,,,,,,,,,,,,,,288.3649597167969,41.02544021606445,,,,220.88999938964844,20.798311233520508,,,,,
2024-10-18,,,,,,,,,,,,,,,,,,,,,288.5933532714844,41.15642166137695,,,,220.6999969482422,20.91316795349121,,,,,
2024-10-21,,,,,,,,,,,,,,,,,,,,,284.849609375,40.885101318359375,,,,218.85000610351562,20.731313705444336,,,,,
2024-10-22,,,,,,,,,,,,,,,,,,,,,282.80401611328125,38.826812744140625,,,,217.97000122070312,20.57817268371582,,,,,
2024-10-23,,,,,,,,,,,,,,,,,,,,,281.7811584472656,40.099205017089844,,,,213.64999389648438,21.525724411010742,,,,,
2024-10-24,,,,,,,,,,,,,,,,,,,,,281.24493408203125,39.16362380981445,,,,260.4800109863281,21.24816131591797,,,,,
2024-10-25,,,,,,,,,,,,,,,,,,,,,279.7653503417969,38.71453857421875,,,,269.19000244140625,20.89402198791504,,,,,
2024-10-28,,,,,,,,,,,,,,,,,,,,,282.2081604003906,38.939083099365234,,,,262.510009765625,21.162019729614258,,,,,
2024-10-29,,,,,,,,,,,,,,,,,,,,,279.9142761230469,38.66776657104492,,,,259.5199890136719,21.22901725769043,,,,,
2024-10-30,,,,,,,,,,,,,,,,,,,,,288.13653564453125,38.6209831237793,,,,257.54998779296875,21.07588005065918,,,,,
2024-10-31,,,,,,,,,,,,,,,,,,,,,287.82867431640625,39.416229248046875,,,,249.85000610351562,21.573583602905273,,,,,
2024-11-01,,,,,,,,,,,,,,,,,,,,,288.71246337890625,38.695831298828125,,,,248.97999572753906,21.17159080505371,,,,,
2024-11-04,,,,,,,,,,,,,,,,,,,,,289.8147277832031,38.415157318115234,,,,242.83999633789062,20.980165481567383,,,,,
2024-11-05,,,,,,,,,,,,,,,,,,,,,291.2447204589844,38.60226821899414,,,,251.44000244140625,21.104591369628906,,,,,
2024-11-06,,,,,,,,,,,,,,,,,,,,,305.25628662109375,38.50871276855469,,,,288.5299987792969,21.363014221191406,,,,,
2024-11-07,,,,,,,,,,,,,,,,,,,,,303.66741943359375,37.95671463012695,,,,296.9100036621094,21.095022201538086,,,,,
2024-11-08,,,,,,,,,,,,,,,,,,,,,305.7229919433594,37.87251281738281,,,,321.2200012207031,21.382158279418945,,,,,
2024-11-11,,,,,,,,,,,,,,,,,,,,,308.75177001953125,37.83509063720703,,,,350.0,21.353443145751953,,,,,
2024-11-12,,,,,,,,,,,,,,,,,,,,,308.2742004394531,37.79766845703125,,,,328.489990234375,21.20030403137207,,,,,
2024-11-13,,,,,,,,,,,,,,,,,,,,,307.9060974121094,38.4900016784668,,,,330.239990234375,21.343870162963867,,,,,
2024-11-14,,,,,,,,,,,,,,,,,,,,,306.68231201171875,38.237388610839844,,,,311.17999267578125,21.296018600463867,,,,,
2024-11-15,,,,,,,,,,,,,,,,,,,,,308.0652770996094,38.96715545654297,,,,320.7200012207031,21.70758056640625,,,,,
2024-11-18,,,,,,,,,,,,,,,,,,,,,310.57244873046875,39.52849578857422,,,,338.739990234375,22.004289627075195,,,,,
2024-11-19,,,,,,,,,,,,,,,,,,,,,310.2640075683594,39.2291145324707,,,,346.0,21.755435943603516,,,,,
2024-11-20,,,,,,,,,,,,,,,,,,,,,305.82672119140625,39.50043487548828,,,,342.0299987792969,21.851150512695312,,,,,
2024-11-21,,,,,,,,,,,,,,,,,,,,,308.3239440917969,39.76239776611328,,,,339.6400146484375,21.99471664428711,,,,,
2024-11-22,,,,,,,,,,,,,,,,,,,,,308.3438415527344,40.37053298950195,,,,352.55999755859375,22.186141967773438,,,,,
2024-11-25,,,,,,,,,,,,,,,,,,,,,311.5971984863281,41.147064208984375,,,,338.5899963378906,22.109573364257812,,,,,
2024-11-26,,,,,,,,,,,,,,,,,,,,,310.23419189453125,41.51194381713867,,,,338.2300109863281,22.100000381469727,,,,,
2024-11-27,,,,,,,,,,,,,,,,,,,,,313.0995178222656,41.521297454833984,,,,332.8900146484375,22.272281646728516,,,,,
2024-11-29,,,,,,,,,,,,,,,,,,,,,313.4775695800781,41.4838752746582,,,,345.1600036621094,22.16699981689453,,,,,
2024-12-02,,,,,,,,,,,,,,,,,,,,,315.0395812988281,41.02544021606445,,,,357.0899963378906,21.72672462463379,,,,,
2024-12-03,,,,,,,,,,,,,,,,,,,,,311.4181213378906,41.00672912597656,,,,351.4200134277344,22.722131729125977,,,,,
2024-12-04,,,,,,,,,,,,,,,,,,,,,308.3239440917969,39.78111267089844,,,,357.92999267578125,22.521135330200195,,,,,
2024-12-05,,,,,,,,,,,,,,,,,,,,,307.5080871582031,39.809173583984375,,,,369.489990234375,22.808273315429688,,,,,
2024-12-06,,,,,,,,,,,,,,,,,,,,,309.42828369140625,39.64077377319336,,,,389.2200012207031,22.856128692626953,,,,,
2024-12-09,,,,,,,,,,,,,,,,,,,,,306.7320861816406,39.63141632080078,,,,389.7900085449219,22.367996215820312,,,,,
2024-12-10,,,,,,,,,,,,,,,,,,,,,310.7913513183594,39.575279235839844,,,,400.989990234375,22.50199317932129,,,,,
2024-12-11,,,,,,,,,,,,,,,,,,,,,312.19415283203125,39.285247802734375,,,,424.7699890136719,22.47327995300293,,,,,
2024-12-12,,,,,,,,,,,,,,,,,,,,,312.63189697265625,39.36945343017578,,,,418.1000061035156,22.35842514038086,,,,,
2024-12-13,,,,,,,,,,,,,,,,,,,,,313.1393127441406,39.55656814575195,,,,436.2300109863281,22.616846084594727,,,,,
2024-12-16,,,,,,,,,,,,,,,,,,,,,314.28350830078125,38.24674987792969,,,,463.0199890136719,21.860719680786133,,,,,
2024-12-17,,,,,,,,,,,,,,,,,,,,,316.6811828613281,38.15319061279297,,,,479.8599853515625,21.851150512695312,,,,,
2024-12-18,,,,,,,,,,,,,,,,,,,,,308.20452880859375,37.64797592163086,,,,440.1300048828125,21.516155242919922,,,,,
2024-12-19,,,,,,,,,,,,,,,,,,,,,313.2785949707031,37.395362854003906,,,,436.1700134277344,21.602296829223633,,,,,
2024-12-20,,,,,,,,,,,,,,,,,,,,,316.0942077636719,37.35794448852539,,,,421.05999755859375,21.774578094482422,,,,,
2024-12-23,,,,,,,,,,,,,,,,,,,,,315.60675048828125,37.3672981262207,,,,430.6000061035156,21.860719680786133,,,,,
2024-12-24,,,,,,,,,,,,,,,,,,,,,319.0192565917969,37.2363166809082,,,,462.2799987792969,21.96600341796875,,,,,
2024-12-26,,,,,,,,,,,,,,,,,,,,,319.2779846191406,37.386009216308594,,,,454.1300048828125,21.975574493408203,,,,,
2024-12-27,,,,,,,,,,,,,,,,,,,,,317.0393981933594,37.34858322143555,,,,431.6600036621094,21.879863739013672,,,,,
2024-12-30,,,,,,,,,,,,,,,,,,,,,313.7064208984375,37.049198150634766,,,,417.4100036621094,21.640581130981445,,,,,
2024-12-31,,,,,,,,,,,,,,,,,,,,,314.4327087402344,37.41407775878906,,,,403.8399963378906,21.793720245361328,,,,,
2025-01-02,,,,,,,,,,,,,,,,,,,,,312.8010559082031,37.61990737915039,,,,379.2799987792969,21.851150512695312,,,,,
2025-01-03,,,,,,,,,,,,,,,,,,,,,313.3084716796875,37.666683197021484,,,,410.44000244140625,21.698009490966797,,,,,
2025-01-06,,,,,,,,,,,,,,,,,,,,,311.447998046875,37.058555603027344,,,,411.04998779296875,21.631011962890625,,,,,
2025-01-07,,,,,,,,,,,,,,,,,,,,,310.0849304199219,36.413002014160156,,,,394.3599853515625,21.24816131591797,,,,,
2025-01-08,,,,,,,,,,,,,,,,,,,,,311.0102233886719,36.43171310424805,,,,394.94000244140625,21.22901725769043,,,,,
2025-01-10,,,,,,,,,,,,,,,,,,,,,306.1450500488281,36.00133514404297,,,,394.739990234375,21.023530960083008,,,,,
2025-01-13,,,,,,,,,,,,,,,,,,,,,305.3591003417969,36.296504974365234,,,,403.30999755859375,20.897523880004883,,,,,
2025-01-14,,,,,,,,,,,,,,,,,,,,,307.51806640625,36.4488525390625,,,,396.3599853515625,21.130149841308594,,,,,
2025-01-15,,,,,,,,,,,,,,,,,,,,,314.6714782714844,36.3536376953125,,,,428.2200012207031,21.236770629882812,,,,,
2025-01-16,,,,,,,,,,,,,,,,,,,,,315.6365661621094,36.505977630615234,,,,413.82000732421875,21.343393325805664,,,,,
2025-01-17,,,,,,,,,,,,,,,,,,,,,317.9945373535156,36.924930572509766,,,,426.5,21.6050968170166,,,,,
2025-01-21,,,,,,,,,,,,,,,,,,,,,321.984130859375,37.1534538269043,,,,424.07000732421875,21.798948287963867,,,,,
2025-01-22,,,,,,,,,,,,,,,,,,,,,321.9144592285156,37.0868034362793,,,,415.1099853515625,21.634172439575195,,,,,
2025-01-23,,,,,,,,,,,,,,,,,,,,,326.54083251953125,37.3057975769043,,,,412.3800048828125,21.83772087097168,,,,,
2025-01-24,,,,,,,,,,,,,,,,,,,,,328.5207214355469,37.64857864379883,,,,406.5799865722656,22.021883010864258,,,,,
2025-01-27,,,,,,,,,,,,,,,,,,,,,332.838623046875,38.695960998535156,,,,397.1499938964844,23.398250579833984,,,,,
2025-01-28,,,,,,,,,,,,,,,,,,,,,332.7789611816406,38.46744155883789,,,,398.0899963378906,23.65026092529297,,,,,
2025-01-29,,,,,,,,,,,,,,,,,,,,,334.17181396484375,38.35317611694336,,,,389.1000061035156,23.485485076904297,,,,,
2025-01-30,,,,,,,,,,,,,,,,,,,,,341.3053283691406,37.58192825317383,,,,400.2799987792969,23.281936645507812,,,,,
2025-01-31,,,,,,,,,,,,,,,,,,,,,340.06170654296875,37.50575637817383,,,,404.6000061035156,23.0008487701416,,,,,
2025-02-03,,,,,,,,,,,,,,,,,,,,,344.0612487792969,38.067535400390625,,,,383.67999267578125,23.50486946105957,,,,,
2025-02-04,,,,,,,,,,,,,,,,,,,,,343.3946533203125,37.90566635131836,,,,392.2099914550781,23.50486946105957,,,,,
2025-02-05,,,,,,,,,,,,,,,,,,,,,347.662841796875,38.210357666015625,,,,378.1700134277344,23.718109130859375,,,,,
2025-02-06,,,,,,,,,,,,,,,,,,,,,345.71282958984375,38.029441833496094,,,,374.32000732421875,23.698726654052734,,,,,
2025-02-07,,,,,,,,,,,,,,,,,,,,,346.25006103515625,37.97231674194336,,,,361.6199951171875,23.785961151123047,,,,,
2025-02-10,,,,,,,,,,,,,,,,,,,,,349.4437561035156,38.03896713256836,,,,350.7300109863281,24.096126556396484,,,,,
2025-02-11,,,,,,,,,,,,,,,,,,,,,349.52349853515625,38.55313491821289,,,,328.5,24.377214431762695,,,,,
2025-02-12,,,,,,,,,,,,,,,,,,,,,350.29083251953125,38.59122085571289,,,,336.510009765625,24.580764770507812,,,,,
2025-02-13,,,,,,,,,,,,,,,,,,,,,354.416748046875,39.07682418823242,,,,355.94000244140625,24.842466354370117,,,,,
2025-02-14,,,,,,,,,,,,,,,,,,,,,352.6029357910156,39.02922058105469,,,,355.8399963378906,25.075092315673828,,,,,
2025-02-18,,,,,,,,,,,,,,,,,,,,,355.51300048828125,39.22917175292969,,,,354.1099853515625,25.268945693969727,,,,,
2025-02-19,,,,,,,,,,,,,,,,,,,,,354.0180969238281,40.000423431396484,,,,360.55999755859375,25.4337215423584,,,,,
2025-02-20,,,,,,,,,,,,,,,,,,,,,349.29425048828125,40.45746612548828,,,,354.3999938964844,25.346487045288086,,,,,
2025-02-21,,,,,,,,,,,,,,,,,,,,,347.3409729003906,40.71455001831055,,,,337.79998779296875,25.802047729492188,,,,,
2025-02-24,,,,,,,,,,,,,,,,,,,,,348.6663818359375,41.24776077270508,,,,330.5299987792969,25.918359756469727,,,,,
2025-02-25,,,,,,,,,,,,,,,,,,,,,350.8888244628906,41.619102478027344,,,,302.79998779296875,25.831125259399414,,,,,
2025-02-26,,,,,,,,,,,,,,,,,,,,,349.4338073730469,41.11445617675781,,,,290.79998779296875,25.753582000732422,,,,,
2025-02-27,,,,,,,,,,,,,,,,,,,,,354.5263671875,41.20014953613281,,,,281.95001220703125,26.073442459106445,,,,,
2025-02-28,,,,,,,,,,,,,,,,,,,,,361.47259521484375,41.03828048706055,,,,292.9800109863281,26.567771911621094,,,,,
2025-03-03,,,,,,,,,,,,,,,,,,,,,360.58563232421875,41.77145004272461,,,,284.6499938964844,26.86824607849121,,,,,
2025-03-04,,,,,,,,,,,,,,,,,,,,,351.0283508300781,40.81928634643555,,,,272.0400085449219,25.414335250854492,,,,,
2025-03-05,,,,,,,,,,,,,,,,,,,,,351.476806640625,40.79071807861328,,,,279.1000061035156,25.375568389892578,,,,,
2025-03-06,,,,,,,,,,,,,,,,,,,,,342.9858703613281,42.114227294921875,,,,263.45001220703125,25.90866470336914,,,,,
2025-03-07,,,,,,,,,,,,,,,,,,,,,344.1419372558594,43.856689453125,,,,262.6700134277344,26.286684036254883,,,,,
2025-03-10,,,,,,,,,,,,,,,,,,,,,340.3150329589844,44.26612091064453,,,,222.14999389648438,26.441768646240234,,,,,
2025-03-11,,,,,,,,,,,,,,,,,,,,,331.00689697265625,41.35249710083008,,,,230.5800018310547,25.210790634155273,,,,,
2025-03-12,,,,,,,,,,,,,,,,,,,,,331.7044982910156,40.55268096923828,,,,248.08999633789062,24.92970085144043,,,,,
2025-03-13,,,,,,,,,,,,,,,,,,,,,327.4291076660156,41.619102478027344,,,,240.67999267578125,25.288331985473633,,,,,
2025-03-14,,,,,,,,,,,,,,,,,,,,,330.66802978515625,41.485801696777344,,,,249.97999572753906,25.763275146484375,,,,,
2025-03-17,,,,,,,,,,,,,,,,,,,,,333.40863037109375,41.561973571777344,,,,238.00999450683594,26.005596160888672,,,,,
2025-03-18,,,,,,,,,,,,,,,,,,,,,333.6278991699219,42.114227294921875,,,,225.30999755859375,25.792354583740234,,,,,
2025-03-19,,,,,,,,,,,,,,,,,,,,,338.7104797363281,41.838104248046875,,,,235.86000061035156,26.015289306640625,,,,,
2025-03-20,,,,,,,,,,,,,,,,,,,,,338.3417663574219,41.657188415527344,,,,236.25999450683594,25.966825485229492,,,,,
2025-03-21,,,,,,,,,,,,,,,,,,,,,334.514892578125,41.885711669921875,,,,248.7100067138672,26.189756393432617,,,,,
2025-03-24,,,,,,,,,,,,,,,,,,,,,342.69683837890625,41.476280212402344,,,,278.3900146484375,26.1315975189209,,,,,
2025-03-25,,,,,,,,,,,,,,,,,,,,,343.4443054199219,41.409629821777344,,,,288.1400146484375,26.470844268798828,,,,,
2025-03-26,,,,,,,,,,,,,,,,,,,,,343.00579833984375,42.06662368774414,,,,272.05999755859375,26.800397872924805,,,,,
2025-03-27,,,,,,,,,,,,,,,,,,,,,348.6663818359375,42.80930709838867,,,,273.1300048828125,27.333499908447266,,,,,
2025-03-28,,,,,,,,,,,,,,,,,,,,,341.68035888671875,42.78074264526367,,,,263.54998779296875,27.31411361694336,,,,,
2025-03-31,,,,,,,,,,,,,,,,,,,,,349.2643737792969,43.19017791748047,,,,259.1600036621094,27.411039352416992,,,,,
2025-04-01,,,,,,,,,,,,,,,,,,,,,345.16839599609375,43.2092170715332,,,,268.4599914550781,27.60489273071289,,,,,
2025-04-02,,,,,,,,,,,,,,,,,,,,,345.1484375,42.59983444213867,,,,282.760009765625,27.275341033935547,,,,,
2025-04-03,,,,,,,,,,,,,,,,,,,,,338.2321472167969,43.43773651123047,,,,267.2799987792969,27.721206665039062,,,,,
2025-04-04,,,,,,,,,,,,,,,,,,,,,312.0617370605469,40.97163009643555,,,,239.42999267578125,25.82143211364746,,,,,
2025-04-07,,,,,,,,,,,,,,,,,,,,,311.2544860839844,40.54315948486328,,,,233.2899932861328,26.005596160888672,,,,,
2025-04-08,,,,,,,,,,,,,,,,,,,,,307.2182922363281,40.15277099609375,,,,221.86000061035156,25.579113006591797,,,,,
2025-04-09,,,,,,,,,,,,,,,,,,,,,331.2958679199219,40.83832931518555,,,,272.20001220703125,25.65665626525879,,,,,
2025-04-10,,,,,,,,,,,,,,,,,,,,,323.5025634765625,41.523284912109375,,,,252.39999389648438,25.850608825683594,,,,,
2025-04-11,,,,,,,,,,,,,,,,,,,,,332.2625732421875,42.30693054199219,,,,252.30999755859375,26.242435455322266,,,,,
2025-04-14,,,,,,,,,,,,,,,,,,,,,334.0364990234375,42.85837936401367,,,,252.35000610351562,26.644054412841797,,,,,
2025-04-15,,,,,,,,,,,,,,,,,,,,,334.6643371582031,43.03252029418945,,,,254.11000061035156,26.93792152404785,,,,,
2025-04-16,,,,,,,,,,,,,,,,,,,,,330.1996154785156,42.190834045410156,,,,241.5500030517578,26.46773338317871,,,,,
2025-04-17,,,,,,,,,,,,,,,,,,,,,328.4855041503906,42.606842041015625,,,,241.3699951171875,26.595073699951172,,,,,
2025-04-21,,,,,,,,,,,,,,,,,,,,,319.0079345703125,41.53296661376953,,,,227.5,25.791833877563477,,,,,
2025-04-22,,,,,,,,,,,,,,,,,,,,,330.2694091796875,41.78450012207031,,,,237.97000122070312,26.40895652770996,,,,,
2025-04-23,,,,,,,,,,,,,,,,,,,,,333.2292785644531,41.310447692871094,,,,250.74000549316406,26.634258270263672,,,,,
2025-04-24,,,,,,,,,,,,,,,,,,,,,334.564697265625,41.4168701171875,,,,259.510009765625,26.967308044433594,,,,,
2025-04-25,,,,,,,,,,,,,,,,,,,,,334.02655029296875,40.5461540222168,,,,284.95001220703125,26.26202392578125,,,,,
2025-04-28,,,,,,,,,,,,,,,,,,,,,336.3585510253906,41.010536193847656,,,,285.8800048828125,26.70282745361328,,,,,
2025-04-29,,,,,,,,,,,,,,,,,,,,,340.3548583984375,41.552310943603516,,,,292.0299987792969,26.74201011657715,,,,,
2025-04-30,,,,,,,,,,,,,,,,,,,,,344.3212890625,42.626190185546875,,,,282.1600036621094,27.133834838867188,,,,,
2025-05-01,,,,,,,,,,,,,,,,,,,,,341.2817077636719,41.89092254638672,,,,280.5199890136719,27.07505989074707,,,,,
2025-05-02,,,,,,,,,,,,,,,,,,,,,346.41412353515625,42.31660461425781,,,,287.2099914550781,27.045673370361328,,,,,
2025-05-05,,,,,,,,,,,,,,,,,,,,,347.4505920410156,42.123111724853516,,,,280.260009765625,26.947717666625977,,,,,
2025-05-06,,,,,,,,,,,,,,,,,,,,,346.5138244628906,42.71326446533203,,,,275.3500061035156,27.584430694580078,,,,,
2025-05-07,,,,,,,,,,,,,,,,,,,,,348.6564636230469,42.46171951293945,,,,276.2200012207031,27.525657653808594,,,,,
2025-05-08,,,,,,,,,,,,,,,,,,,,,350.07159423828125,42.190834045410156,,,,284.82000732421875,26.908533096313477,,,,,
2025-05-09,,,,,,,,,,,,,,,,,,,,,351.3372802734375,42.190834045410156,,,,298.260009765625,27.270973205566406,,,,,
2025-05-12,,,,,,,,,,,,,,,,,,,,,354.635986328125,41.600685119628906,,,,318.3800048828125,26.457937240600586,,,,,
2025-05-13,,,,,,,,,,,,,,,,,,,,,355.51446533203125,41.26207733154297,,,,334.07000732421875,25.90938377380371,,,,,
2025-05-14,,,,,,,,,,,,,,,,,,,,,355.8338623046875,40.97183609008789,,,,347.67999267578125,25.899587631225586,,,,,
2025-05-15,,,,,,,,,,,,,,,,,,,,,361.6636047363281,42.0650634765625,,,,342.82000732421875,26.77139663696289,,,,,
2025-05-16,,,,,,,,,,,,,,,,,,,,,364.4786682128906,42.558467864990234,,,,349.9800109863281,27.153423309326172,,,,,
2025-05-19,,,,,,,,,,,,,,,,,,,,,367.2537841796875,42.8680534362793,,,,342.0899963378906,27.447294235229492,,,,,
2025-05-20,,,,,,,,,,,,,,,,,,,,,366.1956481933594,42.78098678588867,,,,343.82000732421875,27.212200164794922,,,,,
2025-05-21,,,,,,,,,,,,,,,,,,,,,357.6706237792969,42.32627868652344,,,,334.6199951171875,26.908533096313477,,,,,
2025-05-22,,,,,,,,,,,,,,,,,,,,,357.3412170410156,41.72645568847656,,,,341.0400085449219,26.673439025878906,,,,,
2025-05-23,,,,,,,,,,,,,,,,,,,,,352.91900634765625,41.91027069091797,,,,339.3399963378906,26.859556198120117,,,,,
2025-05-27,,,,,,,,,,,,,,,,,,,,,358.66888427734375,42.084415435791016,,,,362.8900146484375,26.830169677734375,,,,,
2025-05-28,,,,,,,,,,,,,,,,,,,,,359.09814453125,41.72645568847656,,,,356.8999938964844,26.93792152404785,,,,,
2025-05-29,,,,,,,,,,,,,,,,,,,,,361.763427734375,41.91994857788086,,,,358.42999267578125,26.82037353515625,,,,,
2025-05-30,,,,,,,,,,,,,,,,,,,,,364.5485534667969,42.529441833496094,,,,346.4599914550781,27.231788635253906,,,,,
2025-06-02,,,,,,,,,,,,,,,,,,,,,364.6783142089844,42.664886474609375,,,,342.69000244140625,27.359132766723633,,,,,
2025-06-03,,,,,,,,,,,,,,,,,,,,,365.21734619140625,42.40367889404297,,,,344.2699890136719,27.388519287109375,,,,,
2025-06-04,,,,,,,,,,,,,,,,,,,,,367.3536071777344,41.83287811279297,,,,332.04998779296875,26.800783157348633,,,,,
2025-06-05,,,,,,,,,,,,,,,,,,,,,366.1257629394531,41.89092254638672,,,,284.70001220703125,27.192607879638672,,,,,
2025-06-06,,,,,,,,,,,,,,,,,,,,,369.5697021484375,42.37465286254883,,,,295.1400146484375,27.506067276000977,,,,,
2025-06-09,,,,,,,,,,,,,,,,,,,,,366.0159606933594,42.22953414916992,,,,308.5799865722656,27.290563583374023,,,,,
2025-06-10,,,,,,,,,,,,,,,,,,,,,370.04888916015625,42.693912506103516,,,,326.0899963378906,27.8391170501709,,,,,
2025-06-11,,,,,,,,,,,,,,,,,,,,,372.654296875,42.31660461425781,,,,326.42999267578125,27.760753631591797,,,,,
2025-06-12,,,,,,,,,,,,,,,,,,,,,370.74761962890625,41.75547790527344,,,,319.1099853515625,27.692184448242188,,,,,
2025-06-13,,,,,,,,,,,,,,,,,,,,,352.230224609375,41.61035919189453,,,,325.30999755859375,27.613819122314453,,,,,
2025-06-16,,,,,,,,,,,,,,,,,,,,,354.8556213378906,41.1169548034668,,,,329.1300048828125,27.3983154296875,,,,,
2025-06-17,,,,,,,,,,,,,,,,,,,,,357.2114562988281,40.48810577392578,,,,316.3500061035156,27.084856033325195,,,,,
2025-06-18,,,,,,,,,,,,,,,,,,,,,339.7821350097656,40.31396484375,,,,322.04998779296875,27.094650268554688,,,,,
2025-06-20,,,,,,,,,,,,,,,,,,,,,337.9753112792969,40.34299087524414,,,,322.1600036621094,27.202404022216797,,,,,
2025-06-23,,,,,,,,,,,,,,,,,,,,,343.1462097167969,40.98151397705078,,,,348.67999267578125,27.623615264892578,,,,,
2025-06-24,,,,,,,,,,,,,,,,,,,,,351.0123596191406,41.24272537231445,,,,340.4700012207031,27.701980590820312,,,,,
2025-06-25,,,,,,,,,,,,,,,,,,,,,344.653564453125,40.74932098388672,,,,327.54998779296875,27.349336624145508,,,,,
2025-06-26,,,,,,,,,,,,,,,,,,,,,345.4222106933594,40.72997283935547,,,,325.7799987792969,27.427703857421875,,,,,
2025-06-27,,,,,,,,,,,,,,,,,,,,,347.9976501464844,40.93313980102539,,,,323.6300048828125,27.506067276000977,,,,,
2025-06-30,,,,,,,,,,,,,,,,,,,,,354.4263610839844,41.86189651489258,,,,317.6600036621094,28.34848976135254,,,,,
2025-07-01,,,,,,,,,,,,,,,,,,,,,354.8456115722656,42.2585563659668,,,,300.7099914550781,28.289714813232422,,,,,
2025-07-02,,,,,,,,,,,,,,,,,,,,,353.5978088378906,42.171485900878906,,,,315.6499938964844,27.731365203857422,,,,,
2025-07-03,,,,,,,,,,,,,,,,,,,,,358.2296447753906,42.13278579711914,,,,315.3500061035156,27.780344009399414,,,,,
2025-07-07,,,,,,,,,,,,,,,,,,,,,356.0135803222656,41.40719223022461,,,,293.94000244140625,27.829322814941406,,,,,
2025-07-08,,,,,,,,,,,,,,,,,,,,,353.9272155761719,41.65873336791992,,,,297.80999755859375,27.711774826049805,,,,,
2025-07-09,,,,,,,,,,,,,,,,,,,,,357.1316223144531,41.2233772277832,,,,295.8800048828125,27.525657653808594,,,,,
2025-07-10,,,,,,,,,,,,,,,,,,,,,355.2549133300781,41.31971740722656,,,,309.8699951171875,27.3258113861084,,,,,
2025-07-11,,,,,,,,,,,,,,,,,,,,,347.31884765625,40.916648864746094,,,,313.510009765625,26.68273162841797,,,,,
2025-07-14,,,,,,,,,,,,,,,,,,,,,349.88433837890625,40.87732696533203,,,,316.8999938964844,26.870708465576172,,,,,
2025-07-15,,,,,,,,,,,,,,,,,,,,,346.41046142578125,40.5627326965332,,,,310.7799987792969,26.732200622558594,,,,,
2025-07-16,,,,,,,,,,,,,,,,,,,,,349.285400390625,40.55290222167969,,,,321.6700134277344,26.662946701049805,,,,,
2025-07-17,,,,,,,,,,,,,,,,,,,,,349.195556640625,40.257972717285156,,,,319.4100036621094,26.7025203704834,,,,,
2025-07-18,,,,,,,,,,,,,,,,,,,,,348.4368896484375,40.14982986450195,,,,329.6499938964844,26.653053283691406,,,,,
2025-07-21,,,,,,,,,,,,,,,,,,,,,350.3235778808594,41.771949768066406,,,,328.489990234375,27.08836555480957,,,,,
2025-07-22,,,,,,,,,,,,,,,,,,,,,351.241943359375,42.234004974365234,,,,332.1099853515625,27.127939224243164,,,,,
2025-07-23,,,,,,,,,,,,,,,,,,,,,354.66595458984375,42.116031646728516,,,,332.55999755859375,27.454425811767578,,,,,
2025-07-24,,,,,,,,,,,,,,,,,,,,,353.3482666015625,42.35197830200195,,,,305.29998779296875,27.62261390686035,,,,,
2025-07-25,,,,,,,,,,,,,,,,,,,,,356.4128723144531,42.35197830200195,,,,316.05999755859375,27.701763153076172,,,,,
2025-07-28,,,,,,,,,,,,,,,,,,,,,354.8456115722656,41.64414596557617,,,,325.5899963378906,27.30602264404297,,,,,
2025-07-29,,,,,,,,,,,,,,,,,,,,,350.6729736328125,41.98822784423828,,,,321.20001220703125,27.118045806884766,,,,,
2025-07-30,,,,,,,,,,,,,,,,,,,,,350.29364013671875,41.88008499145508,,,,319.0400085449219,27.207088470458984,,,,,
2025-07-31,,,,,,,,,,,,,,,,,,,,,344.8631896972656,42.037384033203125,,,,308.2699890136719,27.118045806884766,,,,,
2025-08-01,,,,,,,,,,,,,,,,,,,,,338.7539367675781,42.155357360839844,,,,302.6300048828125,27.454425811767578,,,,,
2025-08-04,,,,,,,,,,,,,,,,,,,,,341.54901123046875,42.22417449951172,,,,309.260009765625,27.385169982910156,,,,,
2025-08-05,,,,,,,,,,,,,,,,,,,,,336.8373107910156,41.94890213012695,,,,308.7200012207031,27.474212646484375,,,,,
2025-08-06,,,,,,,,,,,,,,,,,,,,,339.14324951171875,41.63431167602539,,,,319.9100036621094,27.197195053100586,,,,,
2025-08-07,,,,,,,,,,,,,,,,,,,,,331.5066833496094,42.22417449951172,,,,322.2699890136719,27.76112174987793,,,,,
2025-08-08,,,,,,,,,,,,,,,,,,,,,336.1884460449219,42.42079544067383,,,,329.6499938964844,27.78091049194336,,,,,
2025-08-11,,,,,,,,,,,,,,,,,,,,,335.30999755859375,42.450286865234375,,,,339.0299987792969,27.84027099609375,,,,,
2025-08-12,,,,,,,,,,,,,,,,,,,,,336.739990234375,42.51910400390625,,,,340.8399963378906,28.17664909362793,,,,,
2025-08-13,,,,,,,,,,,,,,,,,,,,,342.54998779296875,42.97132873535156,,,,339.3800048828125,28.097501754760742,,,,,
2025-08-14,,,,,,,,,,,,,,,,,,,,,345.489990234375,42.76487731933594,,,,335.5799865722656,28.44377326965332,,,,,
2025-08-15,,,,,,,,,,,,,,,,,,,,,344.4700012207031,43.492374420166016,,,,330.55999755859375,28.562496185302734,,,,,
2025-08-18,,,,,,,,,,,,,,,,,,,,,342.739990234375,43.63983917236328,,,,335.1600036621094,28.611963272094727,,,,,
2025-08-19,,,,,,,,,,,,,,,,,,,,,342.45001220703125,44.1805419921875,,,,329.30999755859375,28.671323776245117,,,,,
2025-08-20,,,,,,,,,,,,,,,,,,,,,343.92999267578125,44.29851531982422,,,,323.8999938964844,28.968128204345703,,,,,
2025-08-21,,,,,,,,,,,,,,,,,,,,,343.69000244140625,44.269020080566406,,,,320.1099853515625,29.12642478942871,,,,,
2025-08-22,,,,,,,,,,,,,,,,,,,,,350.0400085449219,43.68899154663086,,,,340.010009765625,28.46356201171875,,,,,
2025-08-25,,,,,,,,,,,,,,,,,,,,,348.82000732421875,43.482540130615234,,,,346.6000061035156,28.433879852294922,,,,,
2025-08-26,,,,,,,,,,,,,,,,,,,,,351.17999267578125,43.21710205078125,,,,351.6700134277344,28.255796432495117,,,,,
2025-08-27,,,,,,,,,,,,,,,,,,,,,350.3500061035156,43.52186584472656,,,,349.6000061035156,28.750471115112305,,,,,
2025-08-28,,,,,,,,,,,,,,,,,,,,,349.8599853515625,43.1876106262207,,,,345.9800109863281,28.631750106811523,,,,,
2025-08-29,,,,,,,,,,,,,,,,,,,,,351.7799987792969,43.482540130615234,,,,333.8699951171875,28.978023529052734,,,,,
2025-09-02,,,,,,,,,,,,,,,,,,,,,350.07000732421875,43.05980682373047,,,,329.3599853515625,28.7702579498291,,,,,
2025-09-03,,,,,,,,,,,,,,,,,,,,,350.8699951171875,43.000823974609375,,,,334.0899963378906,28.73068618774414,,,,,
2025-09-04,,,,,,,,,,,,,,,,,,,,,350.989990234375,43.433387756347656,,,,338.5299987792969,29.26493263244629,,,,,
2025-09-05,,,,,,,,,,,,,,,,,,,,,343.2200012207031,43.630008697509766,,,,350.8399963378906,29.274826049804688,,,,,
2025-09-08,,,,,,,,,,,,,,,,,,,,,342.29998779296875,42.587921142578125,,,,346.3999938964844,28.59217643737793,,,,,
2025-09-09,,,,,,,,,,,,,,,,,,,,,343.989990234375,42.83369445800781,,,,346.9700012207031,29.106637954711914,,,,,
2025-09-10,,,,,,,,,,,,,,,,,,,,,338.1199951171875,42.75505065917969,,,,347.7900085449219,28.888980865478516,,,,,
2025-09-11,,,,,,,,,,,,,,,,,,,,,343.489990234375,43.39406204223633,,,,368.80999755859375,29.175891876220703,,,,,
2025-09-12,,,,,,,,,,,,,,,,,,,,,339.42999267578125,43.22693634033203,,,,395.94000244140625,29.25503921508789,,,,,
2025-09-15,,,,,,,,,,,,,,,,,,,,,339.04998779296875,43.128623962402344,,,,410.0400085449219,29.304508209228516,,,,,
2025-09-16,,,,,,,,,,,,,,,,,,,,,340.0299987792969,43.000823974609375,,,,421.6199951171875,29.017595291137695,,,,,
2025-09-17,,,,,,,,,,,,,,,,,,,,,346.20001220703125,43.4628791809082,,,,425.8599853515625,29.225360870361328,,,,,
2025-09-18,,,,,,,,,,,,,,,,,,,,,338.17999267578125,42.932003021240234,,,,416.8500061035156,28.888980865478516,,,,,
2025-09-19,,,,,,,,,,,,,,,,,,,,,341.6099853515625,42.745216369628906,,,,426.07000732421875,28.701004028320312,,,,,
2025-09-22,,,,,,,,,,,,,,,,,,,,,344.3599853515625,42.430625915527344,,,,434.2099914550781,28.611963272094727,,,,,
2025-09-23,,,,,,,,,,,,,,,,,,,,,338.70001220703125,42.61741256713867,,,,425.8500061035156,28.483348846435547,,,,,
2025-09-24,,,,,,,,,,,,,,,,,,,,,338.67999267578125,42.450286865234375,,,,442.7900085449219,28.018354415893555,,,,,
2025-09-25,,,,,,,,,,,,,,,,,,,,,334.92999267578125,42.61741256713867,,,,423.3900146484375,27.998565673828125,,,,,
2025-09-26,,,,,,,,,,,,,,,,,,,,,337.3699951171875,42.87302017211914,,,,440.3999938964844,28.008459091186523,,,,,
2025-09-29,,,,,,,,,,,,,,,,,,,,,340.1600036621094,42.51910400390625,,,,443.2099914550781,27.77101707458496,,,,,
2025-09-30,,,,,,,,,,,,,,,,,,,,,341.3800048828125,43.207275390625,,,,444.7200012207031,27.939205169677734,,,,,
2025-10-01,,,,,,,,,,,,,,,,,,,,,347.8299865722656,43.08930206298828,,,,459.4599914550781,27.256553649902344,,,,,
2025-10-02,,,,,,,,,,,,,,,,,,,,,345.95001220703125,42.666568756103516,,,,436.0,26.722307205200195,,,,,
2025-10-03,,,,,,,,,,,,,,,,,,,,,349.8399963378906,42.932003021240234,,,,429.8299865722656,26.771774291992188,,,,,
2025-10-06,,,,,,,,,,,,,,,,,,,,,349.2799987792969,40.739688873291016,,,,453.25,25.594449996948242,,,,,
2025-10-07,,,,,,,,,,,,,,,,,,,,,352.4200134277344,40.70036697387695,,,,433.0899963378906,25.88136100769043,,,,,
2025-10-08,,,,,,,,,,,,,,,,,,,,,351.3599853515625,40.62171936035156,,,,438.69000244140625,25.970401763916016,,,,,
2025-10-09,,,,,,,,,,,,,,,,,,,,,347.0400085449219,40.1400032043457,,,,435.5400085449219,25.82200050354004,,,,,
2025-10-10,,,,,,,,,,,,,,,,,,,,,343.6499938964844,39.849998474121094,,,,413.489990234375,25.8700008392334,,,,,
2025-10-13,,,,,,,,,,,,,,,,,,,,,343.29998779296875,39.75,,,,435.8999938964844,25.59000015258789,,,,,
2025-10-14,,,,,,,,,,,,,,,,,,,,,348.3800048828125,40.54999923706055,,,,429.239990234375,26.1299991607666,,,,,
2025-10-15,,,,,,,,,,,,,,,,,,,,,345.69000244140625,40.380001068115234,,,,435.1499938964844,26.06999969482422,,,,,
2025-10-16,,,,,,,,,,,,,,,,,,,,,335.3999938964844,40.36000061035156,,,,428.75,26.200000762939453,,,,,
