Date,AAPL,MSFT,AMZN,GOOGL,META
2020-02-03,74.54550170898438,165.8804473876953,100.20999908447266,73.6222152709961,202.93894958496094
2020-02-04,77.00650024414062,171.3406524658203,102.4834976196289,71.77545928955078,208.54440307617188
2020-02-05,77.63444519042969,171.1314239501953,101.99349975585938,71.80724334716797,208.82266235351562
2020-02-06,78.54254150390625,174.67955017089844,102.5114974975586,73.2929916381836,209.55813598632812
2020-02-07,77.47493743896484,174.92689514160156,103.96399688720703,73.44891357421875,211.02908325195312
2020-02-10,77.84290313720703,179.50245666503906,106.69550323486328,74.91630554199219,211.75457763671875
2020-02-11,77.37322998046875,175.45010375976562,107.54000091552734,74.9858169555664,205.92056274414062
2020-02-12,79.21066284179688,175.70693969726562,108.0,75.41138458251953,209.46868896484375
2020-02-13,78.64665222167969,174.75570678710938,107.49349975585938,75.15117645263672,211.8341064453125
2020-02-14,78.66600036621094,176.31578063964844,106.74349975585938,75.41633605957031,212.86773681640625
2020-02-17,78.66600036621094,176.31578063964844,106.74349975585938,75.41633605957031,212.86773681640625
2020-02-18,77.22557067871094,178.1041259765625,107.78350067138672,75.45160675048828,216.46554565429688
2020-02-19,78.3440170288086,178.63829040527344,108.51100158691406,75.72123718261719,216.157470703125
2020-02-20,77.54029846191406,175.91029357910156,107.65499877929688,75.3299331665039,213.26528930664062
2020-02-21,75.78514099121094,170.34925842285156,104.79850006103516,73.6649169921875,208.8922119140625
2020-02-24,72.18535614013672,163.0045623779297,100.4645004272461,70.5067138671875,199.49020385742188
2020-02-25,69.74024963378906,160.31466674804688,98.63700103759766,68.84119415283203,195.56439208984375
2020-02-26,70.84660339355469,162.3177947998047,98.97949981689453,69.04727172851562,195.9917755126953
2020-02-27,66.2154769897461,150.8810577392578,94.21499633789062,65.29713439941406,188.58738708496094
2020-02-28,66.1767578125,154.53433227539062,94.1875,66.50381469726562,191.29075622558594
2020-03-02,72.33787536621094,164.81689453125,97.69750213623047,68.84119415283203,195.23643493652344
2020-03-03,70.04047393798828,156.91897583007812,95.44950103759766,66.4278335571289,184.7510528564453
2020-03-04,73.28925323486328,162.68028259277344,98.79149627685547,68.60681915283203,190.5850830078125
2020-03-05,70.91195678710938,158.5977325439453,96.20149993896484,65.2876968383789,184.0354766845703
2020-03-06,69.9702377319336,154.11463928222656,95.05449676513672,64.34322357177734,179.98049926757812
2020-03-09,64.4361572265625,143.6698760986328,90.03050231933594,60.37309646606445,168.4615020751953
2020-03-10,69.07694244384766,153.49462890625,94.59100341796875,63.3217658996582,177.09823608398438
2020-03-11,66.67787170410156,146.54098510742188,91.04299926757812,60.130271911621094,169.1969757080078
2020-03-12,60.0931282043457,132.64329528808594,83.83049774169922,55.196800231933594,153.52357482910156
2020-03-13,67.29278564453125,151.50099182128906,89.25,60.29762268066406,169.2366943359375
2020-03-16,58.63575744628906,129.1712646484375,84.4574966430664,53.282508850097656,145.1154022216797
2020-03-17,61.2139892578125,139.80679321289062,90.39199829101562,55.52007293701172,148.50450134277344
2020-03-18,59.7154655456543,133.9214630126953,91.5,54.1857795715332,146.05958557128906
2020-03-19,59.257930755615234,136.12489318847656,94.04650115966797,55.202762603759766,152.19178771972656
2020-03-20,55.49589920043945,131.01223754882812,92.30449676513672,53.04465103149414,148.81260681152344
2020-03-23,54.31694793701172,129.7054443359375,95.1415023803711,52.34546661376953,147.19259643554688
2020-03-24,59.766300201416016,141.49508666992188,97.00499725341797,56.11347961425781,159.99368286132812
2020-03-25,59.43706512451172,140.140625,94.29199981689453,54.703704833984375,155.25294494628906
2020-03-26,62.56481170654297,148.90655517578125,97.77449798583984,57.747711181640625,162.33920288085938
2020-03-27,59.97449493408203,142.79237365722656,95.00499725341797,55.13274383544922,155.829345703125
2020-03-30,61.6860466003418,152.83644104003906,98.19750213623047,56.92289352416992,164.93321228027344
2020-03-31,61.56016540527344,150.43275451660156,97.48600006103516,57.69953536987305,165.77804565429688
2020-04-01,58.321048736572266,145.0911407470703,95.38500213623047,54.7275390625,158.6221466064453
2020-04-02,59.294227600097656,148.09579467773438,95.94149780273438,55.468929290771484,157.22076416015625
2020-04-03,58.44208908081055,146.73175048828125,95.32949829101562,54.2607536315918,153.2353515625
2020-04-06,63.54044723510742,157.6438751220703,99.87950134277344,58.75426483154297,164.53567504882812
2020-04-07,62.80448532104492,155.94606018066406,100.58000183105469,58.72298049926758,167.7955780029297
2020-04-08,64.41194915771484,157.5103302001953,102.1500015258789,59.93661117553711,173.21218872070312
2020-04-09,64.87674713134766,157.51991271972656,102.13800048828125,59.91525650024414,174.1166229248047
2020-04-10,64.87674713134766,157.51991271972656,102.13800048828125,59.91525650024414,174.1166229248047
2020-04-13,66.15013885498047,157.87283325195312,108.44349670410156,60.10594177246094,173.7190704345703
2020-04-14,69.49090576171875,165.6848907470703,114.16600036621094,62.82817459106445,177.078369140625
2020-04-15,68.85663604736328,163.94891357421875,115.38400268554688,62.43437957763672,175.88571166992188
2020-04-16,69.40374755859375,168.8707733154297,120.40950012207031,62.440834045410156,175.1701202392578
2020-04-17,68.4620361328125,170.35882568359375,118.75,63.51195526123047,178.1417999267578
2020-04-20,67.04100036621094,166.98211669921875,119.68049621582031,62.62556457519531,177.14793395996094
2020-04-21,64.96873474121094,160.0762176513672,116.40599822998047,60.19284439086914,169.75350952148438
2020-04-22,66.84004974365234,165.51319885253906,118.17449951171875,62.489505767822266,181.16319274902344
2020-04-23,66.5810317993164,163.5101318359375,119.97250366210938,63.12313461303711,183.9957275390625
2020-04-24,68.5031967163086,166.4956817626953,120.51100158691406,63.39277648925781,188.9054718017578
2020-04-27,68.55162048339844,166.01876831054688,118.80000305175781,63.10773849487305,186.3511962890625
2020-04-28,67.44044494628906,161.97438049316406,115.7040023803711,61.20734786987305,181.78933715820312
2020-04-29,69.6555404663086,169.2427520751953,118.635498046875,66.64930725097656,193.00022888183594
2020-04-30,71.12500762939453,170.9406280517578,123.69999694824219,66.87377166748047,203.45574951171875
2020-05-01,69.97994232177734,166.5147705078125,114.302001953125,65.41482543945312,201.0306854248047
2020-05-04,70.97006225585938,170.58773803710938,115.79949951171875,65.6919174194336,204.0023651123047
2020-05-05,72.03524780273438,172.41912841796875,115.88999938964844,66.98896026611328,205.80126953125
2020-05-06,72.7784652709961,174.11695861816406,117.56300354003906,66.8106918334961,207.19273376464844
2020-05-07,73.5313491821289,175.12811279296875,118.38050079345703,67.99503326416016,209.96560668945312
2020-05-08,75.28150939941406,176.1582489013672,118.98049926757812,68.74286651611328,211.04896545410156
2020-05-11,76.46610260009766,178.12319946289062,120.44999694824219,69.69877624511719,211.87387084960938
2020-05-12,75.59222412109375,174.08837890625,117.84750366210938,68.28801727294922,208.81272888183594
2020-05-13,74.67950439453125,171.45570373535156,118.39600372314453,66.95469665527344,203.84336853027344
2020-05-14,75.13827514648438,172.1997528076172,119.44249725341797,67.3782958984375,205.54287719726562
2020-05-15,74.69408416748047,174.70840454101562,120.48899841308594,68.1827392578125,209.58792114257812
2020-05-18,76.45394897460938,176.37765502929688,121.31300354003906,68.78459167480469,211.8837890625
2020-05-19,76.01215362548828,175.1566619873047,122.46649932861328,68.24927520751953,215.5511932373047
2020-05-20,77.4904556274414,177.58624267578125,124.89700317382812,69.97537994384766,228.5609893798828
2020-05-21,76.91272735595703,175.45321655273438,122.33699798583984,69.85570526123047,229.97227478027344
2020-05-22,77.40792083740234,175.5297393798828,121.84400177001953,70.17797088623047,233.47071838378906
2020-05-25,77.40792083740234,175.5297393798828,121.84400177001953,70.17797088623047,233.47071838378906
2020-05-26,76.88361358642578,173.6741180419922,121.09300231933594,70.5816879272461,230.77732849121094
2020-05-27,77.21859741210938,173.90365600585938,120.51950073242188,70.5275650024414,227.73606872558594
2020-05-28,77.2525863647461,173.511474609375,120.05500030517578,70.42626953125,224.07862854003906
2020-05-29,77.17733001708984,175.281005859375,122.11849975585938,71.1850357055664,223.7108917236328
2020-06-01,78.12643432617188,174.87933349609375,123.552001953125,71.25206756591797,230.4890899658203
2020-06-02,78.48811340332031,176.8688507080078,123.62049865722656,71.62152099609375,231.2941436767578
2020-06-03,78.92020416259766,177.29930114746094,123.91999816894531,71.46956634521484,228.7498321533203
2020-06-04,78.24052429199219,174.96539306640625,123.02999877929688,70.23060607910156,224.90350341796875
2020-06-05,80.46888732910156,179.05929565429688,124.1500015258789,71.50780487060547,229.35610961914062
2020-06-08,80.94467163085938,180.16879272460938,126.2030029296875,71.90605926513672,229.98220825195312
2020-06-09,83.5007553100586,181.54620361328125,130.04299926757812,72.1066665649414,237.20767211914062
2020-06-10,85.64900207519531,188.28004455566406,132.37249755859375,72.73334503173828,235.27957153320312
2020-06-11,81.53697967529297,178.16970825195312,127.89800262451172,69.61486053466797,223.054931640625
2020-06-12,82.24090576171875,179.5758056640625,127.2509994506836,70.1620864868164,227.1794891357422
2020-06-15,83.25800323486328,180.72360229492188,128.63400268554688,70.55039978027344,231.0754852294922
2020-06-16,85.46453094482422,185.1522674560547,130.7635040283203,71.8281021118164,234.20616149902344
2020-06-17,85.34559631347656,185.79315185546875,132.0489959716797,72.1295166015625,234.08692932128906
2020-06-18,85.37958526611328,187.7826690673828,132.69900512695312,71.2148208618164,234.49440002441406
2020-06-19,84.89164733886719,186.66355895996094,133.75050354003906,70.74407958984375,237.32693481445312
2020-06-22,87.11273956298828,191.84786987304688,135.6909942626953,72.0361557006836,237.75430297851562
2020-06-23,88.97215270996094,193.1295623779297,138.2205047607422,72.6976089477539,240.7558135986328
2020-06-24,87.40159606933594,189.23655700683594,136.72000122070312,71.14431762695312,232.586181640625
2020-06-25,88.56192779541016,191.6278839111328,137.72900390625,71.56143188476562,234.2359619140625
2020-06-26,85.84077453613281,187.79220581054688,134.64349365234375,67.66033935546875,214.75607299804688
2020-06-29,87.81913757324219,189.8105010986328,134.0189971923828,69.3799819946289,219.2881622314453
2020-06-30,88.55219268798828,194.6599578857422,137.9409942626953,70.41682434082031,225.67874145507812
2020-07-01,88.38471221923828,195.79823303222656,143.93499755859375,71.60612487792969,236.0945587158203
2020-07-02,88.38471221923828,197.29043579101562,144.51499938964844,72.99305725097656,231.9898681640625
2020-07-03,88.38471221923828,197.29043579101562,144.51499938964844,72.99305725097656,231.9898681640625
2020-07-06,90.74900817871094,201.5373077392578,152.8520050048828,74.46887969970703,238.8078155517578
2020-07-07,90.46743774414062,199.1938934326172,150.00599670410156,73.98571014404297,239.38427734375
2020-07-08,92.57444763183594,203.57473754882812,154.0554962158203,74.66502380371094,242.08761596679688
2020-07-09,92.9725341796875,204.99990844726562,159.13150024414062,75.41287231445312,243.001953125
2020-07-10,93.13516235351562,204.37815856933594,160.0,76.42340087890625,243.56845092773438
2020-07-13,92.70549774169922,198.065185546875,155.1999969482422,75.09357452392578,237.53567504882812
2020-07-14,94.23965454101562,199.28958129882812,154.1999969482422,75.52210235595703,238.2611846923828
2020-07-15,94.88777160644531,198.99298095703125,150.44349670410156,75.32447814941406,238.8078155517578
2020-07-16,93.72016143798828,195.0522003173828,149.9949951171875,75.2271499633789,239.45382690429688
2020-07-17,93.53083038330078,194.05743408203125,148.09849548339844,75.32299041748047,240.54710388183594
2020-07-20,95.50190734863281,202.39816284179688,159.8419952392578,77.6563949584961,243.9163360595703
2020-07-21,94.18382263183594,199.67213439941406,156.9145050048828,77.26309967041016,240.26881408691406
2020-07-22,94.44840240478516,202.54165649414062,154.99549865722656,77.70655059814453,238.4003143310547
2020-07-23,90.1494369506836,193.7321319580078,149.32749938964844,75.31802368164062,231.1748809814453
2020-07-24,89.92611694335938,192.54608154296875,150.44549560546875,74.89395141601562,229.29644775390625
2020-07-27,92.05738067626953,194.9852294921875,152.760498046875,75.94766998291016,232.06935119628906
2020-07-28,90.54512023925781,193.23480224609375,150.01649475097656,74.66751098632812,228.71005249023438
2020-07-29,92.2807388305664,195.1860809326172,151.67649841308594,75.65371704101562,231.8606414794922
2020-07-30,93.39734649658203,195.03305053710938,152.593994140625,76.39161682128906,233.063232421875
2020-07-31,103.17497253417969,196.09475708007812,158.23399353027344,73.88789367675781,252.11578369140625
2020-08-03,105.77471923828125,207.1233673095703,155.59449768066406,73.63016510009766,250.416259765625
2020-08-04,106.48110961914062,204.01470947265625,156.94149780273438,73.160400390625,248.29930114746094
2020-08-05,106.86708068847656,203.679931640625,160.25149536132812,73.44792938232422,247.59364318847656
2020-08-06,110.59559631347656,206.94161987304688,161.25,74.7320556640625,263.6546630859375
2020-08-07,108.08110046386719,203.23989868164062,158.3730010986328,74.40533447265625,266.7952575683594
2020-08-10,109.65205383300781,199.1938934326172,157.4080047607422,74.3283462524414,261.38861083984375
2020-08-11,106.3910140991211,194.53564453125,154.0334930419922,73.51992797851562,254.5607147216797
2020-08-12,109.92682647705078,200.09298706054688,158.11199951171875,74.84577941894531,258.29766845703125
2020-08-13,111.87227630615234,199.6243133544922,158.05099487304688,75.31305694580078,259.6990051269531
2020-08-14,111.77257537841797,199.8155975341797,157.4010009765625,74.71617889404297,259.6394348144531
2020-08-17,111.48075103759766,201.1356201171875,159.12049865722656,75.29269409179688,259.5599060058594
2020-08-18,112.40970611572266,202.29299926757812,165.62449645996094,77.25614929199219,260.7326354980469
2020-08-19,112.55073547363281,201.06565856933594,163.0240020751953,76.70148468017578,260.98114013671875
2020-08-20,115.04818725585938,205.74476623535156,164.86849975585938,78.27264404296875,267.36181640625
2020-08-21,120.97692108154297,204.2489776611328,164.23599243164062,78.23887634277344,265.37408447265625
2020-08-24,122.423828125,204.89137268066406,165.3730010986328,78.714599609375,269.7272033691406
2020-08-25,121.41949462890625,207.55691528320312,167.32449340820312,79.74251556396484,279.0993957519531
2020-08-26,123.07068634033203,212.04420471191406,172.09249877929688,81.64338684082031,302.0479431152344
2020-08-27,121.59945678710938,217.25067138671875,170.0,80.86824798583984,291.4234619140625
2020-08-28,121.40247344970703,219.48472595214844,170.08999633789062,81.4100112915039,291.8607177734375
2020-08-31,125.51948547363281,216.24391174316406,172.54800415039062,80.91840362548828,291.4035949707031
2020-09-01,130.51925659179688,217.91224670410156,174.95599365234375,82.18714904785156,293.6298522949219
2020-09-02,127.81512451171875,222.1118927001953,176.57249450683594,85.28131103515625,300.6466064453125
2020-09-03,117.5821304321289,208.352783203125,168.39999389648438,80.91740417480469,289.3363037109375
2020-09-04,117.65995025634766,205.42835998535156,164.7310028076172,78.51895141601562,280.9977722167969
2020-09-07,117.65995025634766,205.42835998535156,164.7310028076172,78.51895141601562,280.9977722167969
2020-09-08,109.74203491210938,194.3155517578125,157.49200439453125,75.6581802368164,269.4986267089844
2020-09-09,114.11925506591797,202.59019470214844,163.4304962158203,76.83158874511719,272.04296875
2020-09-10,110.39374542236328,196.91395568847656,158.7554931640625,75.77984619140625,266.44744873046875
2020-09-11,108.94441986083984,195.62916564941406,155.81100463867188,75.26887512207031,264.97650146484375
2020-09-14,112.21271514892578,196.9523468017578,155.14849853515625,74.92472839355469,264.5193176269531
2020-09-15,112.38780212402344,200.18357849121094,157.80650329589844,76.23023223876953,270.7508544921875
2020-09-16,109.07083892822266,196.6071014404297,153.90499877929688,75.08662414550781,261.9053955078125
2020-09-17,107.32967376708984,194.55523681640625,150.43649291992188,73.84268951416016,253.2587127685547
2020-09-18,103.92517852783203,192.13902282714844,147.74549865722656,72.05751037597656,250.98275756835938
2020-09-21,107.07677459716797,194.20045471191406,148.02349853515625,71.0171890258789,246.6295928955078
2020-09-22,108.75957489013672,198.8795623779297,156.44949340820312,72.49102020263672,253.18914794921875
2020-09-23,104.19754028320312,192.33078002929688,149.9929962158203,69.98680114746094,247.49429321289062
2020-09-24,105.26751708984375,194.82371520996094,150.989501953125,70.65567779541016,248.00115966796875
2020-09-25,109.21675109863281,199.26307678222656,154.75650024414062,71.46012878417969,253.2587127685547
2020-09-28,111.82362365722656,200.81640625,158.70249938964844,72.43342590332031,255.24649047851562
2020-09-29,110.97735595703125,198.72613525390625,157.24400329589844,72.79890441894531,260.1860656738281
2020-09-30,112.65043640136719,201.66973876953125,157.43649291992188,72.77804565429688,260.29534912109375
2020-10-01,113.60372161865234,203.71205139160156,161.06300354003906,73.8853988647461,264.9963684082031
2020-10-02,109.93656921386719,197.70021057128906,156.25,72.2814712524414,258.3473205566406
2020-10-05,113.32162475585938,201.7177276611328,159.9600067138672,73.63365173339844,263.02850341796875
2020-10-06,110.07275390625,197.4317626953125,154.9980010986328,72.05403900146484,257.07525634765625
2020-10-07,111.94036865234375,201.1903076171875,159.7845001220703,72.45726013183594,256.5384826660156
2020-10-08,111.83335876464844,201.9094696044922,159.52749633789062,73.6634292602539,262.1439208984375
2020-10-09,113.77880859375,206.92408752441406,164.33250427246094,75.00517272949219,262.8297424316406
2020-10-12,121.00608825683594,212.283935546875,172.14649963378906,77.69363403320312,274.0605163574219
2020-10-13,117.796142578125,213.6837921142578,172.18150329589844,77.81678771972656,274.4481201171875
2020-10-14,117.8836669921875,211.76617431640625,168.1855010986328,77.63653564453125,270.154541015625
2020-10-15,117.41676330566406,210.61558532714844,166.9324951171875,77.24076843261719,265.0858154296875
2020-10-16,115.77285766601562,210.61558532714844,163.635498046875,77.84807586669922,264.3006591796875
2020-10-19,112.8158187866211,205.39956665039062,160.36050415039062,75.97349548339844,259.7984313964844
2020-10-20,114.30406951904297,205.8118438720703,160.85049438476562,77.02275848388672,265.9206848144531
2020-10-21,113.68154907226562,205.95567321777344,159.2469940185547,78.75630187988281,277.0222473144531
2020-10-22,112.59207916259766,206.04200744628906,158.82000732421875,79.78273010253906,276.4159851074219
2020-10-23,111.90145874023438,207.32681274414062,160.22000122070312,81.0897216796875,283.0451354980469
2020-10-26,111.91117095947266,201.43003845214844,160.3520050048828,78.6718978881836,275.4121398925781
2020-10-27,113.41887664794922,204.46951293945312,164.31649780273438,79.39640045166016,281.5542907714844
2020-10-28,108.16620635986328,194.33473205566406,158.13900756835938,75.02256774902344,266.030029296875
2020-10-29,112.173828125,196.29074096679688,160.55050659179688,77.31078338623047,279.1093444824219
2020-10-30,105.89006042480469,194.1333770751953,151.8074951171875,80.25198364257812,261.4979248046875
2020-11-02,105.8025131225586,193.99917602539062,150.2239990234375,80.65968322753906,259.7586364746094
2020-11-03,107.42694854736328,197.9303436279297,152.42050170898438,81.71936798095703,263.67449951171875
2020-11-04,111.81391143798828,207.480224609375,162.05799865722656,86.69456481933594,285.6192626953125
2020-11-05,115.7825927734375,214.0961151123047,166.10000610351562,87.52135467529297,292.87451171875
2020-11-06,115.65104675292969,214.5084228515625,165.56849670410156,87.38380432128906,291.6123046875
2020-11-09,113.34173583984375,209.39785766601562,157.18699645996094,87.46772003173828,277.06201171875
2020-11-10,113.00070190429688,202.32176208496094,151.75100708007812,86.29085540771484,270.7608337402344
2020-11-11,116.43057250976562,207.63365173339844,156.8695068359375,86.76309204101562,274.7860107421875
2020-11-12,116.15774536132812,206.5693817138672,155.51400756835938,86.54409790039062,273.39459228515625
2020-11-13,116.20645904541016,207.59527587890625,156.4405059814453,88.00601959228516,275.253173828125
2020-11-16,117.21983337402344,208.28564453125,156.55299377441406,88.09391021728516,277.2508239746094
2020-11-17,116.33313751220703,205.6296844482422,156.7830047607422,87.4796371459961,273.3150329589844
2020-11-18,115.00794219970703,202.9187469482422,155.2729949951172,86.43585205078125,270.30364990234375
2020-11-19,115.60234069824219,204.20689392089844,155.8509979248047,87.32620239257812,271.2677001953125
2020-11-20,114.33561706542969,202.25540161132812,154.97000122070312,86.22430419921875,268.0475769042969
2020-11-23,110.93498229980469,201.98619079589844,154.91949462890625,85.78633117675781,266.7853698730469
2020-11-24,112.22117614746094,205.5912628173828,155.9029998779297,87.59087371826172,275.22332763671875
2020-11-25,113.05917358398438,205.60081481933594,159.2534942626953,87.602294921875,273.9014892578125
2020-11-26,113.05917358398438,205.60081481933594,159.2534942626953,87.602294921875,273.9014892578125
2020-11-27,113.60482025146484,206.90826416015625,159.76699829101562,88.73895263671875,276.1078796386719
2020-11-30,116.00183868408203,205.79310607910156,158.40199279785156,87.11912536621094,275.27301025390625
2020-12-01,119.577880859375,207.85035705566406,161.00399780273438,89.15310668945312,284.7943115234375
2020-12-02,119.92864990234375,207.04286193847656,160.17649841308594,90.62346649169922,285.75836181640625
2020-12-03,119.79224395751953,205.95654296875,159.3365020751953,90.46803283691406,280.12310791015625
2020-12-04,119.1198959350586,206.07191467285156,158.12899780273438,90.56338500976562,277.986328125
2020-12-07,120.58152770996094,206.0045928955078,157.89999389648438,90.22917938232422,283.83026123046875
2020-12-08,121.19536590576172,207.65811157226562,158.864501953125,89.94613647460938,281.66357421875
2020-12-09,118.66192626953125,203.6108856201172,155.2100067138672,88.28408813476562,276.2171936035156
2020-12-10,120.08456420898438,202.38037109375,155.07449340820312,87.77709197998047,275.4220886230469
2020-12-11,119.27582550048828,205.01443481445312,155.8209991455078,88.13214111328125,271.87396240234375
2020-12-14,118.66192626953125,205.91810607910156,157.84849548339844,87.01286315917969,272.5100402832031
2020-12-15,124.60574340820312,205.850830078125,158.25599670410156,87.45084381103516,273.8616943359375
2020-12-16,124.53753662109375,210.8016815185547,162.04800415039062,87.2576675415039,273.98101806640625
2020-12-17,125.40475463867188,210.936279296875,161.8040008544922,86.42938995361328,272.79827880859375
2020-12-18,123.41698455810547,210.1383514404297,160.08250427246094,85.71977996826172,274.70654296875
2020-12-21,124.94677734375,213.9837188720703,160.3090057373047,86.13392639160156,271.1186828613281
2020-12-22,128.50332641601562,215.281494140625,160.3260040283203,85.42183685302734,265.45355224609375
2020-12-23,127.60690307617188,212.4744415283203,159.2635040283203,85.81959533691406,266.46728515625
2020-12-24,128.5910186767578,214.1374969482422,158.63450622558594,86.11405944824219,265.7616271972656
2020-12-25,128.5910186767578,214.1374969482422,158.63450622558594,86.11405944824219,265.7616271972656
2020-12-28,133.190185546875,216.26210021972656,164.197998046875,88.0904312133789,275.30279541015625
2020-12-29,131.41676330566406,215.48336791992188,166.10000610351562,87.2859878540039,275.0841979980469
2020-12-30,130.29624938964844,213.10887145996094,164.29249572753906,86.21784973144531,270.2042541503906
2020-12-31,129.2926025390625,213.82028198242188,162.84649658203125,87.03173065185547,271.48638916015625
2021-01-01,129.2926025390625,213.82028198242188,162.84649658203125,87.03173065185547,271.48638916015625
2021-01-04,126.09659576416016,209.2731170654297,159.3314971923828,85.71531677246094,267.2922058105469
2021-01-05,127.65562438964844,209.47503662109375,160.92550659179688,86.40653991699219,269.3097839355469
2021-01-06,123.35852813720703,204.04348754882812,156.91900634765625,85.55392456054688,261.69671630859375
2021-01-07,127.5678939819336,209.84994506835938,158.10800170898438,88.10930633544922,267.0934143066406
2021-01-08,128.66900634765625,211.12852478027344,159.13499450683594,89.2757568359375,265.93060302734375
2021-01-11,125.67760467529297,209.08094787597656,155.7104949951172,87.21298217773438,255.266357421875
2021-01-12,125.50218200683594,206.61988830566406,156.04150390625,86.27644348144531,249.55157470703125
2021-01-13,127.53874206542969,207.975341796875,158.29449462890625,86.76409149169922,250.09823608398438
2021-01-14,125.60941314697266,204.78370666503906,156.37350463867188,85.95316314697266,244.13497924804688
2021-01-15,123.88470458984375,204.4280242919922,155.21249389648438,85.78929901123047,249.8199462890625
2021-01-18,123.88470458984375,204.4280242919922,155.21249389648438,85.78929901123047,249.8199462890625
2021-01-19,124.5570297241211,208.0714874267578,156.03799438476562,88.61233520507812,259.5002746582031
2021-01-20,128.64952087402344,215.6660614013672,163.16900634765625,93.3595962524414,265.8411560058594
2021-01-21,133.36558532714844,216.2716827392578,165.34950256347656,93.56218719482422,271.1980895996094
2021-01-22,135.50924682617188,217.2137451171875,164.6114959716797,93.97981262207031,272.818115234375
2021-01-25,139.26065063476562,220.65536499023438,164.6999969482422,94.06522369384766,276.3066711425781
2021-01-26,139.4945526123047,223.3470916748047,166.30650329589844,94.74403381347656,280.3218994140625
2021-01-27,138.4226837158203,223.89511108398438,161.62899780273438,90.32402801513672,270.4726257324219
2021-01-28,133.57992553710938,229.69195556640625,161.88099670410156,92.0252914428711,263.3763427734375
2021-01-29,128.58128356933594,222.99142456054688,160.30999755859375,90.74214172363281,256.7472229003906
2021-02-01,130.70547485351562,230.38412475585938,167.1439971923828,94.00514221191406,260.4046936035156
2021-02-02,131.53372192382812,230.2494659423828,169.0,95.29872131347656,265.4435729980469
2021-02-03,130.5106201171875,233.6045684814453,165.62649536132812,102.23886108398438,265.0162353515625
2021-02-04,133.87229919433594,232.65284729003906,166.5500030517578,101.9781494140625,264.85723876953125
2021-02-05,133.45753479003906,232.83547973632812,167.6074981689453,103.7260971069336,266.4573059082031
2021-02-08,133.60389709472656,233.09506225585938,166.14700317382812,103.51206970214844,264.94671630859375
2021-02-09,132.72560119628906,234.3447723388672,165.25,103.0586929321289,267.79913330078125
2021-02-10,132.12059020996094,233.43154907226562,164.32899475097656,103.60939025878906,270.2042541503906
2021-02-11,131.86688232421875,235.03697204589844,163.10650634765625,103.72212219238281,268.7333679199219
2021-02-12,132.10107421875,235.51760864257812,163.885498046875,104.0339584350586,268.8426513671875
2021-02-15,132.10107421875,235.51760864257812,163.885498046875,104.0339584350586,268.8426513671875
2021-02-16,129.97372436523438,234.2775115966797,163.44749450683594,104.81210327148438,272.2913818359375
2021-02-17,127.68045806884766,235.29885864257812,165.4320068359375,105.20539093017578,271.8938903808594
2021-02-18,126.57775115966797,234.9037628173828,166.4114990234375,104.56927490234375,267.73944091796875
2021-02-19,126.73391723632812,232.1865692138672,162.4949951171875,103.72509765625,259.95745849609375
2021-02-22,122.95735168457031,225.9620361328125,159.03700256347656,102.00942993164062,258.7349853515625
2021-02-23,122.82073974609375,224.76724243164062,159.72500610351562,102.30040740966797,264.2311096191406
2021-02-24,122.32303619384766,226.0006103515625,157.97650146484375,103.47681427001953,262.6905822753906
2021-02-25,118.0683364868164,220.6432647705078,152.85800170898438,100.1070556640625,253.1295166015625
2021-02-26,118.33182525634766,223.90969848632812,154.64649963378906,100.40299987792969,256.04156494140625
2021-03-01,124.70413208007812,228.3035125732422,157.3070068359375,102.77415466308594,263.28692626953125
2021-03-02,122.09859466552734,225.34539794921875,154.72650146484375,102.51692962646484,257.41314697265625
2021-03-03,119.11250305175781,219.265380859375,150.25,99.88160705566406,253.84512329101562
2021-03-04,117.2291030883789,218.4656219482422,148.8784942626953,100.99989318847656,256.06146240234375
2021-03-05,118.48795318603516,223.1581268310547,150.0229949951172,104.13526153564453,262.6607360839844
2021-03-08,113.55015563964844,219.10157775878906,147.59750366210938,99.68744659423828,253.7457275390625
2021-03-09,118.16590881347656,225.25865173339844,153.1425018310547,101.3191909790039,264.1118469238281
2021-03-10,117.08273315429688,223.94822692871094,152.8820037841797,101.11211395263672,263.2769775390625
2021-03-11,119.01492309570312,228.486572265625,155.67950439453125,104.30757904052734,272.20196533203125
2021-03-12,118.10737609863281,227.1568603515625,154.47450256347656,101.79788208007812,266.75555419921875
2021-03-15,120.99588012695312,226.2510986328125,154.08399963378906,102.01837158203125,272.07275390625
2021-03-16,122.53772735595703,229.04542541503906,154.59300231933594,103.48078918457031,277.56884765625
2021-03-17,121.74730682373047,228.39981079101562,156.7864990234375,103.3978500366211,282.2698974609375
2021-03-18,117.61944580078125,222.31021118164062,151.39950561523438,100.37470245361328,276.9129638671875
2021-03-19,117.09246826171875,221.95370483398438,153.7480010986328,100.65377807617188,288.33245849609375
2021-03-22,120.4103775024414,227.38812255859375,155.5435028076172,100.83899688720703,291.7414855957031
2021-03-23,119.58091735839844,228.92015075683594,156.875,101.36736297607422,288.84930419921875
2021-03-24,117.19005584716797,226.87744140625,154.35350036621094,100.93038177490234,280.4113464355469
2021-03-25,117.67800903320312,223.8711395263672,152.31300354003906,100.92689514160156,277.0321960449219
2021-03-26,118.28302764892578,227.86024475097656,152.60150146484375,100.54305267333984,281.28594970703125
2021-03-29,118.45868682861328,226.66546630859375,153.7864990234375,101.58882141113281,289.0382080078125
2021-03-30,117.00464630126953,223.39898681640625,152.76449584960938,101.62259674072266,286.2354431152344
2021-03-31,119.20032501220703,227.17613220214844,154.70399475097656,102.41958618164062,292.7254333496094
2021-04-01,120.02981567382812,233.5162811279297,158.0500030517578,105.75955200195312,296.83013916015625
2021-04-02,120.02981567382812,233.5162811279297,158.0500030517578,105.75955200195312,296.83013916015625
2021-04-05,122.85977172851562,239.99134826660156,161.3365020751953,110.18801879882812,307.0173645019531
2021-04-06,123.16230010986328,238.825439453125,161.1909942626953,109.70633697509766,304.3835754394531
2021-04-07,124.8115005493164,240.79110717773438,163.96949768066406,111.18465423583984,311.1717224121094
2021-04-08,127.21208190917969,244.0189666748047,164.96499633789062,111.75074768066406,311.10211181640625
2021-04-09,129.78831481933594,246.5242462158203,168.61000061035156,112.75581359863281,310.54559326171875
2021-04-12,128.07081604003906,246.58203125,168.96949768066406,111.46223449707031,309.6312255859375
2021-04-13,131.18380737304688,249.06796264648438,170.0,111.9493637084961,307.86212158203125
2021-04-14,128.8417510986328,246.27369689941406,166.64999389648438,111.3276596069336,300.96466064453125
2021-04-15,131.25205993652344,250.04115295410156,168.95449829101562,113.47981262207031,305.9339599609375
2021-04-16,130.92030334472656,251.2359619140625,169.9720001220703,113.35567474365234,304.3040466308594
2021-04-19,131.58387756347656,249.30889892578125,168.60049438476562,113.70377349853516,300.38818359375
2021-04-20,129.89566040039062,248.84640502929688,166.7344970703125,113.16996002197266,300.7956848144531
2021-04-21,130.27622985839844,251.08181762695312,168.1009979248047,113.1371841430664,299.6229248046875
2021-04-22,128.75390625,247.796142578125,165.45199584960938,111.85452270507812,294.7032165527344
2021-04-23,131.07644653320312,251.6310577392578,167.04400634765625,114.20879364013672,299.2850036621094
2021-04-26,131.4667510986328,252.01649475097656,170.4499969482422,114.70536041259766,301.1833190917969
2021-04-27,131.1447296142578,252.42117309570312,170.8715057373047,113.76435852050781,301.7100524902344
2021-04-28,130.35430908203125,245.28123474121094,172.9250030517578,117.14405059814453,305.2184143066406
2021-04-29,130.25672912597656,243.3059539794922,173.5655059814453,118.81848907470703,327.49114990234375
2021-04-30,128.2855224609375,242.9879913330078,173.37100219726562,116.86894226074219,323.0882568359375
2021-05-03,129.3394317626953,242.67965698242188,169.32449340820312,116.35151672363281,320.60357666015625
2021-05-04,124.7626724243164,238.7580108642578,165.593505859375,114.55142974853516,316.409423828125
2021-05-05,125.00663757324219,237.4861297607422,163.52699279785156,114.94571685791016,313.0898742675781
2021-05-06,126.60704803466797,240.6273193359375,165.31849670410156,116.06697845458984,318.0592346191406
2021-05-07,127.2815170288086,243.25778198242188,164.58050537109375,116.79097747802734,317.1250305175781
2021-05-10,123.9970932006836,238.17022705078125,159.52450561523438,113.8025894165039,304.0953369140625
2021-05-11,123.07823181152344,237.2548828125,161.19549560546875,112.72552490234375,304.65191650390625
2021-05-12,120.00883483886719,230.2883758544922,157.5970001220703,109.25892639160156,300.6962585449219
2021-05-13,122.15936279296875,234.17149353027344,158.07350158691406,110.68856048583984,303.3896789550781
2021-05-14,124.58358764648438,239.10488891601562,161.14500427246094,113.138671875,314.0042724609375
2021-05-17,123.43013763427734,236.24313354492188,163.51950073242188,113.66207122802734,313.5272216796875
2021-05-18,122.04206085205078,234.2196807861328,161.61399841308594,112.34861755371094,308.0609130859375
2021-05-19,121.88568115234375,234.7991485595703,161.58999633789062,112.79702758789062,311.6686096191406
2021-05-20,124.44674682617188,238.04415893554688,162.38400268554688,114.55738830566406,316.65789794921875
2021-05-21,122.60903930664062,236.7789764404297,160.1540069580078,113.92076873779297,314.29248046875
2021-05-24,124.241455078125,242.19700622558594,162.24949645996094,117.24336242675781,322.6409912109375
2021-05-25,124.04595184326172,243.10484313964844,162.95249938964844,117.33424377441406,325.78167724609375
2021-05-26,123.9970932006836,242.88265991210938,163.25799560546875,118.20026397705078,325.6524353027344
2021-05-27,122.46240997314453,240.77731323242188,161.5054931640625,117.32479858398438,330.71124267578125
2021-05-28,121.80747985839844,241.1346435546875,161.15350341796875,117.03529357910156,326.71588134765625
2021-05-31,121.80747985839844,241.1346435546875,161.15350341796875,117.03529357910156,326.71588134765625
2021-06-01,121.4848861694336,238.93264770507812,160.9324951171875,118.24346923828125,327.11346435546875
2021-06-02,122.2473373413086,238.8361053466797,161.69949340820312,117.71759796142578,327.1333312988281
2021-06-03,120.76152801513672,237.30050659179688,159.35049438476562,116.57496643066406,324.0423583984375
2021-06-04,123.05868530273438,242.20660400390625,160.31100463867188,118.85871124267578,328.325927734375
2021-06-07,123.06846618652344,245.123291015625,159.90049743652344,119.29222869873047,334.5177917480469
2021-06-08,123.88956451416016,243.92572021484375,163.20550537109375,119.10055541992188,331.6355285644531
2021-06-09,124.27078247070312,244.9108123779297,164.0574951171875,119.57230377197266,328.22662353515625
2021-06-10,123.27373504638672,248.43589782714844,167.4824981689453,120.9224853515625,330.42303466796875
2021-06-11,124.48585510253906,249.0636749267578,167.3415069580078,120.67766571044922,329.2303771972656
2021-06-14,127.5454330444336,250.99517822265625,169.19349670410156,121.60677337646484,334.7066345214844
2021-06-15,126.72432708740234,249.5175018310547,169.156494140625,120.58779907226562,334.686767578125
2021-06-16,127.22289276123047,248.57110595703125,170.7624969482422,119.94522857666016,329.0514831542969
2021-06-17,128.8259735107422,251.97064208984375,174.46200561523438,120.90958404541016,334.4482727050781
2021-06-18,127.52591705322266,250.55091857910156,174.34500122070312,119.28826141357422,327.64019775390625
2021-06-21,129.32452392578125,253.6414337158203,172.697998046875,120.97810363769531,330.25408935546875
2021-06-22,130.96673583984375,256.4228210449219,175.27200317382812,121.49254608154297,336.9527893066406
2021-06-23,130.69305419921875,256.1910400390625,175.1909942626953,121.29044342041016,338.5032043457031
2021-06-24,130.4095458984375,257.5625,172.45399475097656,121.660888671875,341.0773620605469
2021-06-25,130.11630249023438,255.94961547851562,170.072998046875,121.6693344116211,339.2784423828125
2021-06-28,131.74871826171875,259.5229187011719,172.1945037841797,121.69664764404297,353.4610290527344
2021-06-29,133.263916015625,262.11126708984375,172.40699768066406,121.43494415283203,349.7340393066406
2021-06-30,133.87974548339844,261.6283264160156,172.00799560546875,121.25321960449219,345.57958984375
2021-07-01,134.1827392578125,262.30438232421875,171.64849853515625,121.60577392578125,352.21868896484375
2021-07-02,136.8122100830078,268.1473083496094,175.5489959716797,124.3995132446289,352.5267639160156
2021-07-05,136.8122100830078,268.1473083496094,175.5489959716797,124.3995132446289,352.5267639160156
2021-07-06,138.82591247558594,268.15704345703125,183.78700256347656,125.32561492919922,350.6185607910156
2021-07-07,141.31857299804688,270.3493347167969,184.82899475097656,125.607666015625,348.34259033203125
2021-07-08,140.01846313476562,267.9252014160156,186.57049560546875,124.18746185302734,343.5321960449219
2021-07-09,141.84640502929688,268.42742919921875,185.9669952392578,124.65872192382812,348.2730407714844
2021-07-12,141.2501220703125,267.8286437988281,185.92750549316406,126.10574340820312,350.9962463378906
2021-07-13,142.364501953125,271.36334228515625,183.8679962158203,126.46922302246094,349.9327697753906
2021-07-14,145.79556274414062,272.8410339355469,184.08399963378906,127.35858917236328,345.5000915527344
2021-07-15,145.14064025878906,271.4117126464844,181.55999755859375,126.13502502441406,342.3494873046875
2021-07-16,143.09762573242188,271.1412353515625,178.68150329589844,126.10028076171875,339.06976318359375
2021-07-19,139.24623107910156,267.52923583984375,177.47950744628906,123.72466278076172,334.8855285644531
2021-07-20,142.863037109375,269.7602233886719,178.6595001220703,125.34497833251953,339.566650390625
2021-07-21,142.12989807128906,271.7690124511719,179.25999450683594,126.67530822753906,344.1086730957031
2021-07-22,143.49842834472656,276.3467712402344,181.90150451660156,127.54183197021484,349.03826904296875
2021-07-23,145.21878051757812,279.75592041015625,182.83200073242188,132.10386657714844,367.5243225097656
2021-07-26,145.63916015625,279.15716552734375,184.99099731445312,133.1168670654297,370.1779479980469
2021-07-27,143.46908569335938,276.7331237792969,181.3195037841797,130.9965057373047,365.5564880371094
2021-07-28,141.71934509277344,276.4241027832031,181.51600646972656,135.16177368164062,370.992919921875
2021-07-29,142.364501953125,276.6944580078125,179.99600219726562,134.84742736816406,356.1246032714844
2021-07-30,142.57952880859375,275.15887451171875,166.37950134277344,133.8036346435547,354.116943359375
2021-08-02,142.2471923828125,275.07196044921875,166.57400512695312,133.93077087402344,349.7936096191406
2021-08-03,144.0458221435547,277.293212890625,168.31199645996094,134.70095825195312,349.08795166015625
2021-08-04,143.64500427246094,276.70416259765625,167.73599243164062,134.19992065429688,356.7209777832031
2021-08-05,143.7525634765625,279.611083984375,168.79949951171875,135.31820678710938,360.74609375
2021-08-06,143.0672607421875,279.5531311035156,167.2469940185547,134.80870056152344,361.2828063964844
2021-08-09,143.01834106445312,278.4618225097656,167.093505859375,135.97515869140625,359.3943786621094
2021-08-10,142.5386505126953,276.6365051269531,166.03399658203125,135.86990356445312,358.9173889160156
2021-08-11,142.7931365966797,277.1290588378906,164.60549926757812,135.3455047607422,357.7545166015625
2021-08-12,145.75949096679688,279.8912048339844,165.1750030517578,136.25424194335938,360.42803955078125
2021-08-13,145.96502685546875,282.8271484375,164.69850158691406,136.78407287597656,360.9548034667969
2021-08-16,147.9425811767578,284.5172119140625,164.94949340820312,137.36209106445312,364.3140869140625
2021-08-17,147.0321044921875,283.04925537109375,162.09800720214844,135.72540283203125,356.2537841796875
2021-08-18,143.2826690673828,281.3172607421875,160.06100463867188,134.5211944580078,353.2721862792969
2021-08-19,143.61549377441406,287.16162109375,159.3874969482422,134.7506103515625,352.9441833496094
2021-08-20,145.0741729736328,294.50592041015625,159.99749755859375,136.48814392089844,357.16815185546875
2021-08-23,146.5622100830078,294.78643798828125,163.2935028076172,139.0822296142578,361.123779296875
2021-08-24,146.47409057617188,292.822265625,165.28900146484375,140.29388427734375,363.2705383300781
2021-08-25,145.2406005859375,292.23199462890625,164.95899963378906,141.1057891845703,366.1329345703125
2021-08-26,144.4378204345703,289.406494140625,165.8000030517578,140.47164916992188,362.1474609375
2021-08-27,145.47555541992188,290.01617431640625,167.48150634765625,143.01760864257812,370.3469543457031
2021-08-30,149.90052795410156,293.7608947753906,171.07850646972656,143.60008239746094,378.32769775390625
2021-08-31,148.63763427734375,292.106201171875,173.5395050048828,143.7063446044922,377.0555725097656
2021-09-01,149.3033447265625,292.057861328125,173.9499969482422,144.22079467773438,379.7091979980469
2021-09-02,150.41940307617188,291.3998107910156,173.156005859375,142.30552673339844,372.9806823730469
2021-09-03,151.05572509765625,291.39019775390625,173.90249633789062,142.75491333007812,373.9546813964844
2021-09-06,151.05572509765625,291.39019775390625,173.90249633789062,142.75491333007812,373.9546813964844
2021-09-07,153.39547729492188,290.46124267578125,175.46449279785156,143.2921905517578,379.83837890625
2021-09-08,151.8487091064453,290.49029541015625,176.27499389648438,142.70672607421875,375.25665283203125
2021-09-09,150.83058166503906,287.6261901855469,174.20799255371094,142.5577850341797,375.68402099609375
2021-09-10,145.83778381347656,286.13592529296875,173.45750427246094,139.91102600097656,376.3698425292969
2021-09-13,146.4055938720703,287.37457275390625,172.85850524902344,141.35755920410156,374.2031555175781
2021-09-14,145.00564575195312,290.0839538574219,172.5,141.56808471679688,374.2230529785156
2021-09-15,145.89651489257812,294.9510192871094,173.7895050048828,143.44020080566406,371.6290283203125
2021-09-16,145.6615753173828,295.33807373046875,174.41200256347656,142.62628173828125,370.7742614746094
2021-09-17,142.9889373779297,290.1612243652344,173.12600708007812,139.83555603027344,362.48541259765625
2021-09-20,139.9345703125,284.7716369628906,167.7864990234375,137.76930236816406,353.5206604003906
2021-09-21,140.41424560546875,285.2554626464844,167.18150329589844,138.0806427001953,355.2897644042969
2021-09-22,142.78338623046875,288.9130554199219,169.00250244140625,139.32257080078125,341.107177734375
2021-09-23,143.74278259277344,289.861328125,170.8000030517578,140.24868774414062,343.8403015136719
2021-09-24,143.83087158203125,289.65814208984375,171.2760009765625,141.2408447265625,350.79742431640625
2021-09-27,142.31346130371094,284.6459045410156,170.2899932861328,140.10568237304688,351.4136047363281
2021-09-28,138.9262237548828,274.340576171875,165.79800415039062,134.89956665039062,338.5628356933594
2021-09-29,139.82688903808594,274.8050842285156,165.05599975585938,133.43319702148438,337.52923583984375
2021-09-30,138.52484130859375,272.7924499511719,164.2519989013672,132.7603302001953,337.3105773925781
2021-10-01,139.65066528320312,279.7399597167969,164.16299438476562,135.6077117919922,340.90838623046875
2021-10-04,136.21450805664062,273.9438781738281,159.48899841308594,132.74395751953125,324.2311706542969
2021-10-05,138.14303588867188,279.4110107421875,161.0500030517578,135.0912628173828,330.9199523925781
2021-10-06,139.01434326171875,283.6201171875,163.10049438476562,136.62271118164062,331.5958557128906
2021-10-07,140.27719116210938,285.3038024902344,165.1215057373047,138.27134704589844,327.2028503417969
2021-10-08,139.89541625976562,285.3038024902344,164.43099975585938,138.82798767089844,328.0278015136719
2021-10-11,139.80728149414062,284.70391845703125,162.31500244140625,137.96246337890625,323.4560241699219
2021-10-12,138.53460693359375,283.39752197265625,162.3665008544922,135.51437377929688,321.7862548828125
2021-10-13,137.947265625,286.7165832519531,164.21400451660156,136.6395721435547,322.5515441894531
2021-10-14,140.7373046875,292.947998046875,164.9929962158203,140.1841278076172,326.51708984375
2021-10-15,141.79461669921875,294.3608093261719,170.4510040283203,140.399658203125,322.7702331542969
2021-10-18,143.4687042236328,297.3410339355469,172.33700561523438,141.79998779296875,333.285400390625
2021-10-19,145.63218688964844,298.2506103515625,172.20750427246094,142.25584411621094,337.90692138671875
2021-10-20,146.1216583251953,297.4571533203125,170.7530059814453,140.7978973388672,338.6920166015625
2021-10-21,146.33705139160156,300.69873046875,171.75050354003906,140.91409301757812,339.7853088378906
2021-10-22,145.56365966796875,299.1505126953125,166.77749633789062,136.6241912841797,322.6211242675781
2021-10-25,145.51473999023438,298.1539001464844,166.01849365234375,136.50552368164062,326.6761474609375
2021-10-26,146.180419921875,300.06982421875,168.80349731445312,138.354248046875,313.87506103515625
2021-10-27,145.7203369140625,312.7069091796875,169.62449645996094,145.21591186523438,310.3070373535156
2021-10-28,149.3621063232422,313.84869384765625,172.32850646972656,144.84996032714844,314.978271484375
2021-10-29,146.6503448486328,320.8832702636719,168.6215057373047,147.0319366455078,321.5874938964844
2021-11-01,145.82803344726562,318.7061767578125,165.90550231933594,142.51406860351562,327.958251953125
2021-11-02,146.86569213867188,322.344482421875,165.6374969482422,144.43630981445312,326.06982421875
2021-11-03,148.30479431152344,323.186279296875,169.1999969482422,145.59384155273438,329.588134765625
2021-11-04,147.78594970703125,325.5473327636719,173.85000610351562,147.25189208984375,333.7922668457031
2021-11-05,148.3153533935547,325.1795349121094,175.94949340820312,147.83238220214844,339.03997802734375
2021-11-08,147.4918212890625,326.0794372558594,174.44900512695312,148.01016235351562,336.5453186035156
2021-11-09,147.8545684814453,325.0732116699219,178.81149291992188,147.8984375,333.3152160644531
2021-11-10,145.02120971679688,320.0898132324219,174.1024932861328,144.89413452148438,325.6325988769531
2021-11-11,144.97218322753906,321.6670837402344,173.625,144.7680206298828,325.7319641113281
2021-11-12,147.05064392089844,325.8182067871094,176.25750732421875,147.65957641601562,338.8013916015625
2021-11-15,147.06044006347656,325.1893310546875,177.28399658203125,147.43511962890625,345.4305419921875
2021-11-16,148.04087829589844,328.5178527832031,177.03500366210938,146.86305236816406,340.85870361328125
2021-11-17,150.48202514648438,328.7408752441406,177.4499969482422,147.0328826904297,338.68212890625
2021-11-18,154.77621459960938,330.8251037597656,184.80299377441406,148.81214904785156,336.6148986816406
2021-11-19,157.40365600585938,332.6086730957031,183.82850646972656,147.9063720703125,343.18438720703125
2021-11-22,157.86448669433594,329.4291076660156,178.6284942626953,145.2998504638672,338.9206237792969
2021-11-23,158.24681091308594,327.34490966796875,179.0019989013672,144.78341674804688,335.1836853027344
2021-11-24,158.7664337158203,327.56787109375,179.02049255371094,145.11911010742188,338.9703674316406
2021-11-25,158.7664337158203,327.56787109375,179.02049255371094,145.11911010742188,338.9703674316406
2021-11-26,153.73696899414062,319.5896911621094,175.22799682617188,141.20907592773438,331.0789794921875
2021-11-29,157.09976196289062,326.32708740234375,178.07850646972656,144.5336456298828,335.9588928222656
2021-11-30,162.0605926513672,320.4718933105469,175.35350036621094,140.92552185058594,322.4720153808594
2021-12-01,161.541015625,319.9775390625,172.18600463867188,140.08531188964844,308.69696044921875
2021-12-02,160.55078125,319.4056701660156,171.8679962158203,141.98670959472656,308.4883117675781
2021-12-03,158.6684112548828,313.1239013671875,169.489501953125,141.02882385253906,304.96002197265625
2021-12-06,162.08021545410156,316.20660400390625,171.36849975585938,142.1743927001953,315.9223937988281
2021-12-07,167.82534790039062,324.6694030761719,176.1645050048828,146.2607421875,320.8321838378906
2021-12-08,171.64894104003906,324.7178955078125,176.1580047607422,147.1714324951172,328.5346984863281
2021-12-09,171.13914489746094,322.90509033203125,174.17100524902344,146.627197265625,327.7992248535156
2021-12-10,175.93328857421875,332.05621337890625,172.21200561523438,146.98770141601562,327.7296447753906
2021-12-13,172.29603576660156,329.0123596191406,169.5675048828125,144.82762145996094,332.4405822753906
2021-12-14,170.91360473632812,318.290771484375,169.0915069580078,142.92124938964844,331.6952209472656
2021-12-15,175.7862091064453,324.40765380859375,173.31500244140625,145.43788146972656,339.566650390625
2021-12-16,168.8842010498047,314.9560546875,168.87100219726562,143.45559692382812,332.84808349609375
2021-12-17,167.7861785888672,313.88970947265625,170.0175018310547,140.75421142578125,331.74493408203125
2021-12-20,166.42340087890625,310.1188049316406,167.07899475097656,140.6370086669922,323.4560241699219
2021-12-21,169.5999298095703,317.2729187011719,170.41700744628906,142.48974609375,332.15240478515625
2021-12-22,172.19796752929688,323.0020751953125,171.03700256347656,145.4120635986328,328.42535400390625
2021-12-23,172.825439453125,324.4463806152344,171.06849670410156,145.91015625,333.1860046386719
2021-12-24,172.825439453125,324.4463806152344,171.06849670410156,145.91015625,333.1860046386719
2021-12-27,176.79605102539062,331.968994140625,169.66949462890625,146.89337158203125,344.0589599609375
2021-12-28,175.77642822265625,330.8056640625,170.66099548339844,145.68222045898438,344.0987243652344
2021-12-29,175.8646697998047,331.48431396484375,169.2010040283203,145.65042114257812,340.8388366699219
2021-12-30,174.707763671875,328.93475341796875,168.64450073242188,145.19903564453125,342.2501220703125
2021-12-31,174.0901641845703,326.0265197753906,166.7169952392578,143.85977172851562,334.28924560546875
2022-01-03,178.44313049316406,324.5046081542969,170.4044952392578,143.99832153320312,336.4658203125
2022-01-04,176.1783905029297,318.9402770996094,167.52200317382812,143.41038513183594,334.46807861328125
2022-01-05,171.49208068847656,306.69683837890625,164.35699462890625,136.83126831054688,322.183837890625
2022-01-06,168.6293182373047,304.27337646484375,163.25399780273438,136.80393981933594,330.42303466796875
2022-01-07,168.79595947265625,304.428466796875,162.5540008544922,136.0784454345703,329.75714111328125
2022-01-10,168.81558227539062,304.65142822265625,161.48599243164062,137.71963500976562,326.0599365234375
2022-01-11,171.64894104003906,305.3396911621094,165.36199951171875,138.77882385253906,332.3213195800781
2022-01-12,172.09011840820312,308.52899169921875,165.20700073242188,140.4617156982422,331.2181701660156
2022-01-13,168.81558227539062,295.47125244140625,161.21400451660156,137.63771057128906,324.4797058105469
2022-01-14,169.67835998535156,300.7059326171875,162.13800048828125,138.5250701904297,329.8664245605469
2022-01-17,169.67835998535156,300.7059326171875,162.13800048828125,138.5250701904297,329.8664245605469
2022-01-18,166.47242736816406,293.3871154785156,158.91749572753906,135.06643676757812,316.2007141113281
2022-01-19,162.97238159179688,294.0461730957031,156.2989959716797,134.19097900390625,317.6319274902344
2022-01-20,161.2861328125,292.3692321777344,151.66749572753906,132.39434814453125,314.6204528808594
2022-01-21,159.22726440429688,286.9696350097656,142.64300537109375,129.45860290527344,301.3124694824219
2022-01-24,158.45272827148438,287.2992248535156,144.54400634765625,129.90802001953125,306.8185119628906
2022-01-25,156.64874267578125,279.6604309082031,139.98599243164062,126.06551361083984,298.3110046386719
2022-01-26,156.56056213378906,287.6288146972656,138.87249755859375,128.3477783203125,292.8248596191406
2022-01-27,156.09976196289062,290.6629943847656,139.6374969482422,128.121337890625,292.8347473144531
2022-01-28,166.9920196533203,298.82537841796875,143.97799682617188,132.4375762939453,299.8614501953125
2022-01-31,171.35479736328125,301.462158203125,149.57350158691406,134.37669372558594,311.3406982421875
2022-02-01,171.1881561279297,299.3100280761719,151.19349670410156,136.70115661621094,317.0455017089844
2022-02-02,172.39404296875,303.8661193847656,150.6125030517578,146.98622131347656,321.02099609375
2022-02-03,169.51165771484375,292.0299072265625,138.8455047607422,142.10984802246094,236.30322265625
2022-02-04,169.2269744873047,296.57635498046875,157.63949584960938,142.3114471435547,235.6373748779297
2022-02-07,168.5103759765625,291.7391052246094,157.9355010986328,138.24749755859375,223.53201293945312
2022-02-08,171.62222290039062,295.2386474609375,161.4134979248047,138.44415283203125,218.83096313476562
2022-02-09,173.04562377929688,301.68505859375,161.1894989013672,140.62210083007812,230.5785369873047
2022-02-10,168.9619140625,293.1252746582031,159.0034942626953,137.6704559326172,226.67263793945312
2022-02-11,165.54580688476562,286.0099792480469,153.2935028076172,133.36270141601562,218.20481872558594
2022-02-14,165.78140258789062,285.9712219238281,155.16700744628906,134.59767150878906,216.3661651611328
2022-02-15,169.61968994140625,291.2738037109375,156.510498046875,135.6727752685547,219.64596557617188
2022-02-16,169.38404846191406,290.933837890625,158.10049438476562,136.79454040527344,215.21324157714844
2022-02-17,165.78140258789062,282.4146423339844,154.65249633789062,131.63111877441406,206.4373779296875
2022-02-18,164.23037719726562,279.6947326660156,152.60150146484375,129.509765625,204.8968963623047
2022-02-21,164.23037719726562,279.6947326660156,152.60150146484375,129.509765625,204.8968963623047
2022-02-22,161.3050994873047,279.49066162109375,150.19749450683594,128.92430114746094,200.84185791015625
2022-02-23,157.13304138183594,272.25384521484375,144.82699584960938,126.71403503417969,197.23410034179688
2022-02-24,159.75405883789062,286.1642150878906,151.35800170898438,131.7821044921875,206.3280487060547
2022-02-25,161.8253173828125,288.806396484375,153.7884979248047,133.53846740722656,209.1903839111328
2022-02-28,162.09034729003906,290.24407958984375,153.56300354003906,134.1318817138672,209.73703002929688
2022-03-01,160.20559692382812,286.5139465332031,151.14199829101562,133.14317321777344,202.2432403564453
2022-03-02,163.50396728515625,291.60406494140625,152.05250549316406,133.6497039794922,206.83494567871094
2022-03-03,163.18002319335938,287.4562072753906,147.89849853515625,132.98231506347656,201.72640991210938
2022-03-04,160.1761474609375,281.56951904296875,145.64100646972656,131.00294494628906,198.83424377441406
2022-03-07,156.37716674804688,270.9327392578125,137.4530029296875,125.51283264160156,186.32139587402344
2022-03-08,154.55128479003906,267.96026611328125,136.01449584960938,126.2338638305664,189.1240997314453
2022-03-09,159.96022033691406,280.24835205078125,139.2790069580078,132.50608825683594,197.28378295898438
2022-03-10,155.6114959716797,277.4216613769531,146.8175048828125,131.5223846435547,194.0139617919922
2022-03-11,151.89100646972656,272.0595703125,145.52450561523438,128.98089599609375,186.46051025390625
2022-03-14,147.8564453125,268.5333251953125,141.85299682617188,125.08824157714844,185.48654174804688
2022-03-15,152.24441528320312,278.9370422363281,147.3665008544922,128.31301879882812,190.8534393310547
2022-03-16,156.6618194580078,285.9699401855469,153.10400390625,132.36753845214844,202.3823699951172
2022-03-17,157.6729278564453,286.7762451171875,157.23899841308594,132.92221069335938,206.56655883789062
2022-03-18,160.9713134765625,291.8371276855469,161.25050354003906,135.1930694580078,215.16358947753906
2022-03-21,162.34559631347656,290.6035461425781,161.4915008544922,135.1692352294922,210.19422912597656
2022-03-22,165.72247314453125,295.3634033203125,164.88900756835938,138.909912109375,215.3225860595703
2022-03-23,167.0869903564453,290.9241027832031,163.4080047607422,137.3283233642578,212.1521453857422
2022-03-24,170.8761749267578,295.4021911621094,163.64950561523438,140.60227966308594,218.22470092773438
2022-03-25,171.51425170898438,294.9942626953125,164.77349853515625,140.7025604248047,220.46092224121094
2022-03-28,172.37808227539062,301.8134460449219,168.99049377441406,140.48655700683594,222.22006225585938
2022-03-29,175.67645263671875,306.3887634277344,169.31500244140625,141.52935791015625,228.45166015625
2022-03-30,174.50827026367188,304.883056640625,166.30099487304688,140.9662322998047,226.4539794921875
2022-03-31,171.40626525878906,299.4918518066406,162.99749755859375,138.1149139404297,220.9976043701172
2022-04-01,171.1117706298828,300.5700988769531,163.55999755859375,139.19049072265625,223.4723663330078
2022-04-04,175.16600036621094,305.96124267578125,168.34649658203125,141.99217224121094,232.4569549560547
2022-04-05,171.84799194335938,301.98828125,164.05499267578125,139.6279754638672,230.41952514648438
2022-04-06,168.67726135253906,290.933837890625,158.75599670410156,135.6126708984375,221.9318389892578
2022-04-07,168.98155212402344,292.750244140625,157.7845001220703,134.9576873779297,221.58399963378906
2022-04-08,166.9691925048828,288.47613525390625,154.4604949951172,132.37451171875,220.96780395507812
2022-04-11,162.70880126953125,277.10107421875,151.1219940185547,127.94107818603516,215.13377380371094
2022-04-12,164.58377075195312,273.9925842285156,150.78750610351562,126.83967590332031,212.82798767089844
2022-04-13,167.2734832763672,279.3935852050781,155.54100036621094,129.00424194335938,213.67276000976562
2022-04-14,162.2572479248047,271.8263854980469,151.7064971923828,125.86193084716797,208.8922119140625
2022-04-15,162.2572479248047,271.8263854980469,151.7064971923828,125.86193084716797,208.8922119140625
2022-04-18,162.04132080078125,272.4966125488281,152.78500366210938,126.80193328857422,209.47862243652344
2022-04-19,164.3285369873047,277.1399230957031,158.11549377441406,129.11846923828125,215.9785614013672
2022-04-20,164.16163635253906,278.16961669921875,153.9980010986328,127.1629409790039,199.19203186035156
2022-04-21,163.3665313720703,272.77838134765625,148.29600524902344,123.95953369140625,186.917724609375
2022-04-22,158.8214874267578,266.1922607421875,144.35000610351562,118.81600952148438,182.98196411132812
2022-04-25,159.8914794921875,272.6909484863281,146.07400512695312,122.23096466064453,185.84434509277344
2022-04-26,153.9230499267578,262.4912414550781,139.39100646972656,117.83726501464844,179.84132385253906
2022-04-27,153.69723510742188,275.11944580078125,138.16700744628906,113.5115966796875,173.8780975341797
2022-04-28,160.63751220703125,281.3460693359375,144.59649658203125,117.71063232421875,204.46951293945312
2022-04-29,154.75743103027344,269.5823974609375,124.28150177001953,113.32786560058594,199.24172973632812
2022-05-02,155.06178283691406,276.3336181640625,124.5,115.784423828125,209.83642578125
2022-05-03,156.55384826660156,273.7206726074219,124.25350189208984,116.53028106689453,210.73092651367188
2022-05-04,162.97389221191406,281.6860656738281,125.92849731445312,121.42353820800781,222.0411834716797
2022-05-05,153.89361572265625,269.4173278808594,116.40699768066406,115.70745849609375,207.00389099121094
2022-05-06,154.62106323242188,266.87225341796875,114.77249908447266,114.95365905761719,202.52151489257812
2022-05-09,149.48931884765625,257.0125427246094,108.78900146484375,111.74031829833984,195.00784301757812
2022-05-10,151.8979034423828,261.79180908203125,108.85900115966797,113.61141204833984,196.4390106201172
2022-05-11,144.02330017089844,253.09783935546875,105.37200164794922,112.8243408203125,187.58360290527344
2022-05-12,140.14996337890625,248.04656982421875,106.93049621582031,112.071044921875,190.0683135986328
2022-05-13,144.6230010986328,253.6515350341797,113.05500030517578,115.25557708740234,197.40304565429688
2022-05-16,143.0795440673828,254.0206298828125,110.81050109863281,113.66107177734375,198.81436157226562
2022-05-17,146.7169952392578,259.1885070800781,115.36849975585938,115.6751708984375,201.3785858154297
2022-05-18,138.43931579589844,247.38772583007812,107.11250305175781,111.13300323486328,191.06216430664062
2022-05-19,135.02801513671875,246.4724884033203,107.31900024414062,109.62789154052734,190.1179656982422
2022-05-20,135.26394653320312,245.90777587890625,107.59100341796875,108.1619873046875,192.35418701171875
2022-05-23,140.6906280517578,253.78463745117188,107.55699920654297,110.72432708740234,195.02769470214844
2022-05-24,137.9871063232422,252.78182983398438,104.0999984741211,105.24412536621094,180.1693115234375
2022-05-25,138.14442443847656,255.6053924560547,106.7750015258789,105.08025360107422,182.70367431640625
2022-05-26,141.34930419921875,258.89642333984375,111.07749938964844,107.05413818359375,190.45590209960938
2022-05-27,147.11026000976562,266.0430603027344,115.14649963378906,111.5471420288086,193.9344482421875
2022-05-30,147.11026000976562,266.0430603027344,115.14649963378906,111.5471420288086,193.9344482421875
2022-05-31,146.32374572753906,264.7091979980469,120.20950317382812,112.98274993896484,192.45358276367188
2022-06-01,146.19598388671875,265.24468994140625,121.68399810791016,113.11184692382812,187.48422241210938
2022-06-02,148.6536865234375,267.34771728515625,125.51100158691406,116.81681060791016,197.64157104492188
2022-06-03,142.9222412109375,262.90789794921875,122.3499984741211,113.75641632080078,189.61111450195312
2022-06-06,143.6693878173828,261.6713562011719,124.79000091552734,116.02029418945312,193.05987548828125
2022-06-07,146.19598388671875,265.3225402832031,123.0,116.34703826904297,194.45126342773438
2022-06-08,145.45863342285156,263.2876281738281,121.18000030517578,116.39124298095703,195.43519592285156
2022-06-09,140.22857666015625,257.8157043457031,116.1500015258789,114.04889678955078,182.87265014648438
2022-06-10,134.8116912841797,246.32647705078125,109.6500015258789,110.40005493164062,174.4943084716797
2022-06-13,129.65049743652344,235.87905883789062,103.66999816894531,105.66373443603516,163.2535858154297
2022-06-14,130.5155792236328,238.0503387451172,102.30999755859375,105.9845199584961,162.72682189941406
2022-06-15,133.14044189453125,245.12884521484375,107.66999816894531,109.01263427734375,168.31239318847656
2022-06-16,127.86124420166016,238.51766967773438,103.66000366210938,105.30718231201172,159.8843536376953
2022-06-17,129.3358612060547,241.12709045410156,106.22000122070312,106.40958404541016,162.73680114746094
2022-06-20,129.3358612060547,241.12709045410156,106.22000122070312,106.40958404541016,162.73680114746094
2022-06-21,133.57305908203125,247.05670166015625,108.68000030517578,110.77993774414062,156.08778381347656
2022-06-22,133.0618133544922,246.46275329589844,108.94999694824219,110.72383117675781,154.89511108398438
2022-06-23,135.93243408203125,252.04180908203125,112.44000244140625,111.47315216064453,157.77735900878906
2022-06-24,139.26515197753906,260.6490173339844,116.45999908447266,117.16687774658203,169.11744689941406
2022-06-27,139.26515197753906,257.9130554199219,113.22000122070312,115.04006958007812,168.4515380859375
2022-06-28,135.11651611328125,249.72451782226562,107.4000015258789,111.24027252197266,159.69554138183594
2022-06-29,136.876220703125,253.40492248535156,108.91999816894531,110.93636322021484,162.93556213378906
2022-06-30,134.40867614746094,250.06529235839844,106.20999908447266,108.21661376953125,160.26202392578125
2022-07-01,136.58128356933594,252.74285888671875,109.55999755859375,107.99266815185547,159.0494842529297
2022-07-04,136.58128356933594,252.74285888671875,109.55999755859375,107.99266815185547,159.0494842529297
2022-07-05,139.16680908203125,255.92677307128906,113.5,112.48716735839844,167.15951538085938
2022-07-06,140.5038299560547,259.1982116699219,114.33000183105469,113.78720092773438,168.72984313964844
2022-07-07,143.8758544921875,261.3305358886719,116.33000183105469,117.96934509277344,171.135009765625
2022-07-08,144.55419921875,260.6100769042969,115.54000091552734,118.53594970703125,169.83302307128906
2022-07-11,142.42086791992188,257.54296875,111.75,114.88414001464844,161.88206481933594
2022-07-12,143.3941192626953,246.988525390625,109.22000122070312,113.2394790649414,162.2696533203125
2022-07-13,143.03036499023438,246.06353759765625,110.4000015258789,110.59074401855469,162.48831176757812
2022-07-14,145.9600067138672,247.38772583007812,110.62999725341797,109.61149597167969,157.08164978027344
2022-07-15,147.63125610351562,249.9582061767578,113.55000305175781,111.01183319091797,163.6908721923828
2022-07-18,144.5836944580078,247.55323791503906,113.76000213623047,108.28314971923828,166.2053985595703
2022-07-19,148.44728088378906,252.69415283203125,118.20999908447266,113.0304183959961,174.7030029296875
2022-07-20,150.45274353027344,255.3620147705078,122.7699966430664,113.11980438232422,181.96820068359375
2022-07-21,152.7237091064453,257.8643493652344,124.62999725341797,113.5567855834961,182.0477294921875
2022-07-22,151.48500061035156,253.50233459472656,122.41999816894531,107.160888671875,168.23291015625
2022-07-25,150.36427307128906,252.01260375976562,121.13999938964844,106.7735824584961,165.62892150878906
2022-07-26,149.03712463378906,245.26515197753906,114.80999755859375,104.30062866210938,158.17489624023438
2022-07-27,154.13937377929688,261.66162109375,120.97000122070312,112.28555297851562,168.54100036621094
2022-07-28,154.68988037109375,269.1295471191406,122.27999877929688,113.43761444091797,159.73529052734375
2022-07-29,159.7626495361328,273.34552001953125,134.9499969482422,115.52322387695312,158.1251983642578
2022-08-01,158.77955627441406,270.6873779296875,135.38999938964844,114.0732192993164,158.95008850097656
2022-08-02,157.304931640625,267.58154296875,134.16000366210938,114.34137725830078,159.20851135253906
2022-08-03,163.32147216796875,275.02996826171875,139.52000427246094,117.27117156982422,167.76576232910156
2022-08-04,163.00686645507812,276.17889404296875,142.57000732421875,117.38042449951172,169.52491760253906
2022-08-05,162.7804412841797,275.45831298828125,140.8000030517578,116.66534423828125,166.08612060546875
2022-08-08,162.3079071044922,272.9366455078125,139.41000366210938,116.49652099609375,169.20689392089844
2022-08-09,162.35711669921875,274.8644104003906,137.8300018310547,115.83110046386719,167.49742126464844
2022-08-10,166.61001586914062,281.5437927246094,142.69000244140625,118.88007354736328,177.24732971191406
2022-08-11,165.8716278076172,279.4600830078125,140.63999938964844,118.02595520019531,176.40252685546875
2022-08-12,169.42555236816406,284.2213134765625,143.5500030517578,120.84651184082031,179.39407348632812
2022-08-15,170.4986114501953,285.7402038574219,143.17999267578125,121.24376678466797,179.7816925048828
2022-08-16,170.34107971191406,285.000244140625,144.77999877929688,120.86636352539062,178.37039184570312
2022-08-17,171.8374481201172,284.2489318847656,142.10000610351562,118.7311019897461,173.77871704101562
2022-08-18,171.44366455078125,283.1268615722656,142.3000030517578,119.34685516357422,173.58987426757812
2022-08-19,168.8545379638672,279.20440673828125,138.22999572753906,116.4071273803711,166.93092346191406
2022-08-22,164.96595764160156,271.0083312988281,133.22000122070312,113.45747375488281,162.05101013183594
2022-08-23,164.63121032714844,269.7301940917969,133.6199951171875,113.080078125,160.12290954589844
2022-08-24,164.92657470703125,269.0958557128906,133.8000030517578,112.91124725341797,162.2597198486328
2022-08-25,167.38771057128906,272.0816345214844,137.27999877929688,115.85095977783203,167.74588012695312
2022-08-26,161.0773162841797,261.582763671875,130.75,109.58418273925781,160.7887725830078
2022-08-29,158.8721466064453,258.7922668457031,129.7899932861328,108.67048645019531,158.1947784423828
2022-08-30,156.44053649902344,256.5870666503906,128.72999572753906,108.19378662109375,156.19708251953125
2022-08-31,154.7767791748047,255.1234130859375,126.7699966430664,107.47871398925781,161.93173217773438
2022-09-01,155.50527954101562,254.07945251464844,127.81999969482422,108.98829650878906,164.3468475341797
2022-09-02,153.38870239257812,249.84475708007812,127.51000213623047,107.11124420166016,159.33773803710938
2022-09-05,153.38870239257812,249.84475708007812,127.51000213623047,107.11124420166016,159.33773803710938
2022-09-06,152.12857055664062,247.1029815673828,126.11000061035156,106.07836151123047,157.5686492919922
2022-09-07,153.53639221191406,251.8255157470703,129.47999572753906,108.70027923583984,159.40728759765625
2022-09-08,152.05967712402344,252.24505615234375,129.82000732421875,107.63760375976562,161.0670623779297
2022-09-09,154.92442321777344,258.0408935546875,133.27000427246094,109.8920669555664,168.1136016845703
2022-09-12,160.89024353027344,260.177734375,136.4499969482422,110.10063171386719,167.92477416992188
2022-09-13,151.44932556152344,245.87353515625,126.81999969482422,103.60542297363281,152.19178771972656
2022-09-14,152.89645385742188,246.09800720214844,128.5500030517578,104.28076171875,150.54196166992188
2022-09-15,150.0021209716797,239.4239959716797,126.27999877929688,102.20508575439453,148.63372802734375
2022-09-16,148.35809326171875,238.79957580566406,123.52999877929688,102.09583282470703,145.3936767578125
2022-09-19,152.07931518554688,238.5848846435547,124.66000366210938,102.3639907836914,147.1131134033203
2022-09-20,154.46173095703125,236.5651397705078,122.19000244140625,100.44718933105469,145.1949005126953
2022-09-21,151.33116149902344,233.15008544921875,118.54000091552734,98.5999526977539,141.24923706054688
2022-09-22,150.3664093017578,235.13079833984375,117.30999755859375,99.45405578613281,141.94497680664062
2022-09-23,148.09225463867188,232.14508056640625,113.77999877929688,98.06364440917969,139.54969787597656
2022-09-26,148.42703247070312,231.68650817871094,115.1500015258789,97.4975357055664,135.53445434570312
2022-09-27,149.40159606933594,230.67173767089844,114.41000366210938,96.83214569091797,133.57655334472656
2022-09-28,147.51145935058594,235.2186279296875,118.01000213623047,99.36466979980469,140.7423553466797
2022-09-29,140.26585388183594,231.7353057861328,114.80000305175781,96.75269317626953,135.57423400878906
2022-09-30,136.0523681640625,227.2469024658203,113.0,94.99481964111328,134.8486785888672
2022-10-03,140.23631286621094,234.89666748046875,115.87999725341797,97.96432495117188,137.7607421875
2022-10-04,143.82957458496094,242.8390350341797,121.08999633789062,100.94379425048828,139.42051696777344
2022-10-05,144.1249237060547,243.15127563476562,120.94999694824219,100.73522186279297,138.1284637451172
2022-10-06,143.1699676513672,240.7997589111328,120.30000305175781,100.72528839111328,138.21792602539062
2022-10-07,137.91302490234375,228.5543975830078,114.55999755859375,98.00405883789062,132.6323699951172
2022-10-10,138.23785400390625,223.68551635742188,113.66999816894531,97.1896743774414,132.97027587890625
2022-10-11,136.82022094726562,219.93873596191406,112.20999908447266,96.51432800292969,127.75243377685547
2022-10-12,136.19017028808594,220.27047729492188,112.9000015258789,96.89173126220703,126.71881103515625
2022-10-13,140.76788330078125,228.5543975830078,112.52999877929688,98.3814468383789,129.49169921875
2022-10-14,136.22955322265625,223.01226806640625,106.9000015258789,95.89856719970703,125.98334503173828
2022-10-17,140.19692993164062,231.76454162597656,113.79000091552734,99.28521728515625,133.21875
2022-10-18,141.51609802246094,232.71099853515625,116.36000061035156,100.07975006103516,131.98634338378906
2022-10-19,141.62440490722656,230.74002075195312,115.06999969482422,98.94754791259766,132.41372680664062
2022-10-20,141.1616973876953,230.41807556152344,115.25,99.28521728515625,130.72413635253906
2022-10-21,144.98141479492188,236.24313354492188,119.31999969482422,100.43727111816406,129.2134552001953
2022-10-24,147.12750244140625,241.24859619140625,119.81999969482422,101.8177490234375,128.9252166748047
2022-10-25,149.97262573242188,244.57586669921875,120.5999984741211,103.76432800292969,136.66748046875
2022-10-26,147.02911376953125,225.70530700683594,115.66000366210938,94.27973937988281,129.0246124267578
2022-10-27,142.5498046875,221.24618530273438,110.95999908447266,91.58830261230469,97.3399429321289
2022-10-28,153.31979370117188,230.14483642578125,103.41000366210938,95.63043975830078,98.59220123291016
2022-10-31,150.95706176757812,226.49563598632812,102.44000244140625,93.86262512207031,92.58921813964844
2022-11-01,148.30889892578125,222.6317138671875,96.79000091552734,89.85029602050781,94.61670684814453
2022-11-02,142.77621459960938,214.75762939453125,92.12000274658203,86.374267578125,89.98526000976562
2022-11-03,136.7218017578125,209.0496063232422,89.30000305175781,82.85851287841797,88.3652572631836
2022-11-04,136.45553588867188,216.0163116455078,90.9800033569336,85.9869384765625,90.23373413085938
2022-11-07,136.98802185058594,222.33905029296875,90.52999877929688,87.88385772705078,96.12740325927734
2022-11-08,137.55996704101562,223.31475830078125,89.9800033569336,88.2910385131836,95.8789291381836
2022-11-09,132.99436950683594,219.06057739257812,86.13999938964844,86.72187042236328,100.84830474853516
2022-11-10,144.8274688720703,237.08229064941406,96.62999725341797,93.29651641845703,111.18458557128906
2022-11-11,147.6181182861328,241.1120147705078,100.79000091552734,95.7496109008789,112.32752227783203
2022-11-14,146.21783447265625,235.68698120117188,98.48999786376953,95.04446411132812,113.52017211914062
2022-11-15,147.95338439941406,236.09678649902344,98.94000244140625,97.76570129394531,116.3626708984375
2022-11-16,146.72079467773438,236.52728271484375,97.12000274658203,98.17288970947266,112.5362548828125
2022-11-17,148.62393188476562,236.47837829589844,94.8499984741211,97.68624877929688,110.76715087890625
2022-11-18,149.18597412109375,236.0282745361328,94.13999938964844,96.76261901855469,111.36347961425781
2022-11-21,145.95159912109375,236.8404083251953,92.45999908447266,94.94515228271484,109.1868896484375
2022-11-22,148.09144592285156,239.7562713623047,93.19999694824219,96.38522338867188,110.75721740722656
2022-11-23,148.96908569335938,242.2513885498047,94.12999725341797,97.78556060791016,111.55231475830078
2022-11-24,148.96908569335938,242.2513885498047,94.12999725341797,97.78556060791016,111.55231475830078
2022-11-25,146.05023193359375,242.16336059570312,93.41000366210938,96.79241180419922,110.72740936279297
2022-11-28,142.21432495117188,236.55667114257812,93.94999694824219,95.39208221435547,108.1135025024414
2022-11-29,139.20672607421875,235.1574249267578,92.41999816894531,94.53795623779297,108.78935241699219
2022-11-30,145.9713134765625,249.648681640625,96.54000091552734,100.2982406616211,117.37639617919922
2022-12-01,146.24745178222656,249.20838928222656,95.5,100.2982406616211,119.70206451416016
2022-12-02,145.75437927246094,249.53125,94.12999725341797,99.75200653076172,122.73336791992188
2022-12-05,144.5908203125,244.81500244140625,91.01000213623047,98.798583984375,121.67987823486328
2022-12-06,140.9225311279297,239.84434509277344,88.25,96.31570434570312,113.42078399658203
2022-12-07,138.97994995117188,239.11050415039062,88.45999908447266,94.2896728515625,113.2319564819336
2022-12-08,140.6661376953125,242.0752716064453,90.3499984741211,93.0680923461914,114.62336730957031
2022-12-09,140.1829833984375,240.1378936767578,89.08999633789062,92.19412994384766,115.18988800048828
2022-12-12,142.4805908203125,247.07528686523438,90.55000305175781,92.67082977294922,114.00717163085938
2022-12-13,143.4469451904297,251.39036560058594,92.48999786376953,94.9749526977539,119.41385650634766
2022-12-14,141.21836853027344,251.6839141845703,91.58000183105469,94.41877746582031,120.84501647949219
2022-12-15,134.60171508789062,243.6505889892578,88.44999694824219,90.23761749267578,115.4383544921875
2022-12-16,132.6393585205078,239.423583984375,87.86000061035156,89.64173126220703,118.69825744628906
2022-12-19,130.52911376953125,235.27484130859375,84.91999816894531,87.8342056274414,113.7785873413086
2022-12-20,130.46009826660156,236.5957794189453,85.19000244140625,88.41021728515625,116.37260437011719
2022-12-21,133.56629943847656,239.169189453125,86.7699966430664,88.96639251708984,119.0262451171875
2022-12-22,130.39105224609375,233.06350708007812,83.79000091552734,87.15885925292969,116.40242004394531
2022-12-23,130.02621459960938,233.59185791015625,85.25,88.61878967285156,117.31678009033203
2022-12-26,130.02621459960938,233.59185791015625,85.25,88.61878967285156,117.31678009033203
2022-12-27,128.22166442871094,231.8599853515625,83.04000091552734,86.79139709472656,116.16388702392578
2022-12-28,124.28715515136719,229.48226928710938,81.81999969482422,85.43077087402344,114.91161346435547
2022-12-29,127.80753326416016,235.8227996826172,84.18000030517578,87.84413146972656,119.52317810058594
2022-12-30,128.12306213378906,234.65841674804688,84.0,87.62564086914062,119.60267639160156
2023-01-02,128.12306213378906,234.65841674804688,84.0,87.62564086914062,119.60267639160156
2023-01-03,123.33064270019531,234.42356872558594,85.81999969482422,88.5095443725586,123.97572326660156
2023-01-04,124.60270690917969,224.16915893554688,85.13999938964844,87.47666931152344,126.58961486816406
2023-01-05,123.28133392333984,217.52528381347656,83.12000274658203,85.60953521728516,126.16224670410156
2023-01-06,127.81737518310547,220.0889129638672,86.08000183105469,86.74172973632812,129.22337341308594
2023-01-09,128.3400115966797,222.2317352294922,87.36000061035156,87.41706848144531,128.67672729492188
2023-01-10,128.9119110107422,223.92449951171875,89.87000274658203,87.81433868408203,132.1751708984375
2023-01-11,131.63357543945312,230.695556640625,95.08999633789062,90.8930892944336,132.07582092285156
2023-01-12,131.5546875,233.37660217285156,95.2699966430664,90.50577545166016,135.87237548828125
2023-01-13,132.88587951660156,234.0811309814453,98.12000274658203,91.4889907836914,136.14071655273438
2023-01-16,132.88587951660156,234.0811309814453,98.12000274658203,91.4889907836914,136.14071655273438
2023-01-17,134.0495147705078,235.17701721191406,96.05000305175781,90.6646728515625,134.53065490722656
2023-01-18,133.3296356201172,230.73472595214844,95.45999908447266,90.49584197998047,132.20498657226562
2023-01-19,133.3887939453125,226.93821716308594,93.68000030517578,92.4126205444336,135.31582641601562
2023-01-20,135.95263671875,235.0498046875,97.25,97.34857177734375,138.51609802246094
2023-01-23,139.1475830078125,237.3590087890625,97.5199966430664,99.1064453125,142.39219665527344
2023-01-24,140.5478515625,236.83065795898438,96.31999969482422,97.03076934814453,142.26300048828125
2023-01-25,139.88714599609375,235.43141174316406,97.18000030517578,94.56776428222656,140.63304138183594
2023-01-26,141.95794677734375,242.66236877441406,99.22000122070312,96.85199737548828,146.39752197265625
2023-01-27,143.90054321289062,242.8189239501953,102.23999786376953,98.6893310546875,150.81028747558594
2023-01-30,141.0113067626953,237.48622131347656,100.55000305175781,96.2759780883789,146.15896606445312
2023-01-31,142.2833251953125,242.4764404296875,103.12999725341797,98.16295623779297,148.05726623535156
2023-02-01,143.407470703125,247.3101348876953,105.1500015258789,99.74207305908203,152.18185424804688
2023-02-02,148.72256469726562,258.90509033203125,112.91000366210938,107.00198364257812,187.6134033203125
2023-02-03,152.3513946533203,252.78961181640625,103.38999938964844,104.06227111816406,185.3871307373047
2023-02-06,149.61988830566406,251.24356079101562,102.18000030517578,102.19515228271484,184.92001342773438
2023-02-07,152.49925231933594,261.8013916015625,102.11000061035156,106.90267181396484,190.4459686279297
2023-02-08,149.8072509765625,260.9892272949219,100.05000305175781,98.6893310546875,182.30613708496094
2023-02-09,148.77183532714844,257.9461975097656,98.23999786376953,94.35918426513672,176.82989501953125
2023-02-10,149.1372528076172,257.4373779296875,97.61000061035156,93.9222183227539,173.08299255371094
2023-02-13,151.94204711914062,265.48046875,99.54000091552734,93.96192932128906,178.33062744140625
2023-02-14,151.3000946044922,266.31219482421875,99.69999694824219,94.03145599365234,178.38035583496094
2023-02-15,153.40365600585938,264.18359375,101.16000366210938,96.2759780883789,176.07455444335938
2023-02-16,151.8037872314453,257.1502990722656,98.1500015258789,94.85577392578125,171.38348388671875
2023-02-17,150.65814208984375,253.13829040527344,97.19999694824219,93.70372009277344,171.82078552246094
2023-02-20,150.65814208984375,253.13829040527344,97.19999694824219,93.70372009277344,171.82078552246094
2023-02-21,146.63864135742188,247.85107421875,94.58000183105469,91.16126251220703,171.0256805419922
2023-02-22,147.0633087158203,246.71319580078125,95.79000091552734,91.02220916748047,170.07154846191406
2023-02-23,147.54722595214844,249.91102600097656,95.81999969482422,90.26742553710938,170.98593139648438
2023-02-24,144.8905792236328,244.46690368652344,93.5,88.51947021484375,169.34600830078125
2023-02-27,146.08558654785156,245.38897705078125,93.76000213623047,89.25440216064453,168.501220703125
2023-02-28,145.58189392089844,244.66305541992188,94.2300033569336,89.44310760498047,173.86814880371094
2023-03-01,143.5079345703125,241.5731658935547,92.16999816894531,89.74104309082031,172.3574676513672
2023-03-02,144.10052490234375,246.3208465576172,92.12999725341797,91.36981964111328,173.46066284179688
2023-03-03,149.15701293945312,250.4210968017578,94.9000015258789,93.00850677490234,184.114990234375
2023-03-06,151.9223175048828,251.9710235595703,93.75,94.47836303710938,183.7671356201172
2023-03-07,149.719970703125,249.3028564453125,93.55000305175781,93.21707153320312,183.3795166015625
2023-03-08,150.9741973876953,248.86143493652344,93.91999816894531,93.60440063476562,183.83670043945312
2023-03-09,148.7224578857422,247.5077667236328,92.25,91.68761444091797,180.57679748535156
2023-03-10,146.6584014892578,243.84889221191406,90.7300033569336,90.00920104980469,178.41015625
2023-03-13,148.60394287109375,249.07723999023438,92.43000030517578,90.48591613769531,179.7916259765625
2023-03-14,150.69766235351562,255.81625366210938,94.87999725341797,93.32632446289062,192.8312530517578
2023-03-15,151.0927276611328,260.3775634765625,96.19999694824219,95.45166778564453,196.53839111328125
2023-03-16,153.917236328125,270.932373046875,100.04000091552734,99.63282775878906,203.6743927001953
2023-03-17,153.07778930664062,274.1007080078125,98.94999694824219,100.9239273071289,194.4114990234375
2023-03-20,155.447998046875,267.0380859375,97.70999908447266,100.52665710449219,196.59805297851562
2023-03-21,157.30470275878906,268.5584716796875,100.61000061035156,104.2013168334961,200.92138671875
2023-03-22,155.87266540527344,267.09686279296875,98.69999694824219,102.66193389892578,198.5857696533203
2023-03-23,156.95901489257812,272.3644714355469,98.70999908447266,104.87665557861328,203.02838134765625
2023-03-24,158.26268005371094,275.2189636230469,98.12999725341797,104.71775817871094,204.74777221679688
2023-03-27,156.3170928955078,271.10882568359375,98.04000091552734,101.7581558227539,201.5972137451172
2023-03-28,155.69488525390625,269.9808654785156,97.23999786376953,100.33796691894531,199.450439453125
2023-03-29,158.77622985839844,275.16015625,100.25,100.69549560546875,204.09182739257812
2023-03-30,160.34649658203125,278.6325988769531,102.0,100.19892120361328,206.56655883789062
2023-03-31,162.85499572753906,282.801513671875,103.29000091552734,103.01947021484375,210.64146423339844
2023-04-03,164.10923767089844,281.751953125,102.41000366210938,103.64514923095703,211.76454162597656
2023-04-04,163.57595825195312,281.702880859375,103.94999694824219,104.002685546875,213.4044189453125
2023-04-05,161.7291259765625,278.9170837402344,101.0999984741211,103.75439453125,210.1842803955078
2023-04-06,162.6179656982422,286.03863525390625,102.05999755859375,107.67733764648438,214.77597045898438
2023-04-07,162.6179656982422,286.03863525390625,102.05999755859375,107.67733764648438,214.77597045898438
2023-04-10,160.02059936523438,283.8708190917969,102.16999816894531,105.71090698242188,213.43423461914062
2023-04-11,158.8058319091797,277.4358215332031,99.91999816894531,104.62836456298828,212.53976440429688
2023-04-12,158.11453247070312,278.0832824707031,97.83000183105469,103.92323303222656,212.68882751464844
2023-04-13,163.50680541992188,284.3122253417969,102.4000015258789,106.69412231445312,218.99993896484375
2023-04-14,163.16114807128906,280.6827392578125,102.51000213623047,108.12425231933594,220.13296508789062
2023-04-17,163.18092346191406,283.2919921875,102.73999786376953,105.24412536621094,217.51907348632812
2023-04-18,164.40553283691406,282.8702697753906,102.30000305175781,103.78419494628906,216.5550079345703
2023-04-19,165.5511474609375,282.9486389160156,104.30000305175781,103.46637725830078,214.37843322753906
2023-04-20,164.58331298828125,280.6533203125,103.80999755859375,104.56877899169922,211.76454162597656
2023-04-21,162.97354125976562,280.3099670410156,106.95999908447266,104.6879653930664,211.5856475830078
2023-04-24,163.2796630859375,276.3961486816406,106.20999908447266,105.24412536621094,211.48623657226562
2023-04-25,161.73904418945312,270.1672058105469,102.56999969482422,103.13864135742188,206.27833557128906
2023-04-26,161.7291259765625,289.7367248535156,104.9800033569336,102.99959564208984,208.1170196533203
2023-04-27,166.32147216796875,299.01629638671875,109.81999969482422,106.85302734375,237.0983428955078
2023-04-28,167.57571411132812,301.3999938964844,105.44999694824219,106.604736328125,238.84759521484375
2023-05-01,167.48684692382812,299.7323303222656,102.05000305175781,106.46569061279297,241.69003295898438
2023-05-02,166.4498748779297,299.5852355957031,103.62999725341797,104.59857177734375,237.77418518066406
2023-05-03,165.37338256835938,298.594482421875,103.6500015258789,104.6879653930664,235.5777587890625
2023-05-04,163.7339630126953,299.5852355957031,104.0,103.97289276123047,232.08924865722656
2023-05-05,171.41749572753906,304.72528076171875,105.66000366210938,104.84686279296875,231.35377502441406
2023-05-08,171.34835815429688,302.763427734375,105.83000183105469,107.03179931640625,231.8407745361328
2023-05-09,169.6398162841797,301.1449279785156,106.62000274658203,106.61467742919922,231.9401397705078
2023-05-10,171.40760803222656,306.3536682128906,110.19000244140625,110.98453521728516,231.65194702148438
2023-05-11,171.5952606201172,304.19561767578125,112.18000030517578,115.77151489257812,234.34532165527344
2023-05-12,170.66563415527344,303.0773620605469,110.26000213623047,116.705078125,232.37747192382812
2023-05-15,170.17111206054688,303.5579833984375,111.19999694824219,115.71192932128906,237.39651489257812
2023-05-16,170.17111206054688,305.7944641113281,113.4000015258789,118.69137573242188,237.3567657470703
2023-05-17,170.7843017578125,308.6846923828125,115.5,120.01226806640625,241.00428771972656
2023-05-18,173.1182403564453,313.1282043457031,118.1500015258789,121.98863220214844,245.3375701904297
2023-05-19,173.22706604003906,312.95123291015625,116.25,121.91910552978516,244.13497924804688
2023-05-22,172.27761840820312,315.74322509765625,115.01000213623047,124.19342803955078,246.79855346679688
2023-05-23,169.66677856445312,309.92340087890625,114.98999786376953,121.7204818725586,245.22824096679688
2023-05-24,169.94366455078125,308.53729248046875,116.75,120.07185363769531,247.68313598632812
2023-05-25,171.0810089111328,320.4029846191406,115.0,122.63418579101562,251.1417694091797
2023-05-26,173.49404907226562,327.2549743652344,120.11000061035156,123.7564468383789,260.4344787597656
2023-05-29,173.49404907226562,327.2549743652344,120.11000061035156,123.7564468383789,260.4344787597656
2023-05-30,175.3434295654297,325.6033630371094,121.66000366210938,122.8228759765625,260.9114990234375
2023-05-31,175.29397583007812,322.8311767578125,120.58000183105469,122.02835845947266,263.0980529785156
2023-06-01,178.1026153564453,326.9502258300781,122.7699966430664,122.8725357055664,270.939697265625
2023-06-02,178.95314025878906,329.7224426269531,124.25,123.81602478027344,270.939697265625
2023-06-05,177.59828186035156,330.2533874511719,125.30000305175781,125.1468505859375,269.7272033691406
2023-06-06,177.2323760986328,328.0316162109375,126.61000061035156,126.43794250488281,269.4588623046875
2023-06-07,175.85769653320312,317.90594482421875,121.2300033569336,121.660888671875,261.98492431640625
2023-06-08,178.5773468017578,319.7541809082031,124.25,121.30335998535156,262.95892333984375
2023-06-09,178.96304321289062,321.2582702636719,123.43000030517578,121.39273834228516,263.3266906738281
2023-06-12,181.7617950439453,326.2325744628906,126.56999969482422,122.79308319091797,269.3892517089844
2023-06-13,181.287109375,328.6313171386719,126.66000366210938,122.98178100585938,269.65765380859375
2023-06-14,181.9200439453125,331.6296081542969,126.41999816894531,122.8228759765625,271.6752014160156
2023-06-15,183.95730590820312,342.20751953125,127.11000061035156,124.23314666748047,280.1032409667969
2023-06-16,182.87933349609375,336.53515625,125.48999786376953,122.68383026123047,279.2783508300781
2023-06-19,182.87933349609375,336.53515625,125.48999786376953,122.68383026123047,279.2783508300781
2023-06-20,182.9683380126953,332.3276062011719,125.77999877929688,122.25678253173828,282.587890625
2023-06-21,181.92994689941406,327.9136047363281,124.83000183105469,119.72425842285156,279.9144287109375
2023-06-22,184.9363555908203,333.9595642089844,130.14999389648438,122.30644226074219,283.1345520019531
2023-06-23,184.61990356445312,329.34893798828125,129.3300018310547,121.50198364257812,286.96099853515625
2023-06-26,183.22547912597656,323.0375671386719,127.33000183105469,117.52938842773438,276.7638244628906
2023-06-27,185.98468017578125,328.9065246582031,129.17999267578125,117.51946258544922,285.291259765625
2023-06-28,187.16152954101562,330.1648864746094,129.0399932861328,119.35678100585938,283.5420227050781
2023-06-29,187.49778747558594,329.3783874511719,127.9000015258789,118.28418731689453,279.8050842285156
2023-06-30,191.8294677734375,334.7755126953125,130.36000061035156,118.88007354736328,285.2217102050781
2023-07-03,190.3361358642578,332.26861572265625,130.22000122070312,119.07869720458984,284.2675476074219
2023-07-04,190.3361358642578,332.26861572265625,130.22000122070312,119.07869720458984,284.2675476074219
2023-07-05,189.21859741210938,332.4259338378906,130.3800048828125,120.91603088378906,292.56640625
2023-07-06,189.6933135986328,335.4931335449219,128.36000061035156,119.28726959228516,290.2009582519531
2023-07-07,188.5757598876953,331.51165771484375,129.77999877929688,118.66159057617188,288.7499694824219
2023-07-10,186.5286102294922,326.2129211425781,127.12999725341797,115.65233612060547,292.2980651855469
2023-07-11,186.00445556640625,326.84210205078125,128.77999877929688,116.33760833740234,296.46240234375
2023-07-12,187.67579650878906,331.4919738769531,130.8000030517578,118.11534118652344,307.4446716308594
2023-07-13,188.43731689453125,336.8595886230469,134.3000030517578,123.68692016601562,311.48980712890625
2023-07-14,188.58567810058594,339.3959045410156,134.67999267578125,124.5608901977539,306.97760009765625
2023-07-17,191.8492431640625,339.87762451171875,133.55999755859375,123.7961654663086,308.716796875
2023-07-18,191.5921173095703,353.4046936035156,132.8300018310547,122.91226196289062,310.1380920410156
2023-07-19,192.94699096679688,349.0693054199219,135.36000061035156,121.1941146850586,314.0738220214844
2023-07-20,190.9987335205078,340.99835205078125,129.9600067138672,118.38349914550781,300.66644287109375
2023-07-21,189.82188415527344,337.9508056640625,130.0,119.19786834716797,292.4571533203125
2023-07-24,190.6229248046875,339.2680969238281,128.8000030517578,120.6975326538086,289.8233337402344
2023-07-25,191.48330688476562,345.03875732421875,129.1300048828125,121.37287902832031,292.665771484375
2023-07-26,192.35360717773438,332.0523376464844,128.14999389648438,128.38450622558594,296.7406921386719
2023-07-27,191.0877227783203,325.1216735839844,128.25,128.5136260986328,309.8002014160156
2023-07-28,193.66896057128906,332.6422119140625,132.2100067138672,131.67184448242188,323.48583984375
2023-07-31,194.2821044921875,330.23370361328125,133.67999267578125,131.81088256835938,316.6479797363281
2023-08-01,193.4513702392578,330.64654541015625,131.69000244140625,130.64891052246094,320.7327880859375
2023-08-02,190.45481872558594,321.9561767578125,128.2100067138672,127.50061798095703,312.38427734375
2023-08-03,189.0603485107422,321.1304626464844,128.91000366210938,127.57012176513672,311.2711486816406
2023-08-04,179.98167419433594,322.23150634765625,139.57000732421875,127.23246002197266,308.8262023925781
2023-08-07,176.87632751464844,324.52197265625,142.22000122070312,130.6290283203125,314.6204528808594
2023-08-08,177.81582641601562,320.5307312011719,139.94000244140625,130.4999237060547,310.7244873046875
2023-08-09,176.22361755371094,316.7754211425781,137.85000610351562,128.7718505859375,303.3399658203125
2023-08-10,176.0060272216797,317.4635314941406,138.55999755859375,128.80165100097656,303.8667297363281
2023-08-11,176.06546020507812,315.57611083984375,138.41000366210938,128.67251586914062,299.7918701171875
2023-08-14,177.71925354003906,318.5548400878906,140.57000732421875,130.43040466308594,304.3139953613281
2023-08-15,175.72874450683594,316.4116516113281,137.6699981689453,128.8910369873047,300.0999450683594
2023-08-16,174.8572998046875,315.643310546875,135.07000732421875,127.81842803955078,292.4869384765625
2023-08-17,172.3122100830078,312.1755065917969,133.97999572753906,129.03005981445312,283.34326171875
2023-08-18,172.7974853515625,311.7814636230469,133.22000122070312,126.5869140625,281.5145568847656
2023-08-21,174.13436889648438,317.101318359375,134.67999267578125,127.49066925048828,288.123779296875
2023-08-22,175.5108642578125,317.67266845703125,134.25,128.19581604003906,285.837890625
2023-08-23,179.36312866210938,322.14532470703125,135.52000427246094,131.46328735351562,292.4371643066406
2023-08-24,174.6691436767578,315.21966552734375,131.83999633789062,128.8910369873047,284.99310302734375
2023-08-25,176.87750244140625,318.1849670410156,133.25999450683594,128.99034118652344,283.7507629394531
2023-08-28,178.44219970703125,318.8943176269531,133.13999938964844,130.1125946044922,288.48162841796875
2023-08-29,182.3340606689453,323.5343933105469,134.91000366210938,133.64822387695312,296.16424560546875
2023-08-30,185.8297882080078,323.9087219238281,135.07000732421875,134.94921875,293.2919006347656
2023-08-31,186.04766845703125,322.89404296875,138.00999450683594,135.2372589111328,294.07708740234375
2023-09-01,187.6222686767578,323.7806091308594,138.1199951171875,134.7307586669922,294.5641174316406
2023-09-04,187.6222686767578,323.7806091308594,138.1199951171875,134.7307586669922,294.5641174316406
2023-09-05,187.8599090576172,328.5980224609375,137.27000427246094,134.8400115966797,298.3110046386719
2023-09-06,181.1357879638672,327.9380187988281,135.36000061035156,133.53895568847656,297.3370361328125
2023-09-07,175.83766174316406,325.0120849609375,137.85000610351562,134.33346557617188,296.840087890625
2023-09-08,176.45167541503906,329.30731201171875,138.22999572753906,135.44583129882812,296.06488037109375
2023-09-11,177.62020874023438,332.9228820800781,143.10000610351562,135.9821014404297,305.6756286621094
2023-09-12,174.58990478515625,326.844482421875,141.22999572753906,134.41293334960938,299.8117370605469
2023-09-13,172.5201873779297,331.07080078125,144.85000610351562,135.7735595703125,303.1908874511719
2023-09-14,174.03533935546875,333.6716003417969,144.72000122070312,137.15402221679688,309.8100891113281
2023-09-15,173.31239318847656,325.3175048828125,140.38999938964844,136.4588165283203,298.47003173828125
2023-09-18,176.2436981201172,324.1747131347656,139.97999572753906,137.26329040527344,300.6962585449219
2023-09-19,177.33303833007812,323.7708435058594,137.6300048828125,137.09445190429688,303.20086669921875
2023-09-20,173.7877655029297,316.0078125,135.2899932861328,132.82391357421875,297.833984375
2023-09-21,172.2428741455078,314.78619384765625,129.3300018310547,129.5465087890625,293.9180908203125
2023-09-22,173.0945281982422,312.3036193847656,129.1199951171875,129.35780334472656,297.2475280761719
2023-09-25,174.37203979492188,312.8257141113281,131.27000427246094,130.2119140625,298.98681640625
2023-09-26,170.2919921875,307.5059509277344,125.9800033569336,127.68931579589844,297.1282653808594
2023-09-27,168.77682495117188,308.146240234375,125.9800033569336,129.64581298828125,295.915771484375
2023-09-28,169.03431701660156,308.9836730957031,125.9800033569336,131.4036865234375,302.0976257324219
2023-09-29,169.54928588867188,311.06231689453125,127.12000274658203,129.96360778808594,298.3706359863281
2023-10-02,172.0646514892578,317.0224609375,129.4600067138672,133.25094604492188,304.94012451171875
2023-10-03,170.72772216796875,308.73736572265625,124.72000122070312,131.5228729248047,299.0961608886719
2023-10-04,171.97549438476562,314.2246398925781,127.0,134.3136444091797,303.70770263671875
2023-10-05,173.21336364746094,314.6186828613281,125.95999908447266,134.14479064941406,302.9225769042969
2023-10-06,175.76834106445312,322.4014587402344,127.95999908447266,136.63758850097656,313.4973449707031
2023-10-09,177.25379943847656,324.9234619140625,128.25999450683594,137.4718475341797,316.409423828125
2023-10-10,176.6596221923828,323.5146484375,129.47999572753906,137.1143035888672,319.8681335449219
2023-10-11,178.0559539794922,327.48480224609375,131.8300018310547,139.58724975585938,325.8114929199219
2023-10-12,178.95713806152344,326.2435302734375,132.3300018310547,138.01808166503906,322.1739196777344
2023-10-13,177.11517333984375,322.86444091796875,129.7899932861328,136.4191131591797,312.7619323730469
2023-10-16,176.9864501953125,327.7015686035156,132.5500030517578,138.14718627929688,319.18231201171875
2023-10-17,175.43165588378906,327.13018798828125,131.47000122070312,138.762939453125,322.0148620605469
2023-10-18,174.13436889648438,325.2091064453125,128.1300048828125,137.01499938964844,315.0279235839844
2023-10-19,173.758056640625,326.401123046875,128.39999389648438,136.8064422607422,310.8934020996094
2023-10-20,171.20309448242188,321.8202209472656,125.16999816894531,134.67115783691406,306.7589111328125
2023-10-23,171.32191467285156,324.4308776855469,126.55999755859375,135.56500244140625,312.0860900878906
2023-10-24,171.7576446533203,325.62286376953125,128.55999755859375,137.8591766357422,310.6350402832031
2023-10-25,169.4403533935547,335.61236572265625,121.38999938964844,124.74958038330078,297.6947937011719
2023-10-26,165.27117919921875,323.0220947265625,119.56999969482422,121.44239807128906,286.58331298828125
2023-10-27,166.5882568359375,324.9135437011719,127.73999786376953,121.33314514160156,294.91192626953125
2023-10-30,168.63818359375,332.3022155761719,132.7100067138672,123.60746765136719,300.8056640625
2023-10-31,169.11354064941406,333.09033203125,133.08999633789062,123.23007202148438,299.4241027832031
2023-11-01,172.2825164794922,340.9322204589844,137.0,125.58383178710938,309.9393005371094
2023-11-02,175.84759521484375,343.14874267578125,138.07000732421875,126.61671447753906,308.9653625488281
2023-11-03,174.93650817871094,347.5622863769531,138.60000610351562,128.2156982421875,312.6724548339844
2023-11-06,177.49147033691406,351.23681640625,139.74000549316406,129.35780334472656,313.8650817871094
2023-11-07,180.05636596679688,355.1774597167969,142.7100067138672,130.0728759765625,316.8665771484375
2023-11-08,181.115966796875,357.8078308105469,142.0800018310547,130.93692016601562,317.82073974609375
2023-11-09,180.64065551757812,355.33514404296875,140.60000610351562,129.34788513183594,318.58599853515625
2023-11-10,184.83511352539062,364.1817932128906,143.55999755859375,131.68177795410156,326.7556457519531
2023-11-13,183.24853515625,361.2362060546875,142.58999633789062,131.18521118164062,327.17303466796875
2023-11-14,185.86639404296875,364.77288818359375,145.8000030517578,132.7047119140625,334.24945068359375
2023-11-15,186.4315948486328,364.9209899902344,143.1999969482422,133.6978759765625,330.6715087890625
2023-11-16,188.11734008789062,371.3374328613281,142.8300018310547,135.99205017089844,332.1424560546875
2023-11-17,188.09751892089844,365.0986328125,145.17999267578125,134.38314819335938,332.98724365234375
2023-11-20,189.84271240234375,372.5911560058594,146.1300048828125,135.31671142578125,337.88702392578125
2023-11-21,189.03952026367188,368.27734375,143.89999389648438,136.03176879882812,334.9153137207031
2023-11-22,189.7039031982422,372.995849609375,146.7100067138672,137.54136657714844,339.397705078125
2023-11-23,189.7039031982422,372.995849609375,146.7100067138672,137.54136657714844,339.397705078125
2023-11-24,188.37515258789062,372.5812683105469,146.74000549316406,135.75372314453125,336.15771484375
2023-11-27,188.19664001464844,373.74609375,147.72999572753906,135.47561645507812,332.6493225097656
2023-11-28,188.80152893066406,377.7835998535156,147.02999877929688,136.26019287109375,336.9129943847656
2023-11-29,187.7801971435547,373.9830322265625,146.32000732421875,134.0653533935547,330.1646728515625
2023-11-30,188.35531616210938,374.042236328125,146.08999633789062,131.6221923828125,325.14556884765625
2023-12-01,189.63449096679688,369.69879150390625,147.02999877929688,130.95677185058594,322.829833984375
2023-12-04,187.83966064453125,364.3977355957031,144.83999633789062,128.38450622558594,318.0592346191406
2023-12-05,191.7961883544922,367.73431396484375,146.8800048828125,130.09275817871094,316.3398742675781
2023-12-06,190.70542907714844,364.0621337890625,144.52000427246094,129.12939453125,315.5050354003906
2023-12-07,192.63905334472656,366.1845397949219,146.8800048828125,135.99205017089844,324.5889892578125
2023-12-08,194.06698608398438,369.42236328125,147.4199981689453,134.0653533935547,330.71124267578125
2023-12-11,191.55819702148438,366.530029296875,145.88999938964844,132.37698364257812,323.2870178222656
2023-12-12,193.07537841796875,369.5704650878906,147.47999572753906,131.61224365234375,332.1722412109375
2023-12-13,196.298095703125,369.560546875,148.83999633789062,131.6619415283203,332.6890563964844
2023-12-14,196.4468231201172,361.22900390625,147.4199981689453,131.03622436523438,331.1286926269531
2023-12-15,195.91136169433594,365.96734619140625,149.97000122070312,131.69171142578125,332.8679504394531
2023-12-18,194.24545288085938,367.8627014160156,154.07000732421875,134.8697967529297,342.5085144042969
2023-12-19,195.28665161132812,368.4648132324219,153.7899932861328,135.71397399902344,348.2133483886719
2023-12-20,193.19436645507812,365.8587646484375,152.1199951171875,137.39239501953125,347.13995361328125
2023-12-21,193.04559326171875,368.7412414550781,153.83999633789062,139.45816040039062,351.9205322265625
2023-12-22,191.97470092773438,369.76788330078125,153.4199981689453,140.52081298828125,351.22479248046875
2023-12-25,191.97470092773438,369.76788330078125,153.4199981689453,140.52081298828125,351.22479248046875
2023-12-26,191.4292755126953,369.8468322753906,153.41000366210938,140.5506134033203,352.6559753417969
2023-12-27,191.5284423828125,369.26446533203125,153.33999633789062,139.40847778320312,355.6376037597656
2023-12-28,191.954833984375,370.45892333984375,153.3800048828125,139.26943969726562,356.1246032714844
2023-12-29,190.91366577148438,371.2091369628906,151.94000244140625,138.733154296875,351.79132080078125
2024-01-01,190.91366577148438,371.2091369628906,151.94000244140625,138.733154296875,351.79132080078125
2024-01-02,184.08151245117188,366.1055603027344,149.92999267578125,137.22354125976562,344.1683044433594
2024-01-03,182.7031707763672,365.8389892578125,148.47000122070312,137.9684295654297,342.3594665527344
2024-01-04,180.38282775878906,363.21319580078125,144.57000732421875,135.4557342529297,344.99322509765625
2024-01-05,179.658935546875,363.025634765625,145.24000549316406,134.80026245117188,349.7936096191406
2024-01-08,184.00216674804688,369.87646484375,149.10000610351562,137.8889617919922,356.4624938964844
2024-01-09,183.58570861816406,370.9623718261719,151.3699951171875,139.98451232910156,355.2400207519531
2024-01-10,184.62689208984375,377.8526306152344,153.72999572753906,141.30540466308594,368.2001953125
2024-01-11,184.03192138671875,379.6888122558594,155.17999267578125,141.10679626464844,367.40509033203125
2024-01-12,184.35916137695312,383.47943115234375,154.6199951171875,141.67286682128906,372.19549560546875
2024-01-15,184.35916137695312,383.47943115234375,154.6199951171875,141.67286682128906,372.19549560546875
2024-01-16,182.08836364746094,385.25628662109375,153.16000366210938,141.51397705078125,365.2085266113281
2024-01-17,181.14633178710938,384.4665832519531,151.7100067138672,140.50096130371094,366.11297607421875
2024-01-18,187.04640197753906,388.8100891113281,153.5,142.49717712402344,373.8254699707031
2024-01-19,189.95179748535156,393.5484619140625,155.33999633789062,145.3773193359375,381.1006164550781
2024-01-22,192.26222229003906,391.4162292480469,154.77999877929688,144.989990234375,379.44085693359375
2024-01-23,193.54141235351562,393.7754211425781,156.02000427246094,146.0327911376953,382.8398742675781
2024-01-24,192.8671112060547,397.3884582519531,156.8699951171875,147.68142700195312,388.30621337890625
2024-01-25,192.53990173339844,399.6688232421875,157.75,150.8297119140625,390.7709655761719
2024-01-26,190.80459594726562,398.7408447265625,159.1199951171875,151.1475372314453,391.72515869140625
2024-01-29,190.120361328125,404.45648193359375,161.25999450683594,152.45846557617188,398.56298828125
2024-01-30,186.46133422851562,403.3409423828125,159.0,150.42251586914062,397.6088562011719
2024-01-31,182.85191345214844,392.4723815917969,155.1999969482422,139.14036560058594,387.7496337890625
2024-02-01,185.29127502441406,398.5927734375,159.27999877929688,140.19308471679688,392.3612060546875
2024-02-02,184.2897491455078,405.93719482421875,171.80999755859375,141.4047088623047,472.0797424316406
2024-02-05,186.1043701171875,400.4387512207031,170.30999755859375,142.69581604003906,456.5952453613281
2024-02-06,187.71078491210938,400.2807922363281,169.14999389648438,143.1129608154297,451.9339599609375
2024-02-07,187.8198699951172,408.7308044433594,170.52999877929688,144.54306030273438,466.7128601074219
2024-02-08,186.73902893066406,408.7900695800781,169.83999633789062,144.9105224609375,467.12030029296875
2024-02-09,187.5035400390625,415.1473083496094,174.4499969482422,147.97938537597656,465.2419128417969
2024-02-12,185.8156280517578,409.9253234863281,172.33999633789062,146.51942443847656,466.0270690917969
2024-02-13,183.7206573486328,401.10009765625,168.63999938964844,144.14581298828125,457.30084228515625
2024-02-14,182.83702087402344,404.9769287109375,170.97999572753906,144.94033813476562,470.3802795410156
2024-02-15,182.54910278320312,402.0791931152344,169.8000030517578,141.79205322265625,481.06439208984375
2024-02-16,181.01011657714844,399.60675048828125,169.50999450683594,139.5574493408203,470.4200439453125
2024-02-19,181.01011657714844,399.60675048828125,169.50999450683594,139.5574493408203,470.4200439453125
2024-02-20,180.26548767089844,398.350830078125,167.0800018310547,140.15333557128906,468.859619140625
2024-02-21,181.02008056640625,397.74749755859375,168.58999633789062,141.5735626220703,465.6559143066406
2024-02-22,183.05545043945312,407.1131286621094,174.5800018310547,143.1029815673828,483.6641845703125
2024-02-23,181.21865844726562,405.8175354003906,174.99000549316406,142.97389221191406,481.5748291015625
2024-02-26,179.86834716796875,403.0484619140625,174.72999572753906,136.62765502929688,479.29638671875
2024-02-27,181.32786560058594,402.9891357421875,173.5399932861328,137.9287109375,484.5794677734375
2024-02-28,180.12648010253906,403.2264404296875,173.16000366210938,135.44583129882812,481.5648193359375
2024-02-29,179.4612579345703,409.0811767578125,176.75999450683594,137.51156616210938,487.64385986328125
2024-03-01,178.37904357910156,410.92071533203125,178.22000122070312,136.20062255859375,499.7521057128906
2024-03-04,173.85154724121094,410.3470764160156,177.5800018310547,132.43658447265625,495.6629638671875
2024-03-05,168.9070587158203,398.2123107910156,174.1199951171875,131.76123046875,487.7333679199219
2024-03-06,167.91416931152344,397.65850830078125,173.50999450683594,130.4999237060547,493.5736083984375
2024-03-07,167.7950439453125,404.6308288574219,176.82000732421875,133.4595184326172,509.5919494628906
2024-03-08,169.51271057128906,401.7429504394531,175.35000610351562,134.4824676513672,503.3836364746094
2024-03-11,171.518310546875,400.0617370605469,171.9600067138672,136.72698974609375,481.1370544433594
2024-03-12,171.994873046875,410.703125,175.38999938964844,137.55130004882812,497.2150573730469
2024-03-13,169.9098663330078,410.5251159667969,176.55999755859375,138.83245849609375,493.0562744140625
2024-03-14,171.7665252685547,420.5335998535156,178.75,142.11978149414062,489.335205078125
2024-03-15,171.3892364501953,411.8305969238281,174.4199981689453,140.2129364013672,481.6444396972656
2024-03-18,172.48138427734375,412.72064208984375,174.47999572753906,146.6684112548828,494.4590759277344
2024-03-19,174.8245391845703,416.7655334472656,175.89999389648438,146.0228729248047,493.72283935546875
2024-03-20,177.3960723876953,420.5434875488281,178.14999389648438,147.72116088867188,502.95574951171875
2024-03-21,170.14813232421875,424.6378173828125,178.14999389648438,146.58897399902344,505.1844482421875
2024-03-22,171.05166625976562,424.0147399902344,178.8699951171875,149.73724365234375,506.99517822265625
2024-03-25,169.63186645507812,418.1995849609375,179.7100067138672,149.0420379638672,500.46844482421875
2024-03-26,168.49998474121094,417.0028991699219,178.3000030517578,149.63792419433594,493.3746337890625
2024-03-27,172.07431030273438,416.78533935546875,179.8300018310547,149.8365478515625,491.35491943359375
2024-03-28,170.25735473632812,416.0831604003906,180.3800048828125,149.89614868164062,483.116943359375
2024-03-29,170.25735473632812,416.0831604003906,180.3800048828125,149.89614868164062,483.116943359375
2024-04-01,168.8177032470703,419.8907470703125,180.97000122070312,154.4249267578125,488.857666015625
2024-04-02,167.6361541748047,416.7952575683594,180.69000244140625,153.5012664794922,494.8471374511719
2024-04-03,168.4403839111328,415.816162109375,182.41000366210938,153.8588104248047,504.1695861816406
2024-04-04,167.6163330078125,413.27447509765625,180.0,149.49888610839844,508.3283996582031
2024-04-05,168.37091064453125,420.83026123046875,185.07000732421875,151.45538330078125,524.6651000976562
2024-04-08,167.24896240234375,419.9104919433594,185.19000244140625,153.78932189941406,516.6160888671875
2024-04-09,168.4602508544922,421.5819091796875,185.6699981689453,155.52732849121094,514.2781372070312
2024-04-10,166.58372497558594,418.5951843261719,185.9499969482422,155.07046508789062,517.1932373046875
2024-04-11,173.79196166992188,423.21368408203125,189.0500030517578,158.31808471679688,520.5062866210938
2024-04-12,175.29119873046875,417.2501525878906,186.1300048828125,156.64956665039062,509.303466796875
2024-04-15,171.458740234375,409.0811767578125,183.6199951171875,153.79922485351562,497.6926574707031
2024-04-16,168.17233276367188,410.0108337402344,183.32000732421875,153.3423614501953,497.22503662109375
2024-04-17,166.8021697998047,407.301025390625,181.27999877929688,154.40505981445312,491.663330078125
2024-04-18,165.84901428222656,399.814453125,179.22000122070312,154.94134521484375,499.2546081542969
2024-04-19,163.82354736328125,394.72119140625,174.6300048828125,153.03451538085938,478.62982177734375
2024-04-22,164.65756225585938,396.54095458984375,177.22999572753906,155.20950317382812,479.28643798828125
2024-04-23,165.71002197265625,403.0780944824219,179.5399932861328,157.17593383789062,493.5835876464844
2024-04-24,167.8148956298828,404.5516662597656,176.58999633789062,158.0399932861328,490.99676513671875
2024-04-25,168.6787109375,394.6421203613281,173.6699981689453,154.9314422607422,439.14111328125
2024-04-26,168.0928955078125,401.84185791015625,179.6199951171875,170.7721710205078,441.04150390625
2024-04-29,172.26296997070312,397.81671142578125,180.9600067138672,165.0118865966797,430.425537109375
2024-04-30,169.1155548095703,385.0390625,175.0,161.6649932861328,427.9880065917969
2024-05-01,168.0928955078125,390.5873107910156,179.0,162.7375946044922,436.96221923828125
2024-05-02,171.7963104248047,393.455322265625,184.72000122070312,165.47865295410156,439.4395751953125
2024-05-03,182.072509765625,402.1780700683594,186.2100067138672,166.09442138671875,449.6674499511719
2024-05-06,180.4144287109375,408.9822692871094,188.6999969482422,166.9485626220703,463.31787109375
2024-05-07,181.09950256347656,404.8285827636719,188.75999450683594,170.07693481445312,465.8648986816406
2024-05-08,181.43707275390625,406.015380859375,188.0,168.2197723388672,470.2027893066406
2024-05-09,183.25404357910156,407.7757568359375,189.5,168.79580688476562,473.00848388671875
2024-05-10,181.9913787841797,410.1690673828125,187.47999572753906,167.49476623535156,473.78448486328125
2024-05-13,185.20269775390625,409.16033935546875,186.57000732421875,167.98141479492188,465.6360778808594
2024-05-14,186.34603881835938,411.9689636230469,187.07000732421875,169.17318725585938,469.45654296875
2024-05-15,188.62281799316406,419.171875,185.99000549316406,171.3283233642578,479.097412109375
2024-05-16,188.74209594726562,417.1011657714844,183.6300048828125,172.9868927001953,470.82958984375
2024-05-17,188.7719268798828,416.328369140625,184.6999969482422,174.85400390625,469.5162658691406
2024-05-20,189.9351806640625,421.4109802246094,183.5399932861328,175.70814514160156,466.46185302734375
2024-05-21,191.23760986328125,425.07684326171875,183.14999389648438,176.6317596435547,462.2732238769531
2024-05-22,189.7959747314453,426.5431213378906,183.1300048828125,175.17181396484375,465.4071960449219
2024-05-23,185.79922485351562,423.0556640625,181.0500030517578,172.36122131347656,463.4173583984375
2024-05-24,188.88128662109375,426.1864929199219,180.75,173.79136657714844,475.79425048828125
2024-05-27,188.88128662109375,426.1864929199219,180.75,173.79136657714844,475.79425048828125
2024-05-28,188.8912353515625,426.3450012207031,182.14999389648438,175.19168090820312,477.48565673828125
2024-05-29,189.1894989013672,425.20562744140625,182.02000427246094,174.69508361816406,471.9538269042969
2024-05-30,190.1837158203125,410.8395690917969,179.32000732421875,170.93109130859375,464.680908203125
2024-05-31,191.13815307617188,411.2953186035156,176.44000244140625,171.3184051513672,464.4620056152344
2024-06-03,192.90786743164062,409.7001953125,178.33999633789062,171.98382568359375,475.06793212890625
2024-06-04,193.22604370117188,412.22662353515625,179.33999633789062,172.5995635986328,474.57049560546875
2024-06-05,194.7372283935547,420.0932922363281,181.27999877929688,174.20846557617188,492.5488586425781
2024-06-06,193.3552703857422,420.5985107421875,185.0,175.51942443847656,491.25543212890625
2024-06-07,195.75131225585938,419.93475341796875,184.3000030517578,173.2649688720703,490.45947265625
2024-06-10,192.00314331054688,423.9176025390625,187.05999755859375,174.0106658935547,500.05059814453125
2024-06-11,205.9519805908203,428.68316650390625,187.22999572753906,175.61148071289062,504.89593505859375
2024-06-12,211.8377685546875,436.98577880859375,186.88999938964844,176.77479553222656,506.2589416503906
2024-06-13,213.0010223388672,437.5009765625,183.8300018310547,174.1598358154297,501.54302978515625
2024-06-14,211.26112365722656,438.4818115234375,183.66000366210938,175.78050231933594,502.1007080078125
2024-06-17,215.4169464111328,444.2282409667969,184.05999755859375,176.2279510498047,504.5606384277344
2024-06-18,213.05068969726562,442.2170104980469,182.80999755859375,174.09022521972656,497.44976806640625
2024-06-19,213.05068969726562,442.2170104980469,182.80999755859375,174.09022521972656,497.44976806640625
2024-06-20,208.4673614501953,441.5829162597656,186.10000610351562,175.2933349609375,499.6507568359375
2024-06-21,206.2900390625,445.6252136230469,189.0800018310547,178.6043243408203,492.7590026855469
2024-06-24,206.93626403808594,443.5347595214844,185.57000732421875,178.19664001464844,496.8721923828125
2024-06-25,207.86090087890625,446.7844543457031,186.33999633789062,182.9791717529297,508.5144348144531
2024-06-26,212.0167236328125,447.9832763671875,193.61000061035156,182.83004760742188,511.0240478515625
2024-06-27,212.86181640625,448.6668701171875,197.85000610351562,184.351318359375,517.437744140625
2024-06-28,209.40191650390625,442.8213806152344,193.25,181.1099090576172,502.1604309082031
2024-07-01,215.49647521972656,452.5110168457031,197.1999969482422,181.9451446533203,502.61859130859375
2024-07-02,218.99610900878906,455.0374755859375,200.0,184.18226623535156,507.41888427734375
2024-07-03,220.2687225341797,456.513671875,197.58999633789062,184.75897216796875,507.87701416015625
2024-07-04,220.2687225341797,456.513671875,197.58999633789062,184.75897216796875,507.87701416015625
2024-07-05,225.03102111816406,463.240966796875,200.0,189.51168823242188,537.7046508789062
2024-07-08,226.50245666503906,461.93316650390625,199.2899932861328,187.95062255859375,527.1578979492188
2024-07-09,227.35748291015625,455.2950744628906,199.33999633789062,187.9009246826172,527.835205078125
2024-07-10,231.63259887695312,461.9430847167969,199.7899932861328,190.08834838867188,532.5059814453125
2024-07-11,226.25392150878906,450.4997863769531,195.0500030517578,184.51039123535156,510.6058654785156
2024-07-12,229.20672607421875,449.3603820800781,194.49000549316406,184.0132598876953,496.83233642578125
2024-07-15,233.04440307617188,449.7665710449219,192.72000122070312,185.46490478515625,494.1333923339844
2024-07-16,233.46197509765625,445.36761474609375,193.02000427246094,182.86981201171875,487.7894287109375
2024-07-17,227.55633544921875,439.42303466796875,187.92999267578125,179.9863739013672,460.1029357910156
2024-07-18,222.8834991455078,436.3021545410156,183.75,176.67539978027344,473.9063720703125
2024-07-19,223.0127410888672,433.0722351074219,183.1300048828125,176.64556884765625,474.8424987792969
2024-07-22,222.664794921875,438.8484191894531,182.5500030517578,180.6326446533203,485.4091796875
2024-07-23,223.7086944580078,440.74078369140625,186.41000366210938,180.751953125,486.6938781738281
2024-07-24,217.276123046875,424.9381103515625,180.8300018310547,171.64427185058594,459.3858642578125
2024-07-25,216.23220825195312,414.53509521484375,179.85000610351562,166.32481384277344,451.5579833984375
2024-07-26,216.69949340820312,421.3415832519531,182.5,166.04640197753906,463.7978515625
2024-07-29,216.97787475585938,422.7881774902344,183.1999969482422,168.56198120117188,463.8077697753906
2024-07-30,217.5346221923828,419.0133361816406,181.7100067138672,169.31764221191406,461.2980651855469
2024-07-31,220.795654296875,414.4855651855469,186.97999572753906,170.5605010986328,472.8905029296875
2024-08-01,217.09716796875,413.25701904296875,184.07000732421875,169.7849578857422,495.7069396972656
2024-08-02,218.5885009765625,404.7166442871094,167.89999389648438,165.7083740234375,486.1461486816406
2024-08-05,208.05975341796875,391.4998779296875,161.02000427246094,158.3406982421875,473.7868347167969
2024-08-06,206.03155517578125,395.9186706542969,161.92999267578125,157.3861541748047,492.07183837890625
2024-08-07,208.60655212402344,394.74957275390625,162.77000427246094,158.03244018554688,486.9230041503906
2024-08-08,212.07638549804688,398.97021484375,165.8000030517578,161.1048126220703,507.5483703613281
2024-08-09,214.9894561767578,402.2694396972656,166.94000244140625,162.73544311523438,515.6551513671875
2024-08-12,216.52230834960938,403.05218505859375,166.8000030517578,161.36329650878906,513.8425903320312
2024-08-13,220.24496459960938,410.1856384277344,170.22999572753906,163.22264099121094,526.3811645507812
2024-08-14,220.69290161132812,413.0093078613281,170.10000610351562,159.45428466796875,524.6083984375
2024-08-15,223.6790008544922,417.8926696777344,177.58999633789062,160.37896728515625,535.13525390625
2024-08-16,225.00283813476562,415.35174560546875,177.05999755859375,162.0294952392578,525.265625
2024-08-19,224.8435821533203,418.3889465332031,178.22000122070312,165.7183074951172,527.1181640625
2024-08-20,225.46070861816406,421.6345520019531,178.8800048828125,166.22540283203125,524.5784912109375
2024-08-21,225.3511962890625,420.9794921875,180.11000061035156,164.90298461914062,532.9740600585938
2024-08-22,223.48988342285156,412.4535217285156,176.1300048828125,162.8647003173828,529.7572631835938
2024-08-23,225.78916931152344,413.6842346191406,177.0399932861328,164.67428588867188,525.8433837890625
2024-08-26,226.12757873535156,410.4088134765625,175.5,165.21121215820312,518.991455078125
2024-08-27,226.97364807128906,410.7561950683594,173.1199951171875,163.7396697998047,516.9796752929688
2024-08-28,225.44078063964844,407.5404052734375,170.8000030517578,161.92015075683594,514.6692504882812
2024-08-29,228.7255096435547,410.0415954589844,172.1199951171875,160.85623168945312,516.103271484375
2024-08-30,227.9391632080078,414.0316467285156,178.5,162.44711303710938,519.1806640625
2024-09-02,227.9391632080078,414.0316467285156,178.5,162.44711303710938,519.1806640625
2024-09-03,221.73802185058594,406.3890380859375,176.25,156.4614715576172,509.669677734375
2024-09-04,219.82691955566406,405.8530578613281,173.3300018310547,155.55667114257812,510.6456298828125
2024-09-05,221.34982299804688,405.34686279296875,177.88999938964844,156.34214782714844,514.7488403320312
2024-09-06,219.7970733642578,398.7066955566406,171.38999938964844,150.05825805664062,498.2265625
2024-09-09,219.8866424560547,402.6967468261719,175.39999389648438,148.05706787109375,502.7281494140625
2024-09-10,219.09034729003906,411.11358642578125,179.5500030517578,148.0072784423828,502.7281494140625
2024-09-11,221.62852478027344,419.8876953125,184.52000427246094,150.49632263183594,509.7393493652344
2024-09-12,221.73802185058594,423.8181457519531,187.0,154.01080322265625,523.453125
2024-09-13,221.4692840576172,427.38140869140625,186.49000549316406,156.76864624023438,522.4771118164062
2024-09-16,215.31790161132812,428.1258239746094,184.88999938964844,157.3660125732422,531.6084594726562
2024-09-17,215.78570556640625,431.907470703125,186.8800048828125,158.62049865722656,534.638916015625
2024-09-18,219.66766357421875,427.5998229980469,186.42999267578125,159.10833740234375,536.2637939453125
2024-09-19,227.8097686767578,435.42108154296875,189.8699951171875,161.42811584472656,557.3474731445312
2024-09-20,227.1428680419922,432.02655029296875,191.60000610351562,162.87173461914062,559.5903930664062
2024-09-23,225.42088317871094,430.2796936035156,193.8800048828125,161.13938903808594,562.6408081054688
2024-09-24,226.31671142578125,425.9720458984375,193.9600067138672,161.5774383544922,561.5642700195312
2024-09-25,225.32135009765625,428.8901062011719,192.52999877929688,160.7809600830078,566.528564453125
2024-09-26,226.4660186767578,428.0960693359375,191.16000366210938,162.0155029296875,566.0601806640625
2024-09-27,226.73475646972656,424.8305358886719,187.97000122070312,163.23016357421875,565.5816040039062
2024-09-30,231.920654296875,427.09356689453125,186.3300018310547,165.121826171875,570.6456909179688
2024-10-01,225.16209411621094,417.5552062988281,185.1300048828125,166.25680541992188,574.6630249023438
2024-10-02,225.72946166992188,414.021728515625,184.75999450683594,165.13177490234375,571.0145874023438
2024-10-03,224.6245880126953,413.4361572265625,181.9600067138672,165.13177490234375,580.9432983398438
2024-10-04,225.74935913085938,412.9596862792969,186.50999450683594,166.3264923095703,594.0720825195312
2024-10-07,220.66302490234375,406.48828125,180.8000030517578,162.264404296875,582.947021484375
2024-10-08,224.72413635253906,411.6197509765625,182.72000122070312,163.6582794189453,591.0315551757812
2024-10-09,228.47666931152344,414.3492431640625,185.1699981689453,161.1493377685547,588.6589965820312
2024-10-10,227.97897338867188,412.7413635253906,186.64999389648438,161.3683624267578,581.9999389648438
2024-10-11,226.4958953857422,413.2177429199219,188.82000732421875,162.5232696533203,588.100830078125
2024-10-14,230.228515625,416.01678466796875,187.5399932861328,164.23573303222656,588.5692138671875
2024-10-15,232.76670837402344,415.6197204589844,187.69000244140625,164.7335205078125,584.4323120117188
2024-10-16,230.70628356933594,413.01922607421875,186.88999938964844,164.43482971191406,574.9820556640625
2024-10-17,231.07456970214844,413.6147766113281,187.52999877929688,162.21461486816406,575.1216430664062
2024-10-18,233.91136169433594,415.0440673828125,188.99000549316406,162.70248413085938,574.6630249023438
2024-10-21,235.384521484375,415.6593933105469,189.07000732421875,163.34963989257812,573.3571166992188
2024-10-22,234.76739501953125,424.32440185546875,189.6999969482422,164.41493225097656,580.1857299804688
2024-10-23,229.69100952148438,421.4360656738281,184.7100067138672,162.06529235839844,561.9230346679688
2024-10-24,229.5019073486328,421.56512451171875,186.3800048828125,162.00555419921875,566.0003051757812
2024-10-25,230.3380126953125,424.9595947265625,187.8300018310547,164.5443572998047,571.453125
2024-10-28,232.3187713623047,423.4112243652344,188.38999938964844,165.98800659179688,576.3477172851562
2024-10-29,232.5875244140625,428.7312927246094,190.8300018310547,168.93499755859375,591.42041015625
2024-10-30,229.03407287597656,429.30694580078125,192.72999572753906,173.69400024414062,589.9449462890625
2024-10-31,224.8634796142578,403.3220520019531,186.39999389648438,170.3587188720703,565.8009033203125
2024-11-01,221.87738037109375,407.3121032714844,197.92999267578125,170.53790283203125,565.3822631835938
2024-11-04,220.98153686523438,405.41632080078125,195.77999877929688,168.49693298339844,558.9225463867188
2024-11-05,222.41488647460938,408.3939514160156,199.5,168.99473571777344,570.6356811523438
2024-11-06,221.68826293945312,417.0489807128906,207.08999633789062,175.73501586914062,570.2568969726562
2024-11-07,226.42620849609375,422.2598571777344,210.0500030517578,179.95639038085938,589.8453369140625
2024-11-08,226.15716552734375,419.39141845703125,208.17999267578125,177.56692504882812,587.4927368164062
2024-11-11,223.43682861328125,414.8951721191406,206.83999633789062,179.55813598632812,581.3419799804688
2024-11-12,223.43682861328125,419.87774658203125,208.91000366210938,180.82257080078125,582.9868774414062
2024-11-13,224.32366943359375,422.0316162109375,214.10000610351562,178.09458923339844,578.1819458007812
2024-11-14,227.41270446777344,423.7090148925781,211.47999572753906,174.80908203125,575.3508911132812
2024-11-15,224.20408630371094,411.9075927734375,202.61000061035156,171.732666015625,552.3432006835938
2024-11-18,227.21340942382812,412.66192626953125,201.6999969482422,174.5303192138672,552.6622924804688
2024-11-19,227.4724884033203,414.6767883300781,204.61000061035156,177.33792114257812,559.331298828125
2024-11-20,228.18994140625,412.3939208984375,202.8800048828125,175.2073211669922,563.7473754882812
2024-11-21,227.71163940429688,410.6137390136719,198.3800048828125,166.8939971923828,561.3250122070312
2024-11-22,229.05686950683594,414.7211608886719,197.1199951171875,164.03659057617188,557.387451171875
2024-11-25,232.04624938964844,416.5013732910156,201.4499969482422,166.9138946533203,563.3386840820312
2024-11-26,234.22850036621094,425.6510925292969,207.86000061035156,168.37744140625,571.7421875
2024-11-27,234.09896850585938,420.67840576171875,205.74000549316406,168.4869842529297,567.4158935546875
2024-11-28,234.09896850585938,420.67840576171875,205.74000549316406,168.4869842529297,567.4158935546875
2024-11-29,236.490478515625,421.1458435058594,207.88999938964844,168.2082061767578,572.5198364257812
2024-12-02,238.7424774169922,428.624755859375,210.7100067138672,170.737060546875,590.9718017578125
2024-12-03,241.79165649414062,428.84356689453125,213.44000244140625,170.58770751953125,611.7265014648438
2024-12-04,242.15037536621094,435.0295715332031,218.16000366210938,173.60440063476562,611.8561401367188
2024-12-05,242.18028259277344,440.2011413574219,220.5500030517578,171.88198852539062,607.0213012695312
2024-12-06,241.98098754882812,441.1459655761719,227.02999877929688,173.9429168701172,621.8148193359375
2024-12-09,245.8771514892578,443.58251953125,226.08999633789062,174.8001251220703,611.646728515625
2024-12-10,246.8935546875,440.9072570800781,225.0399932861328,184.56826782226562,617.3787841796875
2024-12-11,245.61807250976562,446.5363464355469,230.25999450683594,194.76502990722656,630.69677734375
2024-12-12,247.08290100097656,447.1032409667969,228.97000122070312,191.33621215820312,628.812744140625
2024-12-13,247.2522735595703,444.82574462890625,227.4600067138672,189.20315551757812,618.4054565429688
2024-12-16,250.1519775390625,449.12213134765625,232.92999267578125,196.02093505859375,622.7852783203125
2024-12-17,252.58334350585938,451.9764099121094,231.14999389648438,194.7849578857422,617.9964599609375
2024-12-18,247.1725616455078,434.9997253417969,220.52000427246094,187.7877655029297,595.7982788085938
2024-12-19,248.90640258789062,434.6416931152344,223.2899932861328,187.8974151611328,594.1820678710938
2024-12-20,253.58978271484375,434.21405029296875,224.9199981689453,190.78797912597656,583.8861083984375
2024-12-23,254.36703491210938,432.8714599609375,225.05999755859375,193.99754333496094,598.4520874023438
2024-12-24,257.2866516113281,436.9291076660156,229.0500030517578,195.4727325439453,606.3336791992188
2024-12-25,257.2866516113281,436.9291076660156,229.0500030517578,195.4727325439453,606.3336791992188
2024-12-26,258.1037292480469,435.7157897949219,227.0500030517578,194.96438598632812,601.9439086914062
2024-12-27,254.68588256835938,428.1772155761719,223.75,192.1335906982422,598.4122314453125
2024-12-30,251.30787658691406,422.50836181640625,221.3000030517578,190.61854553222656,589.8621215820312
2024-12-31,249.5341796875,419.1965637207031,219.38999938964844,188.6848602294922,584.1455078125
2025-01-01,249.5341796875,419.1965637207031,219.38999938964844,188.6848602294922,584.1455078125
2025-01-02,242.9874267578125,416.2925109863281,220.22000122070312,188.81442260742188,597.843505859375
2025-01-03,242.4991455078125,421.0364990234375,224.19000244140625,191.166748046875,603.220947265625
2025-01-06,244.1333465576172,425.5118713378906,227.61000061035156,196.23023986816406,628.7313842773438
2025-01-07,241.3532257080078,420.0617980957031,222.11000061035156,194.85475158691406,616.4500732421875
2025-01-08,241.8414764404297,422.23980712890625,222.1300048828125,193.31973266601562,609.2967529296875
2025-01-09,241.8414764404297,422.23980712890625,222.1300048828125,193.31973266601562,609.2967529296875
2025-01-10,236.01217651367188,416.6605224609375,218.94000244140625,191.4159393310547,614.4247436523438
2025-01-13,233.5708465576172,414.9101257324219,218.4600067138672,190.38929748535156,606.912353515625
2025-01-14,232.45480346679688,413.3984375,217.75999450683594,189.04368591308594,592.8651733398438
2025-01-15,237.028564453125,423.98028564453125,223.35000610351562,194.91453552246094,615.6818237304688
2025-01-16,227.45257568359375,422.25970458984375,220.66000366210938,192.2831268310547,609.8754272460938
2025-01-17,229.16647338867188,426.6854248046875,225.94000244140625,195.36306762695312,611.3419799804688
2025-01-20,229.16647338867188,426.6854248046875,225.94000244140625,195.36306762695312,611.3419799804688
2025-01-21,221.85244750976562,426.1583251953125,230.7100067138672,197.4064178466797,615.0234375
2025-01-22,223.03822326660156,443.7616271972656,235.00999450683594,197.72537231445312,622.0469970703125
2025-01-23,222.8688507080078,444.2687683105469,235.4199981689453,197.33663940429688,634.966796875
2025-01-24,221.991943359375,441.63330078125,234.85000610351562,199.5594024658203,645.9810791015625
2025-01-27,229.04690551757812,432.1852111816406,235.4199981689453,191.1866912841797,658.3422241210938
2025-01-28,237.41717529296875,444.7561340332031,238.14999389648438,194.6653594970703,672.758544921875
2025-01-29,238.5133056640625,439.9127197265625,237.07000732421875,194.77499389648438,674.9135131835938
2025-01-30,236.7495574951172,412.7221374511719,234.63999938964844,200.2172393798828,685.3990478515625
2025-01-31,235.16519165039062,412.791748046875,237.67999267578125,203.35702514648438,687.5739135742188
2025-02-03,227.2034454345703,408.67437744140625,237.4199981689453,200.57608032226562,695.8346557617188
2025-02-04,231.9765167236328,410.116455078125,242.05999755859375,205.7093505859375,702.5489501953125
2025-02-05,231.64767456054688,411.0314636230469,236.1699981689453,190.70826721191406,703.2274169921875
2025-02-06,232.39501953125,413.5475769042969,238.8300018310547,190.9773712158203,710.3307495117188
2025-02-07,226.82479858398438,407.5107727050781,229.14999389648438,184.7377166748047,712.8548583984375
2025-02-10,227.0941162109375,409.96728515625,233.13999938964844,185.86404418945312,715.7281494140625
2025-02-11,232.05198669433594,409.1915283203125,232.75999450683594,184.71780395507812,718.12255859375
2025-02-12,236.29161071777344,406.8046569824219,228.92999267578125,183.0133514404297,723.6895751953125
2025-02-13,240.9402313232422,408.29644775390625,230.3699951171875,185.53512573242188,726.8621826171875
2025-02-14,244.00274658203125,406.1979675292969,228.67999267578125,184.62806701660156,734.9532470703125
2025-02-17,244.00274658203125,406.1979675292969,228.67999267578125,184.62806701660156,734.9532470703125
2025-02-18,243.87306213378906,407.4013977050781,226.64999389648438,183.1728057861328,714.7005615234375
2025-02-19,244.27207946777344,412.5033264160156,226.6300048828125,184.66795349121094,702.1300048828125
2025-02-20,245.22975158691406,414.6857604980469,222.8800048828125,183.9602508544922,693.2207641601562
2025-02-21,244.95042419433594,406.793212890625,216.5800018310547,179.076171875,681.95703125
2025-02-24,246.49664306640625,402.59783935546875,212.7100067138672,178.66751098632812,666.572998046875
2025-02-25,246.43678283691406,396.5190124511719,212.8000030517578,174.84996032714844,655.9678344726562
2025-02-26,239.77310180664062,398.3426818847656,214.35000610351562,172.16868591308594,672.1300659179688
2025-02-27,236.72056579589844,391.1676330566406,208.74000549316406,167.95245361328125,656.7059936523438
2025-02-28,241.24948120117188,395.6121520996094,212.27999877929688,169.7266387939453,666.642822265625
2025-03-03,237.4487762451172,387.14166259765625,205.02000427246094,166.46728515625,653.5234375
2025-03-04,235.35391235351562,387.26123046875,203.8000030517578,170.3645782470703,638.508544921875
2025-03-05,235.1643829345703,399.628173828125,208.36000061035156,172.457763671875,654.940185546875
2025-03-06,234.75538635253906,395.5125427246094,200.6999969482422,171.78993225097656,626.4666748046875
2025-03-07,238.4862518310547,391.9449462890625,199.25,173.29502868652344,624.201904296875
2025-03-10,226.92454528808594,378.840576171875,194.5399932861328,165.52139282226562,596.596435546875
2025-03-11,220.30075073242188,379.1296081542969,196.58999633789062,163.6952362060547,604.2984619140625
2025-03-12,216.45018005371094,381.9397888183594,198.88999938964844,166.75880432128906,618.1161499023438
2025-03-13,209.16799926757812,377.45538330078125,193.88999938964844,162.4179229736328,589.2636108398438
2025-03-14,212.9687042236328,387.21142578125,197.9499969482422,165.14219665527344,606.7233276367188
2025-03-17,213.4774627685547,387.3509521484375,195.74000549316406,163.94471740722656,604.0272216796875
2025-03-18,212.17066955566406,382.1889343261719,192.82000732421875,160.33233642578125,581.5197143554688
2025-03-19,214.7144317626953,386.4739990234375,195.5399932861328,163.54556274414062,583.2173461914062
2025-03-20,213.5772247314453,385.4974060058594,194.9499969482422,162.45785522460938,585.1544799804688
2025-03-21,217.73704528808594,389.9020690917969,196.2100067138672,163.64535522460938,595.3897094726562
2025-03-24,220.19102478027344,391.7157287597656,203.25999450683594,167.3275909423828,617.9570922851562
2025-03-25,223.2036590576172,393.7885437011719,205.7100067138672,170.20155334472656,625.4063720703125
2025-03-26,220.98907470703125,388.6165466308594,201.1300048828125,164.71310424804688,610.0984497070312
2025-03-27,223.3034210205078,389.2243957519531,201.36000061035156,161.89903259277344,601.7106323242188
2025-03-28,217.36793518066406,377.48529052734375,192.72000122070312,154.00564575195312,575.9078979492188
2025-03-31,221.58761596679688,374.087158203125,190.25999450683594,154.31500244140625,575.5284423828125
2025-04-01,222.64503479003906,380.863525390625,192.1699981689453,156.7399139404297,585.1544799804688
2025-04-02,223.34332275390625,380.813720703125,196.00999450683594,156.70994567871094,583.0874633789062
2025-04-03,202.69384765625,371.8150329589844,178.41000366210938,150.40322875976562,530.8529663085938
2025-04-04,187.92002868652344,358.5910949707031,171.0,145.29400634765625,504.0018005371094
2025-04-07,181.0169219970703,356.61798095703125,175.25999450683594,146.44158935546875,515.505126953125
2025-04-08,171.9989776611328,353.3294372558594,170.66000366210938,144.39588928222656,509.7135314941406
2025-04-09,198.3644561767578,389.1347351074219,191.10000610351562,158.37646484375,584.9248657226562
2025-04-10,189.9550323486328,380.0264587402344,181.22000122070312,152.4988250732422,545.5017700195312
2025-04-11,197.66615295410156,387.101806640625,184.8699951171875,156.8097381591797,542.7857055664062
2025-04-14,202.02549743652344,386.4640197753906,182.1199951171875,158.73568725585938,530.7131958007812
2025-04-15,201.6464080810547,384.3912658691406,179.58999633789062,155.9814910888672,520.767578125
2025-04-16,193.79563903808594,370.32025146484375,174.3300018310547,153.0077667236328,501.58526611328125
2025-04-17,196.4990234375,366.5035400390625,172.61000061035156,150.84231567382812,500.7565002441406
2025-04-18,196.4990234375,366.5035400390625,172.61000061035156,150.84231567382812,500.7565002441406
2025-04-21,192.6883544921875,357.87359619140625,167.32000732421875,147.35964965820312,483.9607238769531
2025-04-22,199.25228881835938,365.5469055175781,173.17999267578125,151.15167236328125,499.5581970214844
2025-04-23,204.1004180908203,373.09063720703125,180.60000610351562,155.0235137939453,519.5194091796875
2025-04-24,207.8612060546875,385.9557800292969,186.5399932861328,158.94525146484375,532.3807983398438
2025-04-25,208.76898193359375,390.4900207519531,188.99000549316406,161.61961364746094,546.4804077148438
2025-04-28,209.62689208984375,389.80242919921875,187.6999969482422,160.27244567871094,548.9468383789062
2025-04-29,210.6942901611328,392.67242431640625,187.38999938964844,159.8234100341797,553.6400756835938
2025-04-30,211.9811248779297,393.88818359375,184.4199981689453,158.4662628173828,548.2078857421875
2025-05-01,212.79913330078125,423.9235534667969,190.1999969482422,160.9610137939453,571.3844604492188
2025-05-02,204.8485870361328,433.769287109375,189.97999572753906,163.68527221679688,596.1586303710938
2025-05-05,198.40435791015625,434.65618896484375,186.35000610351562,163.86488342285156,598.4053955078125
2025-05-06,198.02528381347656,431.8061218261719,185.00999450683594,162.88694763183594,586.462646484375
2025-05-07,195.7707977294922,431.8459777832031,188.7100067138672,151.06185913085938,595.9489135742188
2025-05-08,197.00778198242188,436.6492614746094,192.0800018310547,153.95574951171875,597.147216796875
2025-05-09,198.0452423095703,437.2073059082031,193.05999755859375,152.42898559570312,591.6351928710938
2025-05-12,210.55104064941406,447.7007751464844,208.63999938964844,158.12698364257812,638.5074462890625
2025-05-13,212.68861389160156,447.5812072753906,211.3699951171875,159.19473266601562,655.08349609375
2025-05-14,212.08929443359375,451.36798095703125,210.25,165.02244567871094,658.40869140625
2025-05-15,211.21029663085938,452.3863220214844,205.1699981689453,163.61541748046875,642.9510498046875
2025-05-16,211.0205078125,453.5244445800781,205.58999633789062,165.84072875976562,639.4161376953125
2025-05-19,208.54331970214844,458.11688232421875,206.16000366210938,166.1899871826172,639.5059814453125
2025-05-20,206.62550354003906,457.4180603027344,204.07000732421875,163.63536071777344,636.1807861328125
2025-05-21,201.86090087890625,451.8272399902344,201.1199951171875,168.20574951171875,634.5830688476562
2025-05-22,201.13172912597656,454.11346435546875,203.10000610351562,170.51087951660156,635.6515502929688
2025-05-23,195.04864501953125,449.441162109375,200.99000549316406,168.11593627929688,626.1552124023438
2025-05-26,195.04864501953125,449.441162109375,200.99000549316406,168.11593627929688,626.1552124023438
2025-05-27,199.98304748535156,459.93389892578125,206.02000427246094,172.53662109375,641.3932495117188
2025-05-28,200.1927947998047,456.609375,204.72000122070312,171.9977569580078,642.6514282226562
2025-05-29,199.72332763671875,457.9272155761719,205.6999969482422,171.49880981445312,644.1193237304688
2025-05-30,200.622314453125,459.60443115234375,205.00999450683594,171.37905883789062,646.5557861328125
2025-06-02,201.47134399414062,461.2118225097656,206.64999389648438,168.6747589111328,669.9320678710938
2025-06-03,203.03956604003906,462.2101745605469,205.7100067138672,165.8307342529297,665.8878784179688
2025-06-04,202.590087890625,463.1086730957031,207.22999572753906,167.6968231201172,686.9574584960938
2025-06-05,200.40257263183594,466.91241455078125,207.91000366210938,167.8564910888672,683.6322021484375
2025-06-06,203.68882751464844,469.6080017089844,213.57000732421875,173.3149871826172,696.703369140625
2025-06-09,201.2216339111328,471.97412109375,216.97999572753906,175.93264770507812,693.05859375
2025-06-10,202.44024658203125,470.1471252441406,217.61000061035156,178.44041442871094,701.3865966796875
2025-06-11,198.55465698242188,471.8443298339844,213.1999969482422,177.1915283203125,693.1384887695312
2025-06-12,198.97418212890625,478.0840759277344,213.24000549316406,175.54299926757812,692.359619140625
2025-06-13,196.227294921875,474.18048095703125,212.10000610351562,174.513916015625,681.884765625
2025-06-16,198.195068359375,478.3536376953125,216.10000610351562,176.61204528808594,701.6464233398438
2025-06-17,195.418212890625,477.25543212890625,214.82000732421875,175.7927703857422,696.7597045898438
2025-06-18,196.35714721679688,479.4518127441406,212.52000427246094,173.16513061523438,695.3007202148438
2025-06-19,196.35714721679688,479.4518127441406,212.52000427246094,173.16513061523438,695.3007202148438
2025-06-20,200.7721405029297,476.6164855957031,209.69000244140625,166.4910888671875,681.8897094726562
2025-06-23,201.27157592773438,485.2023620605469,208.47000122070312,165.04238891601562,698.0588989257812
2025-06-24,200.07293701171875,489.30560302734375,212.77000427246094,166.62098693847656,711.7196655273438
2025-06-25,201.33151245117188,491.4620666503906,211.99000549316406,170.52748107910156,708.2020263671875
2025-06-26,200.7721405029297,496.6335754394531,217.1199951171875,173.38491821289062,725.6002807617188
2025-06-27,200.85205078125,495.1260681152344,223.3000030517578,178.37046813964844,733.1351928710938
2025-06-30,204.93740844726562,496.5936584472656,219.38999938964844,176.07252502441406,737.5922241210938
2025-07-01,207.58441162109375,491.242431640625,220.4600067138672,175.682861328125,718.73486328125
2025-07-02,212.1991729736328,490.2840270996094,219.9199981689453,178.48036193847656,713.0886840820312
2025-07-03,213.30792236328125,498.02130126953125,223.41000366210938,179.36956787109375,718.5250244140625
2025-07-04,213.30792236328125,498.02130126953125,223.41000366210938,179.36956787109375,718.5250244140625
2025-07-07,209.7119903564453,496.90313720703125,223.47000122070312,176.63201904296875,717.865478515625
2025-07-08,209.7719268798828,495.804931640625,219.36000061035156,174.20419311523438,720.1838989257812
2025-07-09,210.90065002441406,502.68365478515625,222.5399932861328,176.46217346191406,732.2857666015625
2025-07-10,212.16920471191406,500.656982421875,222.25999450683594,177.46127319335938,726.7494506835938
2025-07-11,210.92062377929688,502.49395751953125,225.02000427246094,180.02899169921875,717.0260620117188
2025-07-14,208.3834991455078,502.1944274902344,225.69000244140625,181.3977508544922,720.4337158203125
2025-07-15,208.87295532226562,504.9898376464844,226.35000610351562,181.83737182617188,709.910888671875
2025-07-16,209.92176818847656,504.7901611328125,223.19000244140625,182.80650329589844,702.4358520507812
2025-07-17,209.78192138671875,510.8601989746094,223.8800048828125,183.41595458984375,700.9368896484375
2025-07-18,210.9405975341797,509.212890625,226.1300048828125,184.89462280273438,703.8049926757812
2025-07-21,212.23912048339844,509.2228698730469,229.3000030517578,189.9301300048828,712.4890747070312
2025-07-22,214.15695190429688,504.44073486328125,227.47000122070312,191.1690216064453,704.3345947265625
2025-07-23,213.9072265625,505.0397644042969,228.2899932861328,190.0600128173828,713.0986938476562
2025-07-24,213.51766967773438,510.0415344238281,232.22999572753906,191.99827575683594,714.31787109375
2025-07-25,213.63754272460938,512.866943359375,231.44000244140625,193.0073699951172,712.1992797851562
2025-07-28,213.80735778808594,511.65887451171875,232.7899932861328,192.4079132080078,717.14599609375
2025-07-29,211.03050231933594,511.728759765625,231.00999450683594,195.5750732421875,699.52783203125
2025-07-30,208.81301879882812,512.3976440429688,230.19000244140625,196.35438537597656,694.7410888671875
2025-07-31,207.33470153808594,532.6243896484375,234.11000061035156,191.728515625,772.9183349609375
2025-08-01,202.1505889892578,523.2498168945312,214.75,188.96099853515625,749.504150390625
2025-08-04,203.11949157714844,534.7609252929688,211.64999389648438,194.86570739746094,775.8463745117188
2025-08-05,202.68995666503906,526.8838500976562,213.75,194.4960479736328,762.945068359375
2025-08-06,213.0082550048828,524.0784912109375,222.30999755859375,195.91476440429688,771.4692993164062
2025-08-07,219.7805633544922,519.9852294921875,223.1300048828125,196.34439086914062,761.316162109375
2025-08-08,229.0900115966797,521.1832275390625,222.69000244140625,201.24000549316406,768.7811279296875
2025-08-11,227.17999267578125,520.9136962890625,221.3000030517578,200.8203887939453,765.3534545898438
2025-08-12,229.64999389648438,528.3713989257812,221.47000122070312,203.15829467773438,789.4671630859375
2025-08-13,233.3300018310547,519.7256469726562,224.55999755859375,201.779541015625,779.5538940429688
2025-08-14,232.77999877929688,521.6224975585938,230.97999572753906,202.75865173339844,781.6024780273438
2025-08-15,231.58999633789062,519.3162841796875,231.02999877929688,203.71778869628906,784.7003784179688
2025-08-18,230.88999938964844,516.2512817382812,231.49000549316406,203.3181610107422,766.8524169921875
2025-08-19,230.55999755859375,508.933349609375,228.00999450683594,201.389892578125,750.97314453125
2025-08-20,226.00999450683594,504.8900146484375,223.80999755859375,199.1418914794922,747.2156372070312
2025-08-21,224.89999389648438,504.239990234375,221.9499969482422,199.57150268554688,738.6014404296875
2025-08-22,227.75999450683594,507.2300109863281,228.83999633789062,205.9058380126953,754.2808837890625
2025-08-25,227.16000366210938,504.260009765625,227.94000244140625,208.30369567871094,752.7918701171875
2025-08-26,229.30999755859375,502.0400085449219,228.7100067138672,206.95489501953125,753.5913696289062
2025-08-27,230.49000549316406,506.739990234375,229.1199951171875,207.29458618164062,746.8759155273438
2025-08-28,232.55999755859375,509.6400146484375,231.60000610351562,211.4508819580078,750.6033935546875
2025-08-29,232.13999938964844,506.69000244140625,229.0,212.71974182128906,738.2017822265625
2025-09-01,232.13999938964844,506.69000244140625,229.0,212.71974182128906,738.2017822265625
2025-09-02,229.72000122070312,505.1199951171875,225.33999633789062,211.16114807128906,734.6141357421875
2025-09-03,238.47000122070312,505.3500061035156,225.99000549316406,230.45388793945312,736.5528564453125
2025-09-04,239.77999877929688,507.9700012207031,235.67999267578125,232.09242248535156,748.1450805664062
2025-09-05,239.69000244140625,495.0,232.3300018310547,234.79000854492188,751.9425048828125
2025-09-08,237.8800048828125,498.20001220703125,235.83999633789062,234.0399932861328,751.7925415039062
2025-09-09,234.35000610351562,498.4100036621094,238.24000549316406,239.6300048828125,765.1835327148438
2025-09-10,226.7899932861328,500.3699951171875,230.3300018310547,239.1699981689453,751.4727783203125
2025-09-11,230.02999877929688,501.010009765625,229.9499969482422,240.3699951171875,750.3935546875
2025-09-12,234.07000732421875,509.8999938964844,228.14999389648438,240.8000030517578,755.0803833007812
2025-09-15,236.6999969482422,515.3599853515625,231.42999267578125,251.61000061035156,764.1842041015625
2025-09-16,238.14999389648438,509.0400085449219,234.0500030517578,251.16000366210938,778.4745483398438
2025-09-17,238.99000549316406,510.0199890136719,231.6199951171875,249.52999877929688,775.19677734375
2025-09-18,237.8800048828125,508.45001220703125,231.22999572753906,252.02999877929688,779.7237548828125
2025-09-19,245.5,517.9299926757812,231.47999572753906,254.72000122070312,777.85498046875
2025-09-22,256.0799865722656,514.4500122070312,227.6300048828125,252.52999877929688,765.1599731445312
2025-09-23,254.42999267578125,509.2300109863281,220.7100067138672,251.66000366210938,755.4000244140625
2025-09-24,252.30999755859375,510.1499938964844,220.2100067138672,247.13999938964844,760.6599731445312
2025-09-25,256.8699951171875,507.0299987792969,218.14999389648438,245.7899932861328,748.9099731445312
2025-09-26,255.4600067138672,511.4599914550781,219.77999877929688,246.5399932861328,743.75
2025-09-29,254.42999267578125,514.5999755859375,222.1699981689453,244.0500030517578,743.4000244140625
2025-09-30,254.6300048828125,517.9500122070312,219.57000732421875,243.10000610351562,734.3800048828125
2025-10-01,255.4499969482422,519.7100219726562,220.6300048828125,244.89999389648438,717.3400268554688
2025-10-02,257.1300048828125,515.739990234375,222.41000366210938,245.69000244140625,727.0499877929688
2025-10-03,258.0199890136719,517.3499755859375,219.50999450683594,245.35000610351562,710.5599975585938
2025-10-06,256.69000244140625,528.5700073242188,220.89999389648438,250.42999267578125,715.6599731445312
2025-10-07,256.4800109863281,523.97998046875,221.77999877929688,245.75999450683594,713.0800170898438
2025-10-08,258.05999755859375,524.8499755859375,225.22000122070312,244.6199951171875,717.8400268554688
2025-10-09,254.0399932861328,522.4000244140625,227.74000549316406,241.52999877929688,733.510009765625
2025-10-10,245.27000427246094,510.9599914550781,216.3699951171875,236.57000732421875,705.2999877929688
2025-10-13,247.66000366210938,514.0499877929688,220.07000732421875,244.14999389648438,715.7000122070312
2025-10-14,247.77000427246094,513.5700073242188,216.38999938964844,245.4499969482422,708.6500244140625
2025-10-15,249.33999633789062,513.4299926757812,215.57000732421875,251.02999877929688,717.5499877929688
2025-10-16,247.4499969482422,511.6099853515625,214.47000122070312,251.4600067138672,712.0700073242188
2025-10-17,252.2899932861328,513.5800170898438,213.0399932861328,253.3000030517578,716.9199829101562
