,AAPL,MSFT,AMZN,GOOGL,META,NVDA,TSLA
2020-05-20,100.34531191237997,101.30943632874876,101.89997476396829,100.68310774391666,100.82047606573978,100.47981561357882,98.76035685804925
2020-05-21,99.34687516631236,102.74586751453792,103.92158797016779,100.75475400426053,101.46891648173377,101.4652417554994,98.82924119478439
2020-05-22,100.1352755843068,101.91478731743469,102.24716710971005,99.94341102944601,100.95460080152709,99.33276986890779,98.64525876570329
2020-05-25,101.12199657815688,104.25395334941577,104.87114007120238,98.94045649623315,100.82090236907852,99.28751157726172,98.77939197394622
2020-05-26,99.20786773183546,105.33910151167885,103.95728585638486,98.23846675306362,98.91369350727808,99.73586235150609,99.01105605963554
2020-05-27,97.9635556016898,106.40962939811887,105.0237835806262,98.49631925863814,98.62502824889951,99.99912780275855,100.18627879796531
2020-05-28,98.12811608923045,106.4820361787876,106.09042692156136,98.50916811762241,98.67177276708557,101.00530458592476,100.31137256099456
2020-05-29,97.85741850068665,106.29348928343518,105.08136053447193,98.7610265798627,98.8779628534556,100.67665983495037,101.641474920327
2020-06-01,97.88012292255472,106.11357117163152,105.64322237014527,99.29658606511748,99.29300846919564,100.76608742087096,101.56257520239016
2020-06-02,97.08754091284992,106.57140741774175,105.57190163200849,98.71510568590243,99.57564213851786,102.00421463258603,101.24808024243377
2020-06-03,97.98427777140552,108.11842081054041,106.20121536761886,100.21266550172658,99.35250085665854,99.74602868776937,100.61304441451323
2020-06-04,98.78887075713324,108.35796722528366,106.48906202726236,99.98473002767416,99.67711283585265,100.37576035082665,98.8408563531082
2020-06-05,98.89367283727954,107.41779113189355,107.81380060757435,99.59213591107856,100.72121071096487,100.08120426200698,99.15347073413574
2020-06-08,100.05476372061537,108.35036448941173,107.9382890566595,100.11375276368,100.6653278879855,99.2119745141909,101.25163582178985
2020-06-09,100.56384171036947,109.3967956610743,107.80035218551474,98.33125826967868,101.02594634966779,99.58625569887553,101.75736621071356
2020-06-10,99.7432956606773,110.15937652974601,109.03201643133715,97.59601089531886,100.87838352367098,100.85649582104195,102.4995789161809
2020-06-11,100.15183154176019,111.02808460738271,109.71054928054681,98.59764220519818,100.2681481378308,101.95077628487996,102.11793564584433
2020-06-12,99.23576900255372,110.771985344079,110.560586124294,96.93814835594907,100.83412855609444,101.85385391173266,101.90948764180459
2020-06-15,100.15139858680726,109.79159861672503,109.87219148707258,98.06679923092013,100.31594102979004,102.79085507900847,102.95906253985491
2020-06-16,100.1414581414801,108.8860667631438,108.77322026799368,99.5998080060698,100.74434647362669,103.72851669539614,105.09013332577595
2020-06-17,99.99649588155604,107.16261466626705,108.20071185419766,99.27221106125583,100.81313337429438,103.6793908158691,106.70818586944841
2020-06-18,99.35763829655829,107.45981139082319,107.57408054624729,99.60215602910421,100.54740338788275,103.00448710925554,107.61395366418989
2020-06-19,100.62002184150765,107.41313155196161,108.46653847679677,100.763348370781,100.25810025539539,102.3931904760645,107.69485656956708
2020-06-22,100.50484821810169,106.98435034043916,109.57415830042218,100.33421768748421,99.78986784366843,103.29600944314552,107.9641270658644
2020-06-23,100.11531674888971,103.9101285530129,109.44807784704034,101.24917374479894,98.20023827960331,103.29379189405354,107.19653677978214
2020-06-24,99.803310447628,102.66314608361363,111.06986881490306,100.61215319303254,98.61640161767431,102.25967937853244,105.69760844478506
2020-06-25,100.37613155119848,103.86184565242647,112.64532277164265,100.17283403969736,98.88455524202253,100.59140593512745,104.55510815454048
2020-06-26,100.78392675069875,103.2151194729773,112.96501117852924,99.41506582967449,99.76822676698094,101.47222751075162,104.64904084724063
2020-06-29,101.2412428828587,103.62941992419779,112.08519115393662,99.79620353598068,99.27911180930067,100.95928898581035,104.38566534496019
2020-06-30,101.71903180074027,102.23912285460923,113.91049221120959,100.99892087698265,101.21925755449533,101.33392320175192,102.90414705741384
2020-07-01,103.96256664459005,103.76217131794118,113.88655375890578,100.85347320032871,100.87596282842568,102.6390333979351,102.9069014482348
2020-07-02,103.58232923788553,103.65428608406859,114.0759508871443,99.61932894524762,100.03704575045033,101.34485005038525,102.62077594356542
2020-07-03,103.09432241475913,103.99695225818684,113.73468508530024,98.58598812600296,99.08754236273481,101.33964371354381,101.46479776344064
2020-07-06,102.29968497218651,106.4866251078402,112.77227376460483,99.01537463976094,97.42321230999842,101.20728524263798,101.13033476522138
2020-07-07,102.97295569939256,108.15699104496215,111.17261845590494,100.89862517046426,98.96742747403579,101.63298841641452,100.84660481560188
2020-07-08,104.18374412333023,107.86906561541598,111.92318612416896,101.33719814458115,100.37382383513753,102.94138736691436,100.2667592470383
2020-07-09,104.10673137125683,107.27395981169397,111.09423301966208,100.98627192707521,101.01902910952631,101.62252907424285,101.24070794539308
2020-07-10,103.27703846475617,106.96808128905766,114.5915537519378,101.80369761021184,100.15790774859855,102.24411445325102,99.37215193353282
2020-07-13,102.47001909429466,107.55791715672068,113.39908968001293,101.60080307570946,102.02936814756438,103.34557511580024,97.45725999476437
2020-07-14,103.18011878229716,107.48778631004197,112.0269580266149,101.25768326718902,101.71181824574754,103.19441155859546,97.49945426565746
2020-07-15,103.99145462958231,107.10661967950563,112.64496007023064,100.33193069219395,101.47913845866863,103.09390068806196,97.63226790965317
2020-07-16,104.59965689106328,108.73313706230583,114.42665624573354,101.79576322276844,102.98937584097591,103.5676190750052,98.0669299238205
2020-07-17,103.94741791909799,108.65247625181706,114.54639730041632,99.28320327542369,103.71170075193028,103.96693278127078,97.57882070369071
2020-07-20,104.23070791503588,111.2244674303897,115.24985015652582,100.11855136196095,106.06222741681053,104.61599131964488,96.7259024723174
2020-07-21,104.39415065545757,111.36998025349783,113.1898964195049,99.69520166369746,106.3688951731587,105.2469218332299,96.75752140479457
2020-07-22,104.66455602198383,113.42150344377941,112.47059301855373,99.32667255254181,105.98980259753998,104.26017969211875,96.36974349131027
2020-07-23,105.62285939839097,113.87304554471258,111.3140665945255,101.06231353709927,105.38547715809388,105.33988978917448,97.91531791392988
2020-07-24,105.90164382450038,115.02089390622892,109.26817440973797,100.3833123096919,103.4982678656567,106.61881524971596,97.63741102920503
2020-07-27,106.66572836829178,114.23613748466215,109.43983854977202,99.74284160612359,103.25161973661614,106.86013484081913,97.62453823709544
2020-07-28,106.7805401119638,113.31030252313748,107.05542622173027,99.65272056182965,104.48200468743511,105.31746610298475,100.11134930644118
2020-07-29,107.13255453963164,113.87793792526193,105.69152847185191,100.10601969404296,105.15160798774792,105.23877523209184,99.95653658043325
2020-07-30,107.85414202046861,115.05527755126867,105.16734094525069,99.7045450802321,105.2150419523487,105.48575045518885,100.55421411315872
2020-07-31,106.33646012847322,115.14765395647561,104.3384504438327,98.18688713247784,104.2150893215102,104.326966353119,101.24670075272397
2020-08-03,106.03948313016191,113.72136830109594,104.79478733488281,97.37949767873766,104.49358272219025,103.99351006828894,102.03073962298978
2020-08-04,105.58409881967623,112.22982023162315,105.15756384289463,98.67474437241086,105.59951698057941,102.57916071110438,102.36747235795649
2020-08-05,104.95366867803284,110.68378712497191,106.14412292466062,98.78806509619282,106.09776599878077,103.24530125494942,102.60712936725677
2020-08-06,104.70716818574071,108.7880126051424,106.98853275283149,99.27439389375257,106.31733427952253,103.45815956152728,102.75122343662315
2020-08-07,106.32675985841253,108.95075636556273,108.25935528214107,99.05482251089093,105.51559532132973,101.81011329023357,102.20195647822203
2020-08-10,105.4522961577027,110.2275034209052,108.3005900276995,98.44307699861452,106.47716862760713,102.20944522143498,102.5762074081004
2020-08-11,106.52092716857192,110.25681043062843,108.67320624821488,100.14850928095389,103.23537082689893,102.19257291065425,104.72024567444348
2020-08-12,104.78522376791342,107.83563152191142,109.27420965567987,100.00020725814258,103.67282138112432,102.76277184530204,106.03818729142134
2020-08-13,104.47668297327408,107.67318051413707,109.47289398309744,99.59764898782966,106.41464535976837,102.40216157482334,106.40349955523831
2020-08-14,104.68872754111196,107.54104007899276,109.08256057426595,100.73567261666825,104.86349722073558,101.62535158615145,107.36097608732011
2020-08-17,105.34636873024421,109.86282371043825,108.76402276663684,100.05063219966178,104.65254663450712,100.88533564223927,106.47444526753505
2020-08-18,106.14073867628562,108.31689582059585,107.92159838839457,99.49716053386291,104.68613398916796,100.38400472467215,106.23991485367219
2020-08-19,107.0289554119612,107.93771796161258,108.42093427220603,99.54716711999569,104.24468178574186,100.44307308420981,107.29460649508084
2020-08-20,106.6990397203063,109.83869736927998,108.3623863296242,99.58726294058422,105.37280521288133,100.6320418787946,108.94575029866589
2020-08-21,106.24934472919523,110.37820384989251,107.68920012089957,99.88608511044964,105.91417516523084,100.48048363113249,108.1524053402372
2020-08-24,107.20773483479664,111.04614283964953,107.02119013631679,102.03818221335304,106.11804447655184,100.09605955147984,107.6737164028027
2020-08-25,107.04564754884305,111.21793564265346,105.77591703388185,102.42282223144635,107.01027172007358,99.78484197324133,110.09231793554073
2020-08-26,105.73103807458696,111.63014120319583,106.85911446734376,100.05589916888553,107.07101804340857,102.35974658865388,110.24243335520603
2020-08-27,104.58139008254412,112.54658122158436,106.98594346453673,100.42307494031971,110.57466335082037,101.61450432771292,112.31590710259177
2020-08-28,103.66567917899448,111.68387413998768,106.10927466217525,100.50131488822849,110.78644713481363,101.08953042134776,112.59350963785239
2020-08-31,104.22402878749774,112.71391849848116,107.01349346302611,100.5852182638008,111.04741469706508,104.51651582451764,112.91619156741453
2020-09-01,104.41433376903085,111.22140826789007,106.45798981992385,100.87325060317865,109.20781088929236,104.99946323629008,112.61680696338385
2020-09-02,105.17985780114564,111.63186785156097,105.01313517875627,100.88467182895198,108.65938549103615,103.60187534529275,113.72878313395616
2020-09-03,104.77333366417207,111.87631973536638,106.13349220063535,100.87194896258902,109.95727294784618,104.5204037445499,115.32962054181131
2020-09-04,104.98155695169771,111.23343845684094,105.6072149439005,101.53284300095457,108.54201077087136,103.61498006534605,114.18777834353875
2020-09-07,105.68263467499068,111.25269988793933,105.2183485919903,101.02434370028122,106.26773614970666,104.60303114743321,113.83155480055338
2020-09-08,105.39836516231516,110.60649227700577,105.30379954864755,100.11150864370515,106.34461195702465,104.42435220141255,114.92394381712785
2020-09-09,105.92326083762869,109.47122995663108,106.55650350492158,103.22617614534335,107.85549502121181,104.00770140671447,114.8210770557174
2020-09-10,105.26654087354572,109.12844982711889,106.62049635073112,102.53086664714739,107.94438431224447,105.73718177770373,114.30167331780012
2020-09-11,104.92702197381935,107.9734907355247,105.3917748353755,102.67465712238342,107.62520724728803,106.3803215114828,115.50763503002071
2020-09-14,104.56905857535273,108.36592726625305,106.00893314227497,101.19088846633161,105.68574373696833,107.46341950424639,116.83599087484906
2020-09-15,103.36736613659723,107.16962510037098,105.53825230036797,101.34934417993506,106.20726872865143,107.974998264312,116.35836043474492
2020-09-16,103.91352149056495,107.9785537235743,107.59268992942283,100.44809701939347,106.95469155006936,107.53918120994568,116.65238083749023
2020-09-17,103.4682710395763,106.75300910966759,107.63453039969583,100.04463306852485,105.10795620856352,108.2419286238612,115.29725971122129
2020-09-18,103.52260005514266,106.19264931647675,105.29765569239696,101.13609284543885,106.34976168872268,109.60258452445142,114.3151206599293
2020-09-21,104.06309662363485,105.57365456440921,105.71690411414967,101.65524724383647,107.21007807183499,109.79426936068717,114.50294046835494
2020-09-22,104.57062968357182,107.0247722630491,107.83591684965363,102.27561271798335,108.47431485486958,111.83502140295765,114.58473253889746
2020-09-23,105.31086301225304,107.4218088737204,109.59261449968297,100.52025065953349,109.15279246708836,112.83534522486818,113.52758085961318
2020-09-24,105.24928945133212,107.23748763281833,111.6623436894917,102.4247269932971,109.91259879036608,113.12002913105836,112.76275194997298
2020-09-25,104.84664286318008,107.81675574081524,110.57366244544681,101.2516847029417,110.53063280574342,113.45023980587816,111.61278760114143
2020-09-28,104.80500792131376,105.6108546790959,111.63152043980627,102.85240023162696,111.53934802322655,113.65149404965544,112.16670769443844
2020-09-29,103.0926616950812,105.60754532014514,110.87278975751005,103.95003922952661,109.57287445406672,112.28320641697933,110.02524442384728
2020-09-30,101.65219028791847,107.7813849697846,111.16620234607319,104.5937417055717,107.98358811605804,112.2269978236149,108.96144040928786
2020-10-01,100.35662490663717,107.96730258657135,109.8039909203221,103.74478277092929,107.23462326262418,112.52050270552346,106.99313210323706
2020-10-02,99.40054760883872,108.08387641240134,109.14227626805094,103.94373776717462,107.13834818361052,112.09812458495011,107.48538152312645
2020-10-05,99.83864821915307,108.7214213169629,108.45006655569422,103.4967856439416,107.59803034356636,112.52229393078062,105.60730204013471
2020-10-06,98.97829409246997,109.74339801424853,109.47272196784235,103.56826405262629,107.99113697768188,112.59129967596348,105.68308048586997
2020-10-07,98.64415185560395,107.61609608945297,110.39695975251024,103.35113092795972,109.24796609792801,113.5111833856757,107.47304254871348
2020-10-08,99.9741079479314,105.86312261981463,110.74727374047961,101.3060490514527,110.55411944967884,114.31210696680319,109.33038894195064
2020-10-09,99.65842532243477,106.12842066665897,109.30548513083143,102.48987008045111,109.63770277202075,114.54915369476862,107.41666238089651
2020-10-12,100.43630524459162,105.41459625619618,109.00897123640456,102.44774806728401,109.94355303463882,113.03888695679134,107.78078644804863
2020-10-13,99.54278692860338,106.84950654437122,108.24195213373848,101.9930720246637,109.05897210104247,115.12737444131287,106.76281548716263
2020-10-14,99.37824192002661,106.55588823311612,109.23109510674624,101.46375258614755,108.89741518610269,115.0101297509022,105.53876603042127
2020-10-15,98.47798050234492,104.55615675594998,110.5698695799757,101.86885116593143,109.2921101910706,114.9631157992806,105.46125522421845
2020-10-16,98.18393862850597,103.2800440574716,111.78881163470376,101.00284145901612,105.67169670030367,114.61585394027661,106.80732902203988
2020-10-19,99.0520753627944,100.51906519341634,110.99212875660012,98.79005029024671,108.29397579677158,114.10305367883385,107.49272132982955
2020-10-20,97.39477080480037,100.32412129720088,108.03594064050208,99.23275905153419,108.95267504927864,115.92490376981024,106.76943831019894
2020-10-21,97.85793243047769,100.17536661683928,106.18621907416828,99.78912626591617,108.34890061627233,117.58988776491492,107.56787755307617
2020-10-22,98.13009652188322,99.7909690938634,107.7496635283095,99.62995813812114,110.50163076317835,118.16086720144546,105.22332371906957
2020-10-23,97.58781255637307,100.91377905897335,107.36111479502159,98.53224698226568,110.16243596873541,118.08113534619784,104.47580631690315
2020-10-26,96.22527294833847,102.17138802296539,106.6007780724322,98.65937200491895,110.35265155888771,118.86199992865849,103.66003087961508
2020-10-27,96.3332303879533,102.03825517477381,108.40968322180176,97.26390038719705,109.8603488084366,118.99733828792705,103.78275473474822
2020-10-28,95.86283845513393,99.92309668981902,109.83387676923293,96.30840563172114,111.73499162146736,118.81871121661602,103.61390489326854
2020-10-29,96.12459031647768,100.58203596999182,109.9046861144537,95.62637025663508,111.66240455312231,119.26882221149862,103.50882005521488
2020-10-30,96.1840638288897,101.18264753630378,109.62653681092225,96.47539601239788,111.87418764052737,118.79132449140867,103.36946734795065
2020-11-02,97.77622762723017,101.53678948805612,109.5256159227693,96.16465732840373,113.27434824380332,119.13901692450433,103.43399751420144
2020-11-03,97.58149938047536,102.57928259411422,109.81861884634665,95.77323277842314,113.98468888633934,119.43033491937125,104.03579408046622
2020-11-04,96.62649171690346,101.43190710081021,111.63454645162435,97.70279472085525,113.9683354621631,120.20066928785995,104.23295269923555
2020-11-05,96.8386025388386,103.53143239223677,112.15201550377114,98.08699497665623,115.28698718737573,119.50655466607898,103.9785685085826
2020-11-06,97.09070728421787,102.58389829030202,113.01443146477865,98.45944463918278,118.2982990643035,120.40638754396913,104.4389080687846
2020-11-09,98.45873672776916,103.39671719277392,114.38937785606204,98.13535766863318,118.7218660313154,119.36779837456233,105.3474067212672
2020-11-10,99.32414130900729,101.70736669805936,113.1044201015416,97.59087641687255,118.90812048100815,118.73377508449971,104.80518702757986
2020-11-11,99.7191133270046,100.80592051036412,114.00702652060598,95.51849993415769,119.15883713326052,118.1546727462753,104.78485393206158
2020-11-12,101.22951817578978,102.38710486280873,113.71716935239297,96.48690991873427,120.77890755681963,116.94152626988937,106.05186888398683
2020-11-13,100.07328477719986,102.16118155335576,110.93599830099585,96.9592170870247,120.1053995172762,118.18257296185737,104.9307592322977
2020-11-16,99.47488995263858,103.06408749453362,108.64348565147995,96.82437667731362,119.81950806014736,117.08967947928713,106.88438312381896
2020-11-17,98.59686742996557,103.34992467671577,107.58600471905152,96.73028327866307,118.03864625706208,116.32069272372432,105.50477040114583
2020-11-18,98.25256846893987,103.28281227126858,108.20231955964562,97.48397089026821,116.69613304384512,117.83732200397796,105.18308757193604
2020-11-19,96.9479785574354,104.74297362631613,108.36886229498923,96.01849821375812,116.13988884263841,117.21375329383352,104.23006536622799
2020-11-20,97.604738317705,104.53718973788722,108.61227891373622,95.49195941326916,116.12138111027906,117.0402382490095,106.57829643735832
2020-11-23,97.42704228147134,102.73321780558578,110.79635774543932,94.45079590896728,118.24123076214947,115.90808453589105,106.08560818711919
2020-11-24,96.04297529889261,101.95210138826863,109.44290582559387,96.17737217353533,118.92425694625,116.92433479046238,105.59784680926072
2020-11-25,95.11055576315319,102.55661894712193,109.4566599921406,97.06206981240511,117.89165316017403,117.96575574996795,105.24916021766
2020-11-26,95.4473797571131,103.00423636162543,109.83431763140688,94.9854519418683,117.08336521236748,118.88823330890742,105.39197784467159
2020-11-27,96.28921935615045,101.44325058702914,109.0722269999213,93.59585760556334,118.75157323106149,119.5768348441399,105.08842135129093
2020-11-30,98.27047961239576,100.75140129969607,109.14677796864463,93.50946577632037,120.14505381375619,119.71273827896387,104.9908533955629
2020-12-01,101.21655167494545,100.20708511884831,107.45735486392039,93.10596631996356,120.22696046655419,119.13427979733046,101.39067620765219
2020-12-02,101.67753581827942,99.88147169941205,109.02673551361426,91.91777663631484,119.74398783042805,118.21459393959124,101.48923509444974
2020-12-03,100.71663812085674,98.55601473872355,108.32944346814111,93.76035082864782,121.1470815457329,119.79723685957102,101.54791955254761
2020-12-04,98.63148665521013,97.97784219073382,110.5967814904539,94.09147682150589,119.99764122271846,120.76526026108998,102.64911160900671
2020-12-07,98.93545447719674,97.3054741514712,110.60510495918132,94.57712412578722,120.51718900381181,119.97886727709586,104.04329372609453
2020-12-08,98.17368948161783,98.09835332539303,111.79275782058784,93.96247312366287,123.33681915639873,120.07468677044628,103.8897268371814
2020-12-09,97.80587814568939,98.93487386013814,111.7778871656072,94.6814616145573,123.63980459450536,119.76276024715911,104.78308000821221
2020-12-10,97.24793136713043,98.83024578038405,111.78823399319133,94.35968293144201,122.7336354909045,118.46655458448714,103.67661885756152
2020-12-11,97.14996369462028,98.48293567845745,111.18172449984765,94.1303442374953,123.28763595875839,118.72467947566628,104.517032041969
2020-12-14,98.23038670674177,98.66028992681306,111.35878206172407,94.74513359741485,122.75862658303592,118.27971294475064,103.96198320218761
2020-12-15,98.42413910701596,97.89708593593845,111.75815950408993,93.25153379043851,121.10753663517642,117.20527696237546,102.7787183347006
2020-12-16,98.30744302476985,96.81950409305273,110.92947748598722,94.79065089455247,122.00832055750328,115.53061685897063,102.62919302957094
2020-12-17,97.33349788545108,95.95182575474402,110.8351782636378,95.00168965545228,123.42918461773493,113.78350237747634,104.11823716571695
2020-12-18,95.75533789481968,95.38278570437933,110.20510589339531,96.26493398107614,123.09525923861098,113.4070183494277,104.34859869670497
2020-12-21,95.32892651011255,94.31718219389415,112.8139350727241,95.27333032510815,122.68083729341839,113.3558890172883,105.96428316239009
2020-12-22,95.31578865775813,94.50795174550682,112.75784578221881,94.4356141527259,121.55544672515867,112.41296994577985,105.21593465048878
2020-12-23,97.0547031256576,95.23820107948197,114.55956237224846,93.38206174220488,121.42188744295123,113.19213856544962,106.36677572704531
2020-12-24,97.2201033342159,93.77611163200586,114.38142076113778,93.6535415532627,120.78927162402069,113.16322558176695,105.71762976639701
2020-12-25,98.21951371461162,93.83720669799527,114.72426300400738,93.75285128553514,119.62204456417602,113.86347053085935,105.99850140069762
2020-12-28,97.76943020929689,93.6685117906442,113.26360567086738,93.35579627400922,121.95581804064727,113.70086356451384,106.27093084265084
2020-12-29,96.65640910430088,94.0265478337751,112.80347773836121,92.45086072701453,122.57508243962243,112.85454977787366,107.01903350947725
2020-12-30,95.76634786269055,94.0519960190695,113.0864438760834,91.32378836278639,123.3280294001899,113.02861256512755,107.33063406612398
2020-12-31,95.11237504105193,92.73183058866539,114.94026453936131,91.31604087212499,124.47211399882407,111.65505471033661,106.58281224216219
2021-01-01,97.19738278509391,91.60518663139443,115.24178302786976,90.92823767942636,125.48573277466397,112.30390513679936,107.56822874615925
2021-01-04,96.44085493661495,91.66880430765289,116.89423902129694,90.34308953007783,125.0184053809934,111.3008775973902,109.49095008262293
2021-01-05,97.29180973559465,92.65379732995896,117.69268668401611,91.78835368658751,125.4097649699426,112.37252504609516,108.89715056339627
2021-01-06,96.45586425504332,90.66107146435513,119.67154805155529,91.74951186399998,125.12286704518513,112.03764277417243,106.95963745039663
2021-01-07,97.39757067648675,91.01145063289138,119.64876210486659,92.95937743714168,125.7229689400822,113.27972996833762,107.53805004957144
2021-01-08,97.81234325991542,92.13745607520069,122.59211363310555,92.5019822621265,126.20375903636072,112.05995205687228,107.22537577569253
2021-01-11,97.69832350713465,92.03337573809415,122.0473071881665,92.76578141007899,125.77204897824596,111.34754181909636,107.1277348796278
2021-01-12,97.69757853472433,92.5781651177088,121.16389280111422,92.75142607351341,124.16088026433772,111.81723038320428,107.76831420358693
2021-01-13,97.0987883732851,91.96633858705938,119.75447277953863,91.226630333701,124.39232928867318,113.1790001704504,107.32050806394038
2021-01-14,97.57190751032934,91.89337735661636,122.62781003323246,92.57602851329638,124.18815838763784,115.12709900182128,107.07518378737176
2021-01-15,97.16783920095057,90.45204565447854,123.68627372489189,92.48798097976399,121.9113448947769,115.22081162564942,107.01083005063596
2021-01-18,96.02261404155995,88.39155159759387,123.32302121186483,93.21819080136183,122.58083832913502,117.40480614113946,108.63868767322266
2021-01-19,94.84124143714706,89.26451611010403,124.92297266075356,92.55680792059246,123.81941063087866,117.1120535621843,108.71483704725631
2021-01-20,95.04307692037163,88.42494416466836,125.83534296783114,92.44132804620058,127.04072482201958,118.45331011331506,107.42270271067244
2021-01-21,96.59443613932315,88.05827623100123,128.3852520470653,91.6801260887276,126.59534351004464,117.38945303328059,106.1881753690626
2021-01-22,96.78781021229211,86.88056876005801,126.46393856376963,92.85745850437384,125.96556915657193,117.93092486356997,106.37866701060467
2021-01-25,96.71172781734445,85.69844713274392,126.17926019107179,93.18434230709578,124.62564435783786,115.24751734178018,105.22603795724643
2021-01-26,97.02735382341942,85.58382702165439,125.64725055337753,93.56442550499399,124.93590149072465,114.00772736778566,103.6363092602614
2021-01-27,98.34217258690003,84.99569062644096,123.24097131618488,94.88181678621994,125.23901099047683,114.58684395614138,104.33877987848746
2021-01-28,98.59758607980457,85.35169143459316,124.60451320498673,96.02374419862478,124.27676275200672,113.13803359512586,105.09745765791006
2021-01-29,98.23253823357204,85.77311829880097,124.31775916075469,96.80018656927164,124.10918934139363,113.66756656655778,104.75315969577201
2021-02-01,99.36504522814347,86.08318940160339,125.29076721323203,95.47186990985378,121.72629986042,114.74848965430317,105.1032620956617
2021-02-02,99.83191866999579,86.32335224057502,128.33382709186446,94.84792855577794,122.9083367842295,114.22035084281777,105.3432990693079
2021-02-03,101.41748563561761,87.7312213104592,127.93245843321144,93.93809256998354,122.0135440723406,113.16421063550688,106.02222327977357
2021-02-04,101.64413727705508,86.83431690601647,127.4457681585655,94.66187315834522,122.02006422156977,112.67393191150938,106.70800989109219
2021-02-05,100.44729604801306,86.82134928534083,127.64813943135786,94.86149040724015,120.33969771092217,111.6355967035431,104.00493385033765
2021-02-08,99.12201643831257,87.84548765705343,128.9661596384653,93.58898618917824,119.68879771409053,111.56728149400699,103.79661395059891
2021-02-09,100.81234918017081,88.9989745032475,128.28866387292263,93.4498814689639,119.40237719913776,111.72592082056696,104.3773179868514
2021-02-10,102.60611353259903,87.77767618489352,127.53276287815038,92.10084722188853,119.4366615314755,111.42911350483486,103.99136067636725
2021-02-11,102.46305810832526,87.53893416825915,128.93974317228881,92.0887307819781,120.059028618009,113.35587744642561,104.07063503854685
2021-02-12,102.11202058671864,88.77143029140778,129.48066711141027,90.6131052578305,121.84798921743977,112.58834356484722,104.89678340394282
2021-02-15,103.65674324737735,89.25930369704805,126.91077730427945,91.13000625688773,122.79316901461593,114.21156038634008,105.0237068096937
2021-02-16,102.5565586194674,89.46954505392675,125.4152686875119,91.5116927218815,124.02994553263727,113.07373511326165,106.6620364588841
2021-02-17,101.68371552994489,89.31071251941994,127.36318623011651,93.3117687185284,125.88692378976248,113.20132885900381,107.91405901739812
2021-02-18,102.38092700747934,89.00418868084282,127.92728571180041,94.14394787029443,126.65681093220395,114.59440244723996,107.82931054631237
2021-02-19,102.01852192872158,89.29679733104344,127.00672817533882,93.78414657775294,126.66098156188812,115.94460458288185,107.65902505037357
2021-02-22,102.05411029068749,89.10735527323179,126.84120708765958,94.59234277786817,127.99679182028395,115.50455326219584,104.67557616567105
2021-02-23,101.92820946268439,89.10505756184133,126.90875110355265,93.31677525877637,129.4293655495117,116.19393500065829,104.37610753729352
2021-02-24,102.31379191217893,89.21079769801521,127.89705296056246,92.45991181390548,130.32364727087005,116.73103466908552,103.01433005740874
2021-02-25,103.80553580707397,88.64338118429926,126.22209734797578,92.80556355577544,128.4930317155577,116.1489068481919,103.28378571567131
2021-02-26,103.94117871467347,89.15198956767163,125.21516045571302,90.86038462446069,127.4673270642947,116.9132897735613,103.48318211446754
2021-03-01,104.65450934992818,91.82504737422244,125.6076423332971,90.86296438281236,127.1683160726155,119.15884902323224,104.24747767423459
2021-03-02,102.5717769849033,90.24383108346032,125.53250800783258,89.97661945135408,128.21489746448754,119.77014832361579,105.75598056509423
2021-03-03,102.56283475493433,90.5729285455099,126.30294477574886,90.10385263618932,128.23881636494602,120.49858849806434,105.77050246132859
2021-03-04,101.74231874807391,89.92297455255378,124.80946205797233,89.17364708576238,129.75693437617798,121.35978809286088,108.25351515910752
2021-03-05,100.55000836885381,90.47987871652201,125.306101719047,89.58859653372984,131.52741790165533,119.64748839424384,108.54885557258017
2021-03-08,99.71076806304947,90.55822971784085,126.73209799399423,89.64176290951416,133.16740696703326,120.24749408919189,107.17877015998096
2021-03-09,99.41792619067978,91.28729431938712,127.40150793104989,90.94227589846382,134.83643366447004,119.07868270832252,106.62067803350976
2021-03-10,100.37282133706972,92.40366844087335,127.62990346893876,90.98478728038077,133.49880177378185,118.42568161225881,106.26649084539585
2021-03-11,99.08990205438802,92.6186838537434,127.55859920647985,90.32424260235689,134.1983403293,121.06226769132384,106.9403577906797
2021-03-12,99.15991545406328,93.71060972859972,126.54871705710684,90.1375676886094,133.43888288466803,120.80436345366698,105.97452936482212
2021-03-15,98.72045411845691,91.57592729860806,126.5082297269313,88.96959384968572,131.3089447607378,119.96147686421727,105.7014929725867
2021-03-16,98.43687002646101,93.08126769024729,128.1631961439282,89.36740708990948,130.98439477803993,121.40068133200221,105.57362898776101
2021-03-17,99.46869857854523,93.46841569955599,128.06195069565695,89.93206430430396,132.78424088018974,120.30374113440487,105.14363907644946
2021-03-18,100.04540789659337,94.5191077790192,126.97828616356716,92.21718528745923,133.45081487227722,119.81459777030967,106.04267000526062
2021-03-19,101.43296561087907,93.41045298793314,126.40532713284472,91.68219041955726,136.22542846616147,121.36906788087352,106.76762824029167
2021-03-22,101.31688557642222,92.67470413357066,126.71014166502069,91.47358105536767,136.5216728118264,121.4695636866243,108.06365434311407
2021-03-23,100.6544798269533,92.84718219923445,126.28824953244208,90.98481402189663,139.96066302515277,119.6352770110158,107.74961907983864
2021-03-24,100.46958771351659,92.86850431986886,126.95339132969549,91.21448860288446,140.265438530142,120.33597862473653,109.09678995353782
2021-03-25,100.75381234872806,93.16901845749122,127.66995524781993,91.59994360984707,140.3531041755625,119.90778555163331,107.66187173269672
2021-03-26,100.97225472251259,94.22263110961919,128.86151377829245,91.58769307915563,138.62431705212828,121.8171936760335,106.21991933319015
2021-03-29,99.92320017363575,92.61102498702397,130.76134735442065,92.62510032914484,140.22848759080608,121.12942947831493,104.9803971272245
2021-03-30,100.05367484888342,93.55470876102747,132.1228898328983,92.09221129351597,139.58195156505334,122.45846346852419,105.03207247169566
2021-03-31,100.32240739746743,93.59988966749746,130.94666232048894,93.04210310200097,138.73718927198715,124.70224791204416,106.3451074964709
2021-04-01,102.92121721550147,93.44671549618396,129.82076105379772,93.58190955035901,140.5823902574275,123.69507281133248,105.74897402491776
2021-04-02,104.91308655269526,92.11890919596358,129.77433055574983,93.60808814633681,142.27701272588337,123.50570096195929,105.28818208581703
2021-04-05,104.06334775778502,92.62052046962972,129.24182600246473,93.35107868179927,143.95438301776912,124.03621375503518,105.10301898848266
2021-04-06,103.80623051372856,90.44750633636471,127.8300953840622,95.68237409400011,143.4913211313499,123.0265409102959,105.74909750078483
2021-04-07,102.3390758486056,91.07228957118494,127.31764231045632,94.94179467910381,143.47557258150343,123.40887893085666,105.28732384820103
2021-04-08,101.77703639567812,89.75937903514657,126.76563083696688,95.26317722541235,143.44708919842236,123.1808817486229,104.76909789655534
2021-04-09,102.13960490341324,89.84330548901846,125.967190184691,94.58899688637158,144.63183327509307,122.92853653328793,103.41033496365621
2021-04-12,103.42007469679228,89.77220573678304,125.62026453028912,96.33169234284506,146.95509726171767,123.03791583074484,102.86193964042096
2021-04-13,102.709873428396,90.86462812533806,127.16024863392201,97.2286701226604,147.5561151113738,123.1748898055685,104.12189861045944
2021-04-14,102.0810174221015,90.73872692606803,127.4648285121974,96.6099878045396,150.55936462006272,123.42627589508017,104.25831053612077
2021-04-15,99.95238235786292,90.14710703986037,130.70705039225302,97.14532752829173,151.97703135132562,122.73846098359118,103.5312013684702
2021-04-16,99.82985001601409,89.72745801627738,130.98248924198234,97.4349559035067,151.68126918004592,122.10777309541683,104.86087478298731
2021-04-19,98.81437526807856,90.9132412912044,130.65535606106894,96.97166174125907,153.00468166125677,122.01184923783373,104.29071484215231
2021-04-20,98.3319203809336,91.43868414673334,130.71303076185956,97.74875194863715,155.6995086060651,122.00604448986748,105.8244818679468
2021-04-21,97.51245279078871,91.12319017456522,131.10115951382824,98.16929467088492,158.9056790437253,121.5203933387446,107.3632516432208
2021-04-22,97.45955439649802,90.94435764227488,131.72570587743573,98.42063349291541,160.86728786433548,121.9634599818584,107.46638234806333
2021-04-23,95.79976015028895,89.5660278044785,134.54367776338503,98.41874411908479,160.97297127645803,119.81799391651097,105.9103075828915
2021-04-26,94.44236260216981,89.95061847385483,133.46452115882087,98.88344366959586,160.68879403030556,118.99354065764027,108.40644979572245
2021-04-27,96.51343292856613,88.41686031896737,134.66983873680692,99.15018258565503,161.68180436213996,118.70838426377988,108.87063557028189
2021-04-28,95.31698049575174,89.1197208344357,135.00389771276588,99.24848250256777,164.4768742191341,117.74352962941745,108.5620042515774
2021-04-29,94.31498817239522,89.27012269630103,132.9525998431688,98.65377226810925,165.25796368170418,119.72539691746655,109.64882475515572
2021-04-30,96.10191603200377,91.4631700033506,134.03482581998983,100.37911152295555,166.07724110720682,119.79589024189193,110.46577942461795
2021-05-03,98.97427079207726,90.49865802014892,135.7990060626249,99.36996784136227,166.22910153010042,120.05585306619086,111.9682297409953
2021-05-04,97.86062368517186,90.44196743227866,134.6938104774828,99.83574602660765,165.75123100662134,119.52490618771512,111.27356180657884
2021-05-05,97.5399238437157,92.11992660209594,134.73566113494076,99.55635725429323,165.54891513227196,119.55385991672831,111.67316374654075
2021-05-06,97.91280375714878,93.26129475723238,132.4839161663649,101.36413811309733,165.83958582912973,118.15702329951006,110.40083773204606
2021-05-07,99.65999089227479,92.65130649872086,130.87899395329512,100.49264449397914,168.7809922511857,118.00373487269805,111.1833973123326
2021-05-10,98.72080659741684,92.89619884565681,132.31077107311626,99.79637929882807,168.44424972665536,116.94996469422301,111.20236084681454
2021-05-11,98.5183625096582,92.93522284564686,131.74777730828623,98.87275520386876,168.60032170267377,116.67265059272309,111.55990428418457
2021-05-12,99.32688980339131,93.23491542852825,130.347151443685,99.23277699429435,167.21445947819538,113.76933138479235,111.44132370029986
2021-05-13,99.79958138074058,92.62281339232679,130.698858996444,97.91873170975634,168.48445455606424,112.53822678220882,111.20644283908949
2021-05-14,99.46466226971434,92.57714271117665,130.06986983369174,97.4902703187829,170.8712381346383,114.24350984957339,110.28920010044654
2021-05-17,99.3713853393601,91.145920885658,129.5107060284692,95.45251733812195,173.73918848387558,115.24222287049693,111.20888834088333
2021-05-18,98.05369534306409,91.30567861434542,130.52395981349326,95.7205622317009,174.16252294815527,116.81910093694322,112.92313320391882
2021-05-19,97.85957107908992,91.75419332548923,129.06801021765574,95.28105409801711,175.2357913271774,118.49891508582715,112.34119973236348
2021-05-20,97.63827983474947,91.58238920271135,127.95591932037709,93.91127191545435,175.0369234504933,119.34681657171512,113.0099730133482
2021-05-21,97.90438379637104,90.15122037139965,128.20449730058368,94.97431767013657,176.03399496745297,118.85508673685035,113.54484940573042
2021-05-24,97.4011536129624,91.0832392368323,129.50515951058608,93.77795862784069,176.6581980451511,117.67569378765106,113.59947512902953
2021-05-25,97.90067456689636,91.45243999624813,131.17106685118333,94.56612097199053,176.83187545853764,119.08052311619879,111.92320076106333
2021-05-26,98.93673426790654,90.82720949052108,130.35372383441313,93.9430619129148,177.14648017420075,119.2051083338783,110.52005029029819
2021-05-27,99.13027471830547,90.60894150080914,131.634017562875,95.49793155986973,178.020050065295,122.26439073207001,109.7041432602988
2021-05-28,99.51938560795088,89.29506348339397,130.65810874411855,96.25492046566613,177.56818223332024,121.86755707102512,107.42544674715803
2021-05-31,99.61213643199022,88.41946210187385,133.1193571741857,95.32762234389217,177.2089761736639,124.34547940819023,108.99231723259561
2021-06-01,99.65207335602643,87.98039375988989,131.6712700316,94.49517635661635,180.33267015041628,124.20033886875572,109.43758950744905
2021-06-02,98.97519592094261,89.10346294930488,133.48554916084169,95.10713960115947,185.36164974779655,125.92120873845461,109.44857644557034
2021-06-03,99.3286664916821,88.57088268100557,132.66516068441598,94.89587710979343,183.21587654259076,128.1271719113798,107.1202954237209
2021-06-04,99.27178077290188,89.17540762290587,135.41726040220803,94.7732157470211,180.9951795863717,126.87391549928628,105.22635068189152
2021-06-07,101.4121627523032,88.73213747849883,136.2748819604203,96.02506235983313,179.34276633898958,126.31058335168474,105.26598492720474
2021-06-08,103.06157047488492,88.98800771331688,134.95128635024162,95.34694912190257,179.22929905429774,125.06255209939707,107.40376490892649
2021-06-09,103.5013904341694,88.89782360508944,134.30206597221897,95.4722159438322,180.91436386241872,123.58319636578273,106.69868079195967
2021-06-10,102.75571524633236,89.7132279375662,135.40946996992093,96.42654729372,182.0600032437515,124.46010870494781,107.6673923541959
2021-06-11,101.65963889682006,89.27041316618028,136.89712658236988,97.24880800959266,182.44643667307363,124.2653214509455,107.19480113513322
2021-06-14,102.91895043360506,87.91274873313932,136.8550842769883,97.1325556563311,183.48739769622634,124.38015378440814,107.29694130077856
2021-06-15,103.23100889751005,86.7408849464193,136.970992494778,96.89108765177804,182.29479440313105,125.12397220209282,108.65165963776523
2021-06-16,103.76935705802066,86.31527365650972,138.06888124997266,95.25898929400041,181.92306873347442,122.87052455968114,108.31974612021955
2021-06-17,102.01550952496208,85.27795378032211,138.30628528596037,94.29582691917248,181.95928494629518,124.5115913937288,107.61783817539896
2021-06-18,103.00723625935684,85.66275092650383,136.58342987620057,94.63435091892514,179.1710237379077,124.12732750660808,109.19847760066945
2021-06-21,103.51778607628306,85.2988015440221,135.53174530199453,94.5417660641877,177.17318269551444,124.83987131017325,109.29194541760596
2021-06-22,102.41560947270673,87.38349933163636,135.9051335598856,94.65048261436144,175.26726315053799,125.66743526851114,110.53528054456798
2021-06-23,101.97461290026565,85.91249893518942,137.62215450937444,95.67753363801285,176.68228314856873,127.45291223285908,109.82434897570661
2021-06-24,102.28479814826177,86.1220654703993,139.92012770212776,94.58607642761076,177.18717481085525,127.37027640394815,111.42469751139221
2021-06-25,102.37942136710312,85.1901763052225,141.0715258934338,94.40069907338668,178.34453523169194,124.74379976271864,111.77470432487564
2021-06-28,102.12157520971681,84.80479722114181,141.53399636286656,94.61685090895527,175.16365717005698,124.86501929765046,112.30665861753717
2021-06-29,102.05676056731853,84.95878928118388,142.65485109657217,93.99052589324867,172.6532165070468,125.16593998561748,112.49957526581349
2021-06-30,101.84065245306482,83.03918403377784,141.76355661994364,95.38380069116845,173.87161956187373,123.9276302509925,111.97713474635206
2021-07-01,102.036948307228,83.26937665199175,141.60312722849778,96.29290383474199,169.1744636733919,124.16020093199008,112.02004945860587
2021-07-02,103.59094325939566,84.90304250203107,140.497115561177,96.61132411846049,171.3274787428828,123.76226286741687,111.56997426219412
2021-07-05,101.00634345140698,84.55274543793044,138.8090895558691,98.3997515385613,168.29924817357687,122.16040190880067,112.69075959849076
2021-07-06,100.80770776872751,84.8066215920632,139.3285792081222,96.97462305098153,169.79249654224802,123.03265400750357,112.50715896601555
2021-07-07,101.02620542968039,85.71457160035253,139.6431382470461,97.00592541917129,168.35775961066054,122.38998543210084,110.8803600449954
2021-07-08,101.3662182994638,85.60839120957114,140.66296089458564,97.40089827311871,170.20103102208532,121.94239440548384,109.07738072265138
2021-07-09,101.03032678521926,85.1465342525245,141.48982395410025,96.5527878037175,175.82020017929588,121.42817888905948,107.25298222575384
2021-07-12,99.31071982441182,83.26400480265723,141.89030253428393,96.88231825259138,171.93733975143022,122.9868886956246,107.96100221331089
2021-07-13,99.67685205005485,83.83296001529233,142.73937405872576,95.85447952438051,173.20638808335954,122.98576194192552,106.76765535588953
2021-07-14,101.45415038948727,83.77164320662293,142.7355442753439,96.55731562377663,170.17073405153792,123.13232502455477,107.13137509393766
2021-07-15,99.9498301980181,82.96076001924011,143.38344731441623,97.6231955004717,170.96689482280837,122.63999928874112,107.32070891103574
2021-07-16,100.8572995665481,83.09908510678339,142.4029973142695,97.92858201104679,170.68200725596404,123.25826838819157,107.29419474759013
2021-07-19,100.56672021687814,82.64851763763761,142.98762764731754,96.16932884491564,170.97204127548375,124.98266872269706,107.80872554790557
2021-07-20,100.54527730803164,82.24582490932546,144.00417373414663,95.28215521994888,169.48817816663853,125.84533911383903,108.02272617924143
2021-07-21,99.53199610990828,82.77909378057531,143.10025508710268,95.86008157196675,170.8846196975994,126.76339980412787,105.1769673870972
2021-07-22,99.23934907397218,81.71125192343051,143.23172741267197,95.91876459633455,168.4948207234776,127.58523579981198,104.87908159936075
2021-07-23,100.57815084321302,82.60455858502968,142.39825789701794,93.40656248684145,170.66821087102366,125.8866917936064,105.36801363257635
2021-07-26,101.20635972987976,81.49062688228848,141.70716331046694,94.61252896483344,170.03918004294104,124.83851755445332,107.15345245704755
2021-07-27,103.01604101501083,80.98476025493159,140.17805059273428,94.77981587107803,167.73778802829005,124.63271955519326,109.01947307649793
2021-07-28,104.27783558031929,82.59015246856049,142.02046313015094,94.04427924909783,170.50273587732346,123.78083327687463,107.58648257556669
2021-07-29,104.77861542658637,83.55992185796902,143.59947570333384,95.02264989925442,170.45612227920998,122.51912717000953,107.2537755253139
2021-07-30,106.66456939967254,83.67498279263609,144.4310663227789,94.41876951977524,173.80852738312552,120.29480045406187,105.62938631784719
2021-08-02,107.17671097225188,82.92484695907004,147.36673908474117,93.80848983365253,176.0147568506468,118.73333644794847,107.29000152213504
2021-08-03,108.11104122377225,82.52010958886787,147.14696461125024,94.18292372831257,174.68535430361308,118.47652655930861,108.42557847014996
2021-08-04,107.83401523051306,82.61363746459814,151.7371079926961,95.91374259945353,174.606781386671,118.44166835101264,108.84990378810721
2021-08-05,107.94896909020333,82.67770705791511,151.45282292356518,97.52269739948036,174.8881910772974,117.55308883498357,109.0744691756762
2021-08-06,107.24161455669578,82.63565883580885,151.90056211090956,97.91328693062736,177.64903556525474,117.69297225773863,110.63507397933525
2021-08-09,108.35146058555661,82.64323479545128,151.35806649196465,98.40642693741003,178.49936981022734,117.230369281009,112.02817647776658
2021-08-10,107.12508516406038,82.49925113642843,151.9834428946875,99.22808663825776,178.88586860934396,118.56326536049468,113.37839607210284
2021-08-11,108.00966083924794,81.35069921795225,153.3200759478841,98.02781538887525,178.60009512883772,118.41914954189559,113.94292451975522
2021-08-12,107.84706564942417,80.96397651671418,153.20678915183188,98.70077043834179,178.58124124798152,119.29432444680582,113.5911249640698
2021-08-13,109.16130336271861,81.7405790311244,156.015563829093,98.01808648260109,180.99864618134274,119.58481777818105,114.51165706487203
2021-08-16,110.02804915282358,80.66197050805246,156.45168859581594,98.37009037555362,181.07776956391143,117.9670303264921,115.49613258533039
2021-08-17,112.09444637670633,80.541426248202,156.93820311262857,98.18585104935606,180.43608807281262,117.90728551505083,115.3222831078286
2021-08-18,112.96178030076175,79.91584348552892,155.58032226748722,98.7186816123928,179.49216549629614,116.50595163093239,114.96390176682598
2021-08-19,111.24434980836013,80.03688803541806,156.29529442310456,98.87488271577149,178.57236213390888,116.4266138259657,116.32073285525884
2021-08-20,111.21436996685756,79.75833872642747,156.14840337111195,95.92100011248048,176.156525497137,115.60854152198992,118.31995939116563
2021-08-23,109.96251421632688,80.97781543828482,155.26362232591012,96.13119319520389,174.9095872504215,116.09739750117197,117.48357274459647
2021-08-24,109.43784137904483,81.42163836182377,154.12434587155107,96.78919671128538,177.6212366053504,114.59520120103473,117.22143473219016
2021-08-25,111.14870770659797,80.39267246734295,158.36101808272517,97.26066743345932,177.3255672983812,114.65790401600293,117.68058900144227
2021-08-26,111.90433470528731,80.96648581500926,158.0075123836895,97.19981496898899,178.65052496389197,115.36224142148659,118.30192835121811
2021-08-27,111.16938704910413,80.37384361794183,155.78435706073,98.84870261768806,174.3463708848607,116.46060471195685,117.73265374492459
2021-08-30,110.09216448400893,79.94339577321425,154.76231832083602,99.19664132074641,175.41017190625473,115.6202809113532,120.01918608936595
2021-08-31,110.17232103168126,80.22675170075647,154.74441669971836,99.67161068883027,175.1974360253874,115.68707203205261,120.57507243912026
2021-09-01,108.88367313113247,79.86514680536358,155.65491937536652,100.75842377547599,174.4257489446568,115.94667193603587,121.26599041337354
2021-09-02,108.1986284848266,80.61365931571672,156.58350829133647,101.16488778502402,174.81158612110477,117.8015729101648,123.46716393353981
2021-09-03,108.58016904065444,80.02371313643286,157.70963868533482,100.30058831150059,174.01656409711282,116.11584109068367,122.96313873576956
2021-09-06,109.88582867771855,79.56175713745512,156.75859482413432,97.923659100558,170.4277991166524,115.10874582829888,122.90359979942336
2021-09-07,110.60104310688237,79.07286985131938,157.35610377970033,97.49654849356081,172.07565260815176,118.4299826668705,121.42139325707035
2021-09-08,108.13891226306535,78.65832267272589,156.0459974469973,98.28057837134402,172.56334672830874,118.15424708481011,121.2607977675646
2021-09-09,108.511948635964,79.5595150500253,155.1441041782393,97.97334670249008,172.09126936566716,115.98733584972445,119.51648412969722
2021-09-10,108.63358657434672,80.09338941390932,153.78834894875243,98.8009532492078,170.5047436280957,115.35975041511337,120.46181297189614
2021-09-13,109.12778458038912,81.5073142031598,152.03236276277957,98.98759455303222,168.08411574204908,112.25429377558483,121.01720982103468
2021-09-14,110.95021952790385,83.41008314559086,153.72042123772528,100.3109834987346,168.528263243914,112.57008268797864,120.73065496133228
2021-09-15,108.72798853742576,82.58780519504757,154.844536458137,100.05529952266528,171.3379427634997,113.53076216804692,120.65772705822226
2021-09-16,108.13043295548181,82.67904829446917,156.42681685725012,100.56448631828097,171.75508617315725,112.54545773145541,121.62864380653484
2021-09-17,108.81479125371798,81.74496526191129,156.55093297542686,101.11495392258736,169.4642395440414,112.06174001340234,120.30311768259384
2021-09-20,107.15017232847947,81.1442278136714,157.83488963853085,102.68582109457036,169.91411367170056,113.14684757248563,120.5972181428154
2021-09-21,108.78688889610706,80.66681985296775,155.14134277888454,100.98860340932892,169.89144360812415,111.2282455645285,121.49235211968686
2021-09-22,109.23203562513042,79.8504721614809,156.5487503767397,100.56694148565182,171.43429991429963,109.8118716950991,119.39395535486837
2021-09-23,110.20477506475383,79.0465496506783,156.88901801802348,101.46447642395613,172.54661538890667,109.60549306873841,120.26263239441757
2021-09-24,109.62120039413435,78.96415941517269,157.939138551746,103.0864252039776,167.53783540331077,108.82750917270127,118.31343478640864
2021-09-27,110.56111300662965,78.04041917707826,158.60391486234622,103.37554559731603,168.5212122859607,108.5515825429458,118.22166569583963
2021-09-28,111.79346903595251,78.73188005123653,157.10893861002614,103.11464108572453,166.905341894178,107.23127730164094,116.90100599608257
2021-09-29,112.09894544032836,78.04383228835535,154.83484666386119,103.93987149261565,164.61502225495533,107.50432795610006,118.6336223242715
2021-09-30,112.40696836287334,80.29973420876658,153.79776141684388,104.8886802820207,164.37079406924983,107.38696177499185,117.31571616134376
2021-10-01,112.75635766228129,79.97007214223268,154.73093025807793,104.553926690427,165.11373282262753,108.02154315663932,115.44183734836191
2021-10-04,111.83179492551591,80.05970292305699,155.86474138905606,104.94181527277064,162.49174170162252,108.28153879569405,115.64213180290798
2021-10-05,111.71160830146914,79.06096241632734,153.80862979517843,106.23050715788362,163.70613231263002,108.54898835236904,115.2107801990992
2021-10-06,111.58597826506964,80.45356201684258,152.36792760584305,108.30116584014282,165.02654385764106,107.0331396739972,113.53569373331929
2021-10-07,112.05942802186917,81.39185083651816,151.33044381615886,109.15206136731506,165.17014010659827,107.60470984952819,114.17991678217622
2021-10-08,113.23072830382459,81.66653536752807,150.85102567146419,109.24393935457934,163.80879417785823,107.29217864629238,111.97329787960277
2021-10-11,112.08328595709641,80.60625795683765,148.86982353927834,109.2285641598727,162.27721531648342,107.1564345069073,110.86331225402412
2021-10-12,111.98804552977131,80.80856459884926,146.82651780892598,109.88304481765559,164.01623220092364,108.3289482635173,110.27153660998982
2021-10-13,113.70492149471072,79.9393839589028,145.68305210213774,109.79992464790314,161.62085207758614,107.59541762684135,111.20419017903964
2021-10-14,112.90771486620852,81.14942429425601,145.8670987026456,110.05235947815868,163.41580073974887,109.10272864205976,112.69924775222802
2021-10-15,112.02793975385572,81.84147520138754,144.2127991892973,108.93784444708994,163.2113335536435,110.73441270920526,113.99454184733632
2021-10-18,112.29971952509372,81.95239560629363,144.1035222487942,110.40418680897103,163.12023075795523,111.61578698276298,113.86548901418263
2021-10-19,113.29728627790195,80.01185255727967,145.69530281753325,109.19619406804671,160.42181081895666,110.57082791805183,111.1793594758814
2021-10-20,113.35556558738259,79.26055744680095,143.86849836928604,108.76886130766943,160.25070538367518,108.22294011578293,111.65941252406633
2021-10-21,114.91802896016266,79.83948904095776,143.62923453355285,108.91862293806214,161.3015109993839,109.44057511594158,113.35891408278229
2021-10-22,115.95324185424917,80.84607750291973,145.16670712602922,111.15336269842346,159.22387835704555,109.60637726588045,114.81210470937097
2021-10-25,116.98026239057853,81.78049495783806,144.6186246245962,110.7288105548103,160.08382919780547,108.8361548519834,115.39100562096225
2021-10-26,117.67733007942462,80.52104970044938,143.8488945924265,110.03779587741866,160.29049023399523,110.16499629479948,114.07217732738579
2021-10-27,120.49676656280701,80.79654140949573,145.59056948800924,109.47713738894235,159.32564299135362,109.26363366633345,113.51991822159724
2021-10-28,120.2979163255306,81.65387789727895,145.20351976101986,111.35293015376932,160.75748222839286,108.84469687133912,115.78285028402615
2021-10-29,117.95887883216744,80.34307931854991,146.87491308364523,108.30824023473966,157.3188031966473,109.4612899739184,114.1997560556777
2021-11-01,119.91445611604559,80.3688699578152,147.56532322121637,107.27051891970345,157.92830237130286,108.29239633029081,112.94158620583765
2021-11-02,119.41461875086232,80.62149776601115,147.11910554451887,110.28486996686394,160.57088548105372,108.21717992183358,114.0567651453276
2021-11-03,119.59134025574951,80.4115393196731,147.88565973425554,110.98283680008056,162.96491472439462,109.44602495687839,113.61149299347124
2021-11-04,121.2162256718875,78.96747597745734,148.41967472485715,109.80605973992776,163.66685629542067,109.72120103776564,112.3217050740398
2021-11-05,119.33722923790948,78.74218936405403,150.00261528295383,109.80395369947193,163.23913147648776,111.1429127858008,114.09675682022389
2021-11-08,117.90000763524502,78.51628345347747,149.24201854917462,109.92200647663566,162.2694401492363,112.45497275478036,114.6698800762546
2021-11-09,116.07355592298352,78.4314748535888,149.36326134401364,110.90038153907291,161.8433523283126,112.50866970174206,114.27860616129395
2021-11-10,115.20149550966154,78.02198122035652,149.3311282802033,113.00446766249541,162.79096898536795,109.95408493018179,113.02190305005783
2021-11-11,115.75537128646212,77.7081759153293,150.44651802510535,113.48978939303088,161.5467445808836,108.78844731037051,115.40592522608631
2021-11-12,116.41029478080362,77.70840415829501,148.97162731806807,112.92399576345869,162.8401067348212,109.66590174450288,115.4238701435356
2021-11-15,116.77905332191143,78.08421776867937,150.5545741825138,113.86184562267698,166.41761535171452,108.02211480722583,117.09486992657847
2021-11-16,115.18690356583483,77.87801494720466,151.31880844568448,113.11480834707854,166.38120177803296,107.71286691724491,118.19322624436914
2021-11-17,112.60149842354461,77.59067110841802,149.3988648478839,111.99675873857177,164.2250271152251,108.12131169154695,117.62619769095197
2021-11-18,112.70779211257809,77.69343348501512,151.27544328831783,110.08698679429867,162.09622760146365,109.76586091537399,117.07120846066775
2021-11-19,112.22219597647707,76.24574292300836,154.75500192501582,108.42075726705558,163.42526841661422,109.1801601438595,118.82425086603081
2021-11-22,112.7840193212236,76.64098107650398,156.37572004097663,107.49615793788617,163.39300135650666,108.52325545983861,120.62308589335306
2021-11-23,113.62393648722798,76.67121186642696,158.68663699028468,106.28000937896769,164.89792714552206,108.50974974933278,118.42756780402456
2021-11-24,113.82664201773818,76.73233821268376,158.88570938332774,106.6560930347625,164.08594027246858,108.93475860074926,119.12809397443698
2021-11-25,114.7410600425584,77.50408014873715,156.33014508317657,105.42666114444113,165.52074793033324,108.81037516071245,119.03138360243027
2021-11-26,115.05037219190592,76.03565893441193,153.53505021650784,102.20482552421994,165.3250540286003,110.0020908454025,117.85487026148236
2021-11-29,115.70810673245155,74.57938198078976,153.98877367974745,101.18391235462785,164.18412636968023,109.17017845759236,118.21102980845428
2021-11-30,114.94157616793261,74.81378253589095,153.14112984209729,100.74788206429383,163.5924927078239,109.34516652823932,116.67303470377036
2021-12-01,114.78121657455902,74.83838770564115,151.8076335689098,100.17981127140527,161.71054720778633,109.87701242277168,116.17653572554845
2021-12-02,115.05331306145902,74.99584615396822,151.77310629331558,101.75438618123103,165.02576068094584,109.48191144242332,115.29870050157906
2021-12-03,116.0476517299891,74.6799356231436,152.77137713207574,101.17245188619448,164.9327423893992,110.44928349148617,114.76978403664711
2021-12-06,115.63786861952048,75.20780333909813,150.6282621267903,102.10847615210905,166.06560312012232,110.65818415204751,114.73366192310013
2021-12-07,116.28861465255515,75.94287263714405,150.0136342673028,102.12993895468428,165.24252091196442,111.57918131781801,113.61980063122235
2021-12-08,116.02628618131037,76.34184420061807,152.35676243036534,102.12758516688605,163.57881780331132,111.840698757108,115.46755515122373
2021-12-09,115.93635175739207,76.1734456873059,150.78756743495717,101.31850438492307,163.26197760055194,112.3073795051751,116.08496908211832
2021-12-10,116.94883590460263,74.61458714927733,152.1656332477009,101.29947587034336,165.13578262454521,111.64404655137203,118.23427591977318
2021-12-13,114.68691477803492,75.22084512603413,151.49040844725445,100.56761385236884,164.34382753363553,110.98642953407915,118.09238544587724
2021-12-14,113.25492057467716,76.17594077920585,152.38043411899952,100.77905225202733,162.98455192340347,112.39864724360864,117.49306916588952
2021-12-15,111.6332961701358,76.6991985488489,154.1233914908557,100.58146767513885,163.30344000081507,113.16048208523542,119.62519766780476
2021-12-16,109.1019970054447,76.05789562972741,155.33224557646926,99.67568279155114,164.18605907129677,112.05360299475042,118.98327116314147
2021-12-17,108.40785534126547,76.60273482719157,156.81361566248265,100.7095555838139,166.97244068811423,112.30136192348586,118.81884051506087
2021-12-20,109.26705062860378,77.29568061989778,155.0801381130309,101.1808076984737,167.63119153828302,109.71084563178195,119.72536066311011
2021-12-21,108.99980039198587,78.54142859447356,156.87959502638137,100.76876779056647,168.78170685005892,109.1266164680881,118.29993252006948
2021-12-22,109.25929951596795,77.88747361631914,155.60981206744694,100.95586031656963,170.06810201455045,110.22448994241437,119.19206068465115
2021-12-23,110.5000669398154,77.74238415598515,156.07662725009374,100.91162860540832,168.18571295181613,110.1306785953285,119.93736138977798
2021-12-24,112.0217431891344,78.35684377911025,156.54281468722434,100.07993935177765,166.6399475817837,110.30472627552112,121.51805727200917
2021-12-27,111.98910712169379,78.43320842400138,157.3670184674507,100.19058502916091,164.90944738031013,107.07001455996867,122.65350116610982
2021-12-28,113.56069680790442,77.59276113454399,157.96134341951128,99.61015377266872,162.79228482571963,106.69352005680047,124.3080923553388
2021-12-29,113.71083992959335,77.94631350707137,156.69672375743679,98.71281407635934,164.1580462952629,107.09787630933256,124.22058305069064
2021-12-30,112.8077172392121,78.43003219184335,154.65758857576807,97.16271946001872,164.70074517395844,107.6404005407963,123.20284922117462
2021-12-31,112.18404128581156,78.53045777266681,156.07506135842283,96.85364452011748,164.89767371781875,108.72476576270091,125.88037255145895
2022-01-03,110.57957342825078,78.73457581951206,156.42793111484247,97.44330544918365,160.7415759505423,108.53981091555316,124.02275732900523
2022-01-04,109.64567657653888,78.56256682100631,158.299556979034,96.80746729368606,164.14541727845435,108.40350998708037,122.31503185432547
2022-01-05,109.29753888865221,79.76446673288531,158.29206494248047,99.31843662140824,162.74914142086848,107.0118198385491,123.05743839947108
2022-01-06,110.2234565134935,79.08088618442457,156.14580143106565,100.24208156949386,166.18940521485007,106.83590709231142,125.12347949969806
2022-01-07,112.18142495581492,78.6492423905385,157.7247605533221,101.59876479649775,163.86382022186825,105.53876520490799,125.41103141798946
2022-01-10,110.68580601912963,78.6893523349185,157.20454409459603,102.45091518906904,162.6030097019119,103.64790505216963,126.72122958292833
2022-01-11,111.16592288033216,79.41580407407542,157.80621936676116,104.4086427961567,159.12391096680165,102.57024010717912,124.26689155835871
2022-01-12,110.0592048095061,78.2668123378048,156.85051630152026,103.63161398711856,159.76507623434094,104.17109403123763,123.69713945476353
2022-01-13,110.62713664278061,77.2788796875144,159.51472591088302,101.05198260881573,158.07852362204173,103.93119257132717,121.44927382238045
2022-01-14,110.52641596776948,75.75037598872325,158.18584803695964,100.64241686831181,156.4539774577265,104.20163747427445,122.44975539207883
2022-01-17,108.56461141567475,75.80546291553529,157.71605525620186,101.24628291948719,154.38303441288062,103.70941287928308,120.61799344180454
2022-01-18,109.62094525283659,74.99243951625978,157.94877706410222,101.44037253249192,155.6500629678333,101.90972488138507,119.13416369532668
2022-01-19,109.00333253189002,74.73449760814474,156.29558051884186,101.76089443788008,156.8241224047371,102.9093498799541,119.79602874656081
2022-01-20,108.46629212630334,75.26051159201803,156.8757603430099,103.15523496883074,159.75562067960837,100.73834593801712,121.12326906515294
2022-01-21,107.35508900737385,74.80914640120406,159.48873000569935,103.59152951090003,158.72739130447655,100.22108486380606,120.97925668470862
2022-01-24,106.69764599751004,75.01236569082717,158.77190934149922,104.46422771469506,159.13874063657983,100.20643874194928,121.71969552450388
2022-01-25,107.19804382748661,74.81808222531642,159.4642992536004,103.52872048936352,157.16293227102366,100.47785368997555,122.42501318078914
2022-01-26,107.03817613989186,75.3527740480824,155.20172372764554,102.44183047971576,156.69992365546284,99.79046581888402,122.21043509382315
2022-01-27,107.43351350482058,75.7419388246629,155.20338563584858,104.15042717141552,155.95136705953354,98.01230490526994,120.92824846644639
2022-01-28,107.86618118457308,75.24975769386015,154.7801927745207,104.29728015692186,156.74005125044354,97.26917138390914,121.6619498611229
2022-01-31,109.3439055670014,75.15300980842707,153.57991082984861,103.69075840669895,158.40561494961267,96.58220570005082,122.45911911851681
2022-02-01,109.01332808810193,75.97190493643748,155.31192716151634,103.08965513088279,160.04733153399982,95.87675679200053,123.60827552113814
2022-02-02,107.45816108741435,76.30186406717185,154.8679922541364,102.46362080103957,158.7675957264663,96.8500754795315,124.04422572347214
2022-02-03,108.65457318413982,75.27346996152892,154.6552299137428,101.78046871776627,160.42493683460572,95.72008407816939,122.65225570611769
2022-02-04,108.33831910041121,75.79891122725206,154.1346217181276,100.52301922924876,160.41838338984041,96.04702681306169,123.55131348208668
2022-02-07,109.59643422198681,75.01122901761602,151.26877611890043,99.06562846645353,159.9624866919029,96.23767418313959,123.59903687925424
2022-02-08,110.061424077088,76.10872828745826,149.62592776113542,98.91219135342185,158.89668556453356,97.20532124698359,123.0530272485993
2022-02-09,109.96116250837606,76.9229246264319,151.13134592651403,98.36678948208323,158.0726688554654,97.1148342545336,122.74008873835989
2022-02-10,110.38949709231464,77.17710119771696,148.0351569963688,99.50171047114263,160.91527676755243,97.92534927069674,121.94455182169746
2022-02-11,112.60939170227809,77.32947000015774,146.96385017081974,99.83367998789547,161.4752859668535,97.79595779830399,123.08250291753554
2022-02-14,115.01872315743584,77.19886866273204,146.43614143238443,100.13895565672048,161.82220319090342,98.26099669615506,121.39791921970291
2022-02-15,115.14460077307285,77.75555860451881,149.07144049399946,99.4373277586322,161.4629577815851,96.83396000684579,120.24590799506447
2022-02-16,115.3753403149021,77.49878510058197,150.28172438122948,99.35678790174708,165.52720117880065,94.35034972749406,119.89917129957877
2022-02-17,116.67042085268808,77.71264293097028,149.50651789276355,99.75600962455981,167.76859912532208,94.74513026740318,121.89849118090228
2022-02-18,115.73422906525555,78.42457246020066,151.5302275449483,100.51321970633312,166.62987287430064,95.19260672286102,123.23972772098375
2022-02-21,116.16680559058163,78.01641373495829,150.47244362565405,100.45906588989202,166.24105475130094,95.68459384453509,121.28256321437789
2022-02-22,116.1832294294193,77.568181404192,152.0593593464881,101.58964165609812,165.95164100161233,95.22171137825725,122.98181848379355
2022-02-23,116.59513988122802,76.67790947609609,150.0670499921998,101.63840552283641,166.26038544554882,96.68953729285832,124.70247865227773
2022-02-24,115.67377017491654,75.89637532882905,151.74701701095123,102.48843285521741,165.16465518048312,96.28441048960283,123.29633015104258
2022-02-25,113.89514313678919,74.55111326776141,151.1924359990444,102.02842183709073,165.95738719161957,96.72918929557166,120.27443180535258
2022-02-28,111.60305160631805,75.12724396491552,149.7052548912281,100.23581262942652,168.4521836661044,97.34501984592539,120.23568367512931
2022-03-01,110.40711205831182,76.52920307870605,149.44029634160898,100.545375804529,166.3203340404454,99.07220967354692,121.64148748449838
2022-03-02,109.94583107585436,77.65886405301163,149.9152897074785,101.31782586269675,164.52033582428925,98.79813012382438,123.6420516681123
2022-03-03,109.6678095937238,76.43684559693784,149.23510002853172,101.94320455298922,163.79286300047465,98.19416063989807,122.61905534338509
2022-03-04,111.85777469060163,77.02371788030126,150.1241247204015,102.41546296368125,163.14422792095897,96.77273542688415,124.83616897049392
2022-03-07,113.14703065641653,78.15815971383485,149.3111690524894,102.09990932296313,166.50399484411446,98.32604692541697,122.1345010954833
2022-03-08,112.1085073622252,77.83306668413798,150.30044164039342,101.32005566547085,168.24754791977682,98.78078232298562,121.73449458557756
2022-03-09,112.54400520663597,77.94323745565308,151.0269738707868,101.921372403063,169.91182362222628,99.26903464270687,121.27616406315755
2022-03-10,112.13163797542691,76.42439154912576,150.99537771997532,102.3978925050596,169.5310271288856,102.45264874789908,122.73083975428302
2022-03-11,111.85796331834517,76.6591726944249,150.39052368193478,101.86588961599203,169.11396333328696,102.82733021578032,124.38438967899617
2022-03-14,112.11029217467254,75.87852230088572,150.67885893942062,103.04351578640467,166.74334480270272,101.53747699050248,125.62721670743697
2022-03-15,112.85173183321615,76.06057185151087,151.57087653808426,102.17864748536634,168.11918712741635,101.37929976792772,123.99155067957004
2022-03-16,112.51451827325015,74.91229218492595,154.7903063956945,101.6247891863166,169.01436665446084,100.43603949168876,125.11578817178695
2022-03-17,113.76339168076323,75.35019959100774,156.31380280637137,103.34281323240033,171.27041723172528,100.07925458925317,125.80461560365836
2022-03-18,112.51667104153964,76.15659650029548,157.9100303581432,104.2860458993856,170.978086234099,99.71703470027217,123.76909465072983
2022-03-21,112.56882229416907,75.59271393790505,162.92835506082073,103.95493333211306,170.80415472575686,99.17304742645163,121.2855340806999
2022-03-22,115.57752600210294,74.7680516113262,163.8366917094921,104.29581942375543,171.1632982657851,97.83999624404785,122.60005159790595
2022-03-23,115.88198737253632,73.20256386401935,164.6985090392452,104.49917759002187,172.7658202267903,99.45034449807586,122.42841004499958
2022-03-24,117.60181489001478,73.03701084009032,165.92846061249082,101.70973922959207,170.31248230674822,99.78790162547718,120.91340526594783
2022-03-25,117.75658676230437,72.64251606377894,164.32843465438756,100.83225789859655,171.63934471142161,99.60299450245593,120.71023374685954
2022-03-28,118.48986634217586,71.55312472893249,163.6660480134535,100.82132160277943,171.6728252656886,100.40064260842439,121.19893930106724
2022-03-29,118.46998162626396,71.90676609738946,162.90486278187748,100.50261452559187,169.9329782975627,100.9150708540481,121.14701531586849
2022-03-30,118.31558848088291,71.6125731179298,164.02887940690238,100.79157471719074,166.49379750096384,101.23415377327724,119.32906741297123
2022-03-31,117.4438925228389,70.87468383595514,163.80894195909147,101.97723388014161,166.3332522089205,101.97076642438057,121.64908141990611
2022-04-01,117.99753361571024,70.51091898977154,164.10114817930577,101.69053524356697,168.82631240560937,102.14828335272284,122.92601838684672
2022-04-04,117.04381487349531,71.29888024815725,165.96178335522512,100.66092446191657,171.74611244136753,102.87634474277834,122.5634583701658
2022-04-05,117.87257913205032,71.75876388648592,167.46745744633202,101.02885831251531,172.42649987139967,103.69551385914811,122.25120397923499
2022-04-06,119.20647494938939,71.69419136798768,167.26373838695443,100.73970062561479,175.91327441848193,103.90593730494184,122.7405589338949
2022-04-07,119.69207309522602,72.16829207570039,166.21329737397735,100.62284642800509,175.90810073923083,103.7186656802628,121.410411488475
2022-04-08,119.39769548039165,71.36386593809848,168.17828463996094,100.3698232018885,177.66410895945967,105.36031782252306,121.85153788967588
2022-04-11,119.98893806377609,71.41553073243753,169.55265823283386,102.68642985427263,176.93499945417022,104.8999520784646,120.28886720888967
2022-04-12,119.66699280131341,71.54943334452662,166.91771700189742,100.4512898354659,176.09725752966762,105.3533769773219,120.25214355226133
2022-04-13,120.84011357899536,71.242547783977,166.4623968287717,100.10199265028173,174.97819231977263,105.83267177319465,118.90264150343278
2022-04-14,118.69465078307041,71.58208295066191,166.80485457397168,100.1383472591153,171.47818568976982,105.23160681205049,117.62765622574867
2022-04-15,118.34429873814804,71.05402264109705,168.1763095705667,99.39892289525159,173.76902658434534,104.42670902561618,119.62733942931078
2022-04-18,116.05799719228757,71.44576833387471,169.78176987615188,100.33750325129004,172.7267143395037,104.09947746904895,119.74609963736353
2022-04-19,114.38150927307342,71.8698802142881,170.33259481361486,101.19730364238184,171.41650072120882,103.62978490277203,120.04272603905481
2022-04-20,115.99859233058396,69.83153272347145,171.4009315519163,101.18945648182628,169.4734970428674,102.17055063109048,117.69940171589353
2022-04-21,117.08848204461688,70.69598082665549,171.57951597119393,100.95630797214187,169.19518014074924,101.5476890629962,117.04563641094987
2022-04-22,116.29558579094986,68.60136258939895,170.4953957993479,100.88368913920796,172.27428445088654,101.8591280327565,117.63375595707868
2022-04-25,114.60713574500983,68.20732113429638,170.11856724751888,100.81835114037507,175.98973548235475,103.198074694584,117.90950192545786
2022-04-26,111.30395369309672,68.93785092221125,170.21895181514606,100.7796715078838,173.16016984971844,103.81330172538068,115.44302280226344
2022-04-27,110.74495174188445,68.74696019256609,170.22800898094553,100.63062881766666,172.61652635179016,101.18988134867952,115.72867912088797
2022-04-28,113.50353428854314,67.77345915145861,167.1151404571309,100.92535315150468,170.9086060013924,101.88164560121444,116.200141991588
2022-04-29,114.04382658663981,67.06305456594723,166.5187982269749,101.72908867860674,172.67519136420174,101.3551093415903,117.74858152858987
2022-05-02,113.45282314433052,67.78238461220944,166.67907581001103,100.52542544981856,173.24005930600987,101.85610533108058,117.02637949673857
2022-05-03,114.02730046550924,66.51897876482263,166.27724767956863,99.51456805504384,172.20963889153364,101.88245355600576,114.47754474156666
2022-05-04,112.30611515052166,67.30114251220377,165.93370215425566,97.8287856727629,172.4036097461073,101.72701035773615,113.38748010137829
2022-05-05,112.0174967790087,67.29097939444635,166.8121347663749,98.71953400443948,171.65113119354987,101.66371950910893,112.19521331031785
2022-05-06,112.17384496275284,66.51997234725584,165.08800012277095,99.00655625119946,174.51427979710544,101.68158918136459,113.07003650926961
2022-05-09,112.12214400720669,66.15967166067416,162.48703982504466,99.54788133479177,175.54162005362508,103.09906330976581,110.08359733766679
2022-05-10,113.05754193461684,65.51629199660161,161.98707462081617,98.17423080316829,176.79208839440673,103.12003559914997,109.63498045787196
2022-05-11,113.49324980012223,66.11271553380311,163.2948871303643,99.98230763706525,172.20837489715439,104.28724522126703,111.2538406435441
2022-05-12,114.30000587576303,66.62536591250627,166.1404010287158,99.41517197959024,172.16224872725846,105.31418536049837,111.30637872299363
2022-05-13,113.56131364471594,65.51595909393214,167.51191827239705,99.62237577111287,175.8566981492302,106.06144323278863,112.35345338286582
2022-05-16,114.63131863569431,65.27818076387895,165.13641088804155,100.517379440262,178.2756127518097,104.22503828700205,110.56811457525593
2022-05-17,116.56049667001977,64.74302582056647,164.81904788230406,99.56999306439228,175.0829467686697,105.4375376803881,108.85447053202329
2022-05-18,115.48133645246746,65.61216265747089,165.30868369994943,99.06712009423012,174.6048786423013,104.99783225317567,110.47445104813154
2022-05-19,114.50654365557365,64.75818448775955,165.6687723295467,99.28448537404539,172.5885417303708,105.79433542107206,110.630568152974
2022-05-20,116.09279341497461,65.83175923243911,166.63128431656438,102.2033084607409,175.63735840991288,104.8123542721001,110.7891869968382
2022-05-23,115.91722684139188,65.83617357137105,165.17623646096087,102.55254456062745,176.13736764753958,103.61902052572263,109.60112630741578
2022-05-24,117.60300508813286,65.10166295649653,165.34966848994932,104.25490486060716,174.86010128861264,105.7295899170247,109.7555333309167
2022-05-25,117.13056250738269,64.68810601054845,166.112565309953,105.56170252885242,174.9898220369764,104.76449910304628,108.54839306704937
2022-05-26,118.8948735652795,64.19730061310757,167.5567956599068,105.99328472047327,170.55437437163653,106.01451639648518,109.88834414874167
2022-05-27,119.09893632969397,63.40958159398525,166.27868245355103,104.99196072424486,168.78142660014163,106.18259803671435,112.97235064136227
2022-05-30,119.45465384853806,63.49513240139042,165.77204504785433,106.15298611094653,168.91049873862798,105.77974283487836,113.5658125032154
2022-05-31,121.38702731190814,62.74532619924585,161.41447651551178,104.61638831259106,170.41314186819926,105.77463497677935,112.89216272116984
2022-06-01,120.99706741893417,61.41661678828611,160.47863613905582,106.34717378391443,167.20366058385196,104.44909261460931,110.11182799907795
2022-06-02,119.91163399416101,61.208352903817584,159.70313356701897,106.60271918473214,166.63420833169553,104.47650952467022,108.31588578667358
2022-06-03,119.42271742555408,60.1387927639784,158.1463438956851,103.85615162383348,168.3925562706984,103.39275105434638,110.05722356161358
2022-06-06,120.0121257462876,59.712029240481854,158.47184651567585,103.54452601961393,166.03246888441794,103.02590029731185,108.97391332494306
2022-06-07,118.1949281313314,59.19531889421018,158.446579509599,104.26556994233842,166.48000186156736,104.02522433920083,108.6139853197099
2022-06-08,118.99838289094677,58.705317197367094,154.9690407600523,104.06034411651413,166.65652173281904,104.3317074518,109.3718382925723
2022-06-09,118.40633080902951,59.91578160776324,155.36550529269192,104.84897913540905,169.60610878725743,102.837864121257,111.04953191122252
2022-06-10,119.82116233666609,59.97357520717396,153.99146800629978,104.00310757193229,169.28393257257974,103.75875016579279,110.8724527174773
2022-06-13,117.03320690736676,60.14496683857424,154.80311565359048,102.6947458516343,169.0613004291087,103.79289265781004,110.46887392115106
2022-06-14,116.1627304219225,59.10962549726199,152.8925787966541,102.66245815165726,170.581121776618,103.27296662985373,110.59224925800628
2022-06-15,114.26580703385324,58.74782598260101,152.99965107316467,102.73595552119433,168.40090643733035,104.0885945561646,109.94427312015729
2022-06-16,113.37093806049101,58.898002347903066,152.62806399328156,102.4196219238051,168.0965728051005,103.95627092757051,109.35893319578236
2022-06-17,113.69753712290456,58.32097962431364,153.1526331465346,103.72583601086663,167.3992038824681,102.792636951345,109.85422268620763
2022-06-20,113.53935002358155,58.87652847707088,153.40507919279744,102.88883693035302,167.23370815635815,104.7515988932838,110.10199393090213
2022-06-21,113.2973408072154,58.19593736259782,153.0753612643457,103.2528473175766,168.7260423858334,104.77539336206891,112.51912495666714
2022-06-22,113.16238795496407,58.05273874936226,150.80198736028973,103.36438959229606,169.73153170207414,104.73204082266628,113.05921352687258
2022-06-23,113.43814734688912,57.73660473038813,148.65014942157774,101.80847463880127,168.53292653276304,104.35035592480853,114.41396583343837
2022-06-24,112.34476146985534,57.85469314030498,147.8438553256732,100.51460564494015,168.8309861282041,105.63119150804133,113.24009494581875
2022-06-27,113.18694893985469,57.50832245349766,147.89075900674325,100.5667973436573,171.43471928382186,105.12024829050286,113.88189146929979
2022-06-28,113.98507591240374,57.3756925778053,147.05275602692052,102.62013457346409,170.0833977195612,103.55005491007994,113.106749444255
2022-06-29,114.47058680010439,57.26327186075936,148.03422932375386,103.25760187186543,170.39862743139415,102.89081130224626,113.60035039647607
2022-06-30,115.15548291866484,56.867020065639274,147.6805237171975,101.53164332142252,170.13784350032253,104.30675108774707,114.43096744220765
2022-07-01,115.54353907150498,57.16641065410404,146.32075877582005,98.46150170129972,170.09870776424466,105.22042222923642,114.53385145323891
2022-07-04,117.96620128102839,57.32577702147276,145.9727888893895,99.22561156195502,167.41442517432802,104.99442490352993,117.37144885734368
2022-07-05,117.91065915599117,57.29791547246339,146.36138824291044,99.1698490642287,169.86091494039437,106.48879879745854,119.10714665794609
2022-07-06,117.59615974728175,57.07462719412979,146.89641410305617,100.34825509519135,168.61810695977715,107.33118340587467,120.5658327248267
2022-07-07,116.76006514411841,57.55408421937168,149.7416481877821,99.50814575465911,170.42531327882426,107.08825768627214,121.53943710460501
2022-07-08,115.60722765047586,57.44148390473002,148.80286412107773,99.89719754647794,169.43737497700496,106.95350786564293,123.75111401065733
2022-07-11,114.22312351414293,57.28849312687873,148.7530552518984,100.78639409429577,168.4482098940949,107.34923643321682,122.03436806833943
2022-07-12,113.25770373542541,57.37144386095584,149.44804736804437,100.3765617120951,170.57235485802826,106.50250882679211,123.76759110871119
2022-07-13,113.22296116951745,58.37644985823901,149.472823485347,99.98976944645982,172.34502405938744,106.54991838715999,122.59584087752857
2022-07-14,113.64754329693716,57.62226225838931,148.78590778076187,100.05504689944932,172.7741206501229,106.92190693109987,121.95470525679433
2022-07-15,113.75117122453162,58.09081486310331,146.55720651247398,100.63974578806676,174.16386099054807,105.17536121044861,122.6903414524722
2022-07-18,112.92885306023788,57.024206201564354,145.86878646694404,100.6655792957516,173.73150940538042,105.01843021591937,124.2624465629879
2022-07-19,113.99559954002197,57.17110305988208,144.36870385438277,101.69151727952057,173.7864734959697,104.7425357772512,122.88636507712202
2022-07-20,114.8875672278344,58.101960553149425,141.95419055762616,101.2633489153384,172.7095251406745,105.86725298558868,122.30704171304416
2022-07-21,114.75018840031788,58.40994071045682,140.88551573503375,99.96704547047747,174.34773595143258,103.97401467512348,122.47536884769292
2022-07-22,114.04901696110754,58.53309634675157,139.47378998867498,102.00382780315196,173.21223838835675,103.61954277203027,122.29623766912825
2022-07-25,114.72209155768067,58.229252520376306,140.34652790576465,101.429502721239,175.87424410629646,103.1628081921269,123.39450736987578
2022-07-26,114.98392596869347,58.270637473842044,141.24916832575792,100.89492026690674,175.3897912981254,104.19968559548671,127.75902544465929
2022-07-27,113.37615227897264,58.14719805027957,140.03420149325163,100.86888938524517,175.49594925636026,104.1959901468903,128.34719887263125
2022-07-28,113.3444337790054,57.71504742995487,139.7261454273184,100.97705973892128,176.90329753872356,106.1267986353567,127.45802804068254
2022-07-29,113.6872920767874,57.57101163008238,137.20854246629665,100.62759490885863,177.01631188990135,106.87465792808008,125.86652691138869
2022-08-01,112.71411751313296,57.708413781145474,136.58656326274303,100.65030519794074,176.56036032512995,106.479714905518,125.50799931758692
2022-08-02,112.9734814162487,57.290270593239036,137.18747152853737,100.65054451301845,176.57797584032326,106.77791146027451,124.38318436613993
2022-08-03,111.3863611407562,56.85294338405379,138.37920439451528,100.86699373953198,178.2346163551831,106.44308141867225,125.01609577121755
2022-08-04,112.92984097783017,56.10727925183944,137.45097441407427,98.55629233436838,177.12792818032383,107.40474442879957,125.63271772337379
2022-08-05,114.39372767616518,56.34946855557283,138.9599625480985,100.4677362668866,176.97524420052574,106.02579136509324,125.10220328336894
2022-08-08,114.15087931432974,56.68026226486356,136.92439787804466,100.36000392943754,177.06426163913414,105.19811895787115,127.66128934760579
2022-08-09,114.61235628706147,56.83444945510535,135.28080500229808,100.98479761472647,178.6732249871854,105.72086996971788,126.77655233886915
2022-08-10,111.92806630431062,57.408613399710575,136.29876446851225,99.64251923363292,178.56632931693076,107.06754352307053,126.67589235244543
2022-08-11,110.68550849174468,57.48206738907767,138.65106956281005,99.21398387305936,181.89745895278037,104.77761976560058,127.53915588353928
2022-08-12,110.40496813024482,57.730933384326,139.39265488800763,98.58861734095716,181.68560171290133,106.2702002130643,128.73344791013594
2022-08-15,109.27130252947089,57.92977559053306,139.39217762714492,100.08832536510425,181.32679377411912,106.16383967261949,130.44083294715196
2022-08-16,110.09875861778701,57.89992626577942,136.42016131364244,99.54351783576121,181.08935302497375,104.22424798973111,131.05337741091222
2022-08-17,112.36480143569025,57.61643707173704,133.7423347887783,100.34113330105512,178.79218581504185,101.18267333234331,132.4908820539517
2022-08-18,111.09487730708855,58.92994814926173,133.9690990847158,99.73049612414522,177.01896784909255,99.68683971471877,131.6652539459475
2022-08-19,110.21245947282716,58.6876849957587,133.54367031546687,99.3198370197846,176.15252180556124,99.7070733556959,132.93277725241998
2022-08-22,110.51645637917184,58.321518927397655,132.12787332781596,99.11589460450536,178.2360008158261,99.68125452356986,134.19458288725747
2022-08-23,112.35635910360138,58.59862489219928,132.26738488465995,100.43675935616557,178.24825307381934,100.35457301094726,136.2947369863065
2022-08-24,111.0357092728678,58.769897377831605,132.47273232556296,98.59590632098248,177.45744202404344,99.8445796080458,134.09323808327196
2022-08-25,111.35710683510037,57.973259375423346,133.78325483657738,97.34614261508843,179.71929553078206,98.78387348311982,132.93543157038826
2022-08-26,113.449205086163,58.651235558970264,134.0197278658316,95.50704892485527,182.60182008314635,98.41601094717397,134.0878179480447
2022-08-29,111.63533402763592,58.61945838245176,135.73045298164627,94.51183212148723,184.982598837569,98.48848192497411,130.63161966811904
2022-08-30,110.25842414851583,57.995033920542504,135.7956111301168,93.78538501376563,183.4846220323634,98.75552331475116,131.32843986940765
2022-08-31,109.83627576152679,58.71206403849363,135.69334803830733,92.3203155949866,182.65120931163113,98.01844620361086,132.7807676055699
2022-09-01,109.30968173558122,59.104199633772495,137.2001306961611,91.68169525324956,186.06865803938496,98.94559508948522,132.07047106496586
2022-09-02,110.2456418237834,58.38485720409008,135.91861113890872,89.88900208119136,186.5925069200306,98.37199764811326,131.55614936223384
2022-09-05,110.55659710196859,59.455515255558446,139.85423947317662,89.01418256777927,186.16825491259388,97.55916487444057,130.20268847337678
2022-09-06,108.65502555921272,59.87244387802132,140.43620214660882,90.1252091014782,187.58542482626171,97.0702650373465,129.577208376591
2022-09-07,109.26018588046409,59.89029085138073,141.02844405638137,90.5258817884844,189.56032875500995,98.15849810932359,128.99210773502185
2022-09-08,108.67444559427175,60.874635319938974,141.82764611847338,90.73203327961303,188.55558342339128,98.0674527547815,128.1655527902801
2022-09-09,110.11234332030364,60.996078095228725,144.57290676842268,89.86267642556017,189.04540707539402,97.42768400472211,127.27448171568349
2022-09-12,109.46723406175573,61.00334738517412,145.78151081128652,88.52826132134855,190.88150368663497,98.37350186420417,126.9808109003894
2022-09-13,108.81608018660475,60.6261147473828,143.5177096455709,87.56052576357287,188.7550163591478,100.54435397196377,126.67248999160037
2022-09-14,109.45028582609875,61.004293141604435,145.6043692062388,87.5577152673729,188.8538469002685,100.79570942849043,129.12052307785672
2022-09-15,110.33262869796626,61.32025857085742,145.16690912105014,88.35651587680005,186.83568160260532,102.08790074139435,128.66400630293546
2022-09-16,110.87247798553972,61.35379774282212,145.38068684571178,89.193094524571,185.0810278536795,103.19237799189081,129.15921993443277
2022-09-19,109.06289353464351,60.89537383931285,143.5901683597841,89.79324453384685,184.11539666423488,102.61032858457848,128.4676442202592
2022-09-20,109.69514016167633,60.998941230308226,144.40548478173352,89.16906512724951,185.06995934049678,102.67872492125325,127.7635281427614
2022-09-21,108.6098371200295,60.980766994479104,143.52532006627473,89.226642190295,184.54875547821888,101.41078958330463,125.65466792800433
2022-09-22,108.90922594035104,60.19707578274566,143.7266400496245,88.97596249733645,183.42933622844157,101.24365820166643,123.74509336218263
2022-09-23,107.41259009075725,59.3413077328097,143.3762325953701,88.83265788103387,183.5973510571206,100.6519136970409,122.30938389775565
2022-09-26,107.93623357067284,59.70150242754211,146.22145688020336,90.69712242187506,181.57620412113832,100.28732395918108,122.58329236621609
2022-09-27,107.11195906314205,58.19144223102797,149.20853682146367,89.14868804336761,182.42943763930185,99.57791025485513,123.9591992518001
2022-09-28,105.78918439464817,58.33442553232877,149.337677710783,88.97530503906316,184.57895693521607,99.33216016230429,121.81284724303126
2022-09-29,106.58965784332015,58.079431248425486,149.49303636546782,90.09605228437339,184.5066087079249,99.90220067429492,121.19430206749841
2022-09-30,106.89028492644141,58.86778776245595,148.99539249085797,88.8204959737106,184.2067544873293,99.822818061965,119.5968080711619
2022-10-03,106.27851687093342,58.60144540488783,150.71271055436964,88.2858600654304,184.9699160656127,98.01818896198705,119.32888038786149
2022-10-04,107.87519471015703,59.01279023370801,150.27790001594585,87.85516221931522,181.32817331600924,97.32850025497254,120.66777120977257
2022-10-05,107.44385479418435,58.80254084504072,149.70592563651383,87.69428022179683,182.37712824260365,95.89922149057398,120.17779277829142
2022-10-06,107.52135799822182,58.89301820160252,151.2386121776654,86.34035535095673,188.19817583464783,96.17202030888981,120.1687593865411
2022-10-07,107.85401948569788,59.352302314821735,150.48686606894387,86.89060958654134,188.04264499702975,96.69596163783073,121.97905711598631
2022-10-10,107.23063499545617,59.10203490063648,150.4902444851686,87.50647925614892,187.89391503984888,96.98313738951116,122.58790645183808
2022-10-11,107.78013283365311,59.717846026601094,148.18850615959613,87.98766133224484,189.37204872678183,96.26098322757343,121.7083315954451
2022-10-12,107.24959928006396,59.15102537127903,149.2954243957383,87.26006004149843,192.59064356117435,96.53750806174222,121.95066901430349
2022-10-13,106.85175839121645,59.34927194293951,152.28225298481004,87.37052329273172,194.55533026771965,96.12317816213913,120.99401971168953
2022-10-14,108.36106707425365,59.92335032994925,153.4458874541844,86.62284339119832,190.48253835778465,95.07330449841284,121.5524601811238
2022-10-17,107.28222770971405,60.34430796012059,155.76772756348848,86.36975828381792,191.63538240615568,95.8196251616338,122.22936763054273
2022-10-18,104.76661907021342,61.536535692190796,154.51712791137624,88.28518153114047,196.70670613575518,96.64532142486433,120.61790571064384
2022-10-19,106.51060639736967,61.09296262405529,154.94468670802303,88.40506175914986,198.0140976670012,97.60578379854944,120.87769379810985
2022-10-20,109.3045311385211,60.28029026516874,153.55158881322808,87.39638864559413,195.81928319038593,97.05261614213016,120.78396139318086
2022-10-21,108.90600357298577,59.70775061048985,153.26354234538283,87.58916607665832,196.45050283510497,98.24328368974714,121.49222642999197
2022-10-24,106.85970193710503,60.12743722726272,154.51343544335788,86.44767832825066,194.02822401528897,97.79867867878109,122.55547090972718
2022-10-25,106.57105411538986,60.45174799086052,154.73272280541673,85.45152466570286,196.51360587158823,98.4792710386489,123.1912772788887
2022-10-26,106.30897450475116,60.53780582523815,152.6233084404785,84.60031760697632,194.72198904955803,98.01660990204165,122.86747232861894
2022-10-27,106.14971142331828,59.885744534314234,150.6896702567268,84.25896105969873,194.94457364755132,97.8364426109752,124.0692173075226
2022-10-28,105.01640637603036,60.370897659178105,148.68216679797715,85.0861792382195,193.35685677322755,95.53430072481429,123.03993607330167
2022-10-31,105.66906695108973,59.65990067376025,149.47444545214563,85.61398091341552,192.380080248606,95.2844111566659,121.47442736470673
2022-11-01,106.26726347060756,60.3794979881967,152.6525448440461,86.09734300253996,195.33860846131338,95.40940136651555,117.70139889062958
2022-11-02,104.73289146201611,62.15454807419829,154.80851600366802,85.1904472325416,195.6190367901265,95.05699168930913,117.6659279147094
2022-11-03,105.50994200056181,62.40769004822281,151.9617919647015,84.76444399098581,194.60601001775396,96.77982033387299,116.74989830569129
2022-11-04,107.74119786162926,62.79777149468375,154.19836839469616,85.02932299231777,192.46701213713393,95.69957371608434,117.26209647861887
2022-11-07,107.96980865930148,62.514028615416095,155.71133619872796,84.53054712939215,188.97368237252707,95.19981815896259,115.01922592260551
2022-11-08,107.64926401679959,61.41713428204413,153.38496688579067,84.32929462773551,186.698488067479,94.38001125976727,114.32296975150524
2022-11-09,107.53951429085646,61.072498750071325,152.98178599522078,84.73619956823971,186.98240934140657,93.88696285224209,114.90781634071128
2022-11-10,108.24648795223246,60.43284268055258,154.72882871944304,84.47496085732615,188.89983148553856,94.89828809766449,113.77602790591186
2022-11-11,106.43177892728555,59.58850369165493,155.64510190538866,84.70001384584732,187.9194413427227,96.34986410064195,114.28832429097776
2022-11-14,106.64953805232109,60.6479760471842,153.68229887991936,86.09428644323316,190.97046899612243,95.71529023567716,113.69895273580859
2022-11-15,106.27642406608275,60.83801796212177,154.68563541096404,85.98083836320802,189.68101621857505,95.06377506546482,113.7071299063076
2022-11-16,108.30179455666433,61.093884111462614,151.47489366300934,87.03565304260138,189.30579718182275,94.00770023993474,114.4316483284144
2022-11-17,108.156580518755,60.92974877880414,151.1982169569392,87.55888517682055,187.3480121545369,95.28186990542422,115.573380490129
2022-11-18,110.01963753227724,60.848844523154646,152.98979789694346,86.31808368128581,189.28911063820956,96.39454320869685,115.72660793373761
2022-11-21,108.85551646418091,61.46318250798084,153.07916117828378,85.4061190818858,193.37873786766164,96.3309613325367,114.83432969177711
2022-11-22,109.54046863660925,61.467892539162314,152.378233067885,84.73102195157828,190.0776111950943,95.03343569207645,114.35527957179066
2022-11-23,109.93486567731902,61.81968896133374,153.80095523620852,84.04340925793696,189.4965555884586,93.83727439416279,115.13203996402011
2022-11-24,109.02722129802433,61.72332277687849,155.36959867947223,84.00115466655552,191.98526926639352,94.0351316291293,114.00782740461565
2022-11-25,109.26450006498258,61.53710544505255,157.48137275203754,84.55286713196647,189.30305401744675,94.59095253944615,113.85052929047836
2022-11-28,110.64166513207583,60.70166889200181,158.92789476456915,85.65508302069537,190.45501603234598,92.69368843356101,113.4574186592609
2022-11-29,110.32811838521093,59.53674596466046,160.72010201666225,85.95383246577161,192.87277070341656,92.43329832486219,113.38555278564462
2022-11-30,108.5205106874928,59.40498124258207,161.96713444082312,85.60584168080688,193.10093674586213,93.97889578204214,112.2918355995619
2022-12-01,108.54486235459406,59.46233275106432,162.46274717259888,83.87529499104936,194.24411081317697,93.81222256365828,110.27549269795477
2022-12-02,107.61277145422972,58.7259524193572,162.67328735626637,83.9681036325425,197.77394668833978,95.25824128563796,110.89559133430478
2022-12-05,107.28790533998922,58.72919719712642,162.35271477082108,84.02334778204428,201.74589513060698,95.91688106976474,112.01473826372379
2022-12-06,107.24329596968047,58.78428314293065,160.4604568094664,84.21086892554975,201.70158204738823,94.92045245258247,110.0691389992604
2022-12-07,105.47179015375858,57.55347097159677,158.9984449697054,86.03777125916592,200.71088911347707,94.68091846196876,110.5201620508568
2022-12-08,103.82293933746227,57.052003786608196,158.61411096639065,87.1466529828541,198.95242163799045,94.59697917245131,111.76850308148659
2022-12-09,104.36638180354348,57.30774830029666,159.06116263030995,87.86864028006876,200.9860193960747,93.73769728029978,112.48151600059128
2022-12-12,103.86379977069902,57.55300937369097,161.43408628006088,87.06214759998957,198.32708155686473,92.87010041231287,112.05862861861817
2022-12-13,101.27433065005576,56.915611800977274,161.43118496773337,86.65132057436549,197.90593745127254,94.31775301245537,111.05074293850284
2022-12-14,102.11314060817539,57.02867186867234,163.12450041698474,86.60381002787526,198.1885305479007,93.43778621260506,111.18517129243864
2022-12-15,102.4326098785169,57.63777846619272,164.96063539251335,85.96925557842717,197.27303369373124,94.48869403389708,111.5056064641911
2022-12-16,101.7446628631576,58.11065039174663,164.6451256516218,86.43514676144333,197.90496281295322,94.11480272853603,111.65714232838158
2022-12-19,100.45381477590958,58.07853234051541,165.69343538817157,86.77889724453807,203.12713480829822,94.12831921539279,111.50078158834027
2022-12-20,101.33746109171449,57.83050111500494,165.3565457326121,85.87393896359967,202.9614535356678,94.69653341816601,110.34425650839452
2022-12-21,101.73278823229377,57.49068258088159,167.62433672883716,86.94263748707621,202.16051704438263,94.16907217941124,110.8559894145774
2022-12-22,104.22746512255874,57.783374184293365,168.7610515207776,87.06645392560345,204.30527858705645,94.74327356036044,111.42375120238326
2022-12-23,104.70821335966629,57.91938501359976,166.83060904526755,85.60818980272076,204.8772819714669,92.86126015662623,111.69240761049402
2022-12-26,105.15701275776973,58.30840028644859,167.1671528452952,85.59847993771828,207.93063387055747,93.3077926509589,111.86118343633255
2022-12-27,105.0236238099358,58.40870333003192,170.0130754823631,85.8738698297315,208.35667801696465,91.06907874585448,113.80098348012997
2022-12-28,105.92730661367997,58.91245614601258,169.7731337329849,86.74801297928148,207.92286658351347,90.89907802303483,113.13789404007444
2022-12-29,106.63416144190381,58.99180129731364,170.60316527224845,86.49034155634324,204.32869114592017,91.71558197552443,114.6428595521073
2022-12-30,108.02051624208066,59.48031160205986,171.60562685172732,87.24429150539854,201.12620193881324,92.3250259014356,113.849964679427
2023-01-02,107.5018380005612,60.02454656955657,169.903860062767,87.44268515480745,197.5468150478548,91.17047781396286,115.16558795874215
2023-01-03,107.07760697287505,59.56739268467801,170.8421152779035,86.33482111258166,198.37694552976407,90.14635286485861,116.64144578997879
2023-01-04,106.60845658624586,58.523412115641094,168.54478081672002,85.15569936569388,195.77117277246043,89.5634911527148,116.34665634916242
2023-01-05,107.49785091445287,59.45750227292434,167.56062648535556,86.15146230872115,198.32404126046282,89.7663273138707,118.34259697143071
2023-01-06,109.16435605528292,59.63415003543435,169.44060706486889,87.22288844131454,198.4634060304827,87.99593311906789,118.94653909629855
2023-01-09,108.7080877133405,58.64389855286265,170.1142087265897,87.54000342622747,198.05858315449393,88.01949843818996,117.9547901188594
2023-01-10,108.29061123679836,58.25007285772388,169.6648888342952,88.8947368840798,196.47286117411645,88.32936897950964,117.56129422167376
2023-01-11,108.6747232520542,58.724915177678604,170.492253156086,89.87492994810422,197.77833793086407,88.11495642791046,118.94812498607861
2023-01-12,108.45134240605773,58.584333699808425,170.45800087132076,90.52764954683785,196.2720917954126,88.61449943286594,120.09920632356472
2023-01-13,109.53259233220156,58.30843138918315,170.54764870099564,89.7422981329475,194.42532184431036,88.84850570555983,118.88275039403841
2023-01-16,107.13657034052714,59.15466900137646,171.74020647032583,91.34618290103909,196.82827324271432,88.40390949257623,118.76480911369455
2023-01-17,106.29702822463072,58.56180257052883,170.56376755607369,91.87413208953141,197.60653383985874,86.74339695107405,119.05438116347837
2023-01-18,105.51078393893727,58.11949310864453,170.70084741124856,91.5569445118858,197.22171573697833,86.89395185200351,118.4989769734138
2023-01-19,103.13198802225394,58.26578145120086,170.23671542443162,90.98352289594094,198.5702389839444,86.10415578756218,121.37468418562605
2023-01-20,102.18380695569572,58.5171299640865,167.62576048699052,91.25394832666215,198.6674268973137,85.64186588346146,121.70729760349646
2023-01-23,101.29344084917733,58.83182568444493,166.15636799749583,89.77761517479605,199.5095962264436,86.08760953056087,121.68075347043397
2023-01-24,101.13038378277625,59.39412656261449,168.85010781131,90.4441382089934,197.96571468314826,87.35137930590686,123.18771751120079
2023-01-25,102.30313030623492,59.53599742000699,169.56877868692786,89.62162977782022,202.18797694649905,87.3530738312729,122.78774511530064
2023-01-26,102.09356178576294,59.852007142586636,167.406123170636,89.99037999801023,201.09986871567824,87.87355218520439,124.08061698846839
2023-01-27,101.08699958089393,59.720949698550875,164.9131862845159,89.55801005283234,204.33520502476753,86.64801266846614,122.07726542267545
2023-01-30,101.06986219671197,59.78231360502016,164.79422142749934,89.35725047481861,204.03123986717654,86.89576670688422,121.57333086611753
2023-01-31,102.17670525425567,59.87057804531361,167.45412246857674,88.71893034805905,205.76692369997477,86.87847101121177,122.90458604434814
2023-02-01,101.22483487955127,60.02350174363379,167.2085501645314,88.61144206033255,207.36620258426814,87.98818402141822,124.89961171162834
2023-02-02,100.34742170176894,60.513203405418345,169.47608615313302,90.33769251095586,209.8419949297203,87.54893973099107,123.98707808743808
2023-02-03,100.94985126942045,60.87441893562511,170.14161844493188,91.63427508999924,208.16865767647877,87.37258599255573,122.9378735696629
2023-02-06,100.76675707191987,60.925707140448715,171.01369559792977,91.99646693641418,210.50406400292547,88.33794263394472,123.68692804327999
2023-02-07,101.4618998623393,60.45890912886064,168.81212994071944,92.00999668733171,214.51278876490093,88.29198900901261,122.9678894853069
2023-02-08,101.48864185158975,60.524041054820366,170.47039898091822,92.82715752263952,214.04417695362937,87.35331310870087,122.68713303987313
2023-02-09,102.24414439588266,60.53129361010906,169.96836784948655,93.91958586622717,214.2041406840445,89.64678141329459,123.81661148593463
2023-02-10,101.23178055114815,60.672606130183226,171.51029137092488,93.18071342871055,213.17107712546664,88.72053472051019,123.19401981377041
2023-02-13,101.26004370089719,62.051057234407416,170.18763658326344,93.14583415436132,212.51884351648417,88.69862338225364,120.84470021333482
2023-02-14,101.08735034484573,61.75159605059427,170.5574289087492,91.50071549284571,216.27373300585225,89.04227445421598,119.33031541295611
2023-02-15,99.90563482596832,62.03772776644285,171.22733122882818,92.57117544913451,214.19836877020418,89.31660581018882,119.38994246324359
2023-02-16,98.39512983134672,62.72921781837725,171.03218631040147,94.54047555246309,212.27473474744377,89.18295990449361,117.23268634051624
2023-02-17,99.11182911012628,62.81584509957114,171.79419415298986,94.65407042704089,215.80826764073961,89.05395172018102,116.93159758159723
2023-02-20,98.80411718317454,64.32740870603348,171.40569706104253,92.70095555187632,217.24719397188466,88.88052627573322,115.36121002634441
2023-02-21,97.83833493241177,64.11032391192461,170.36490668085756,93.30443911752579,221.9916015781668,87.9293567531758,117.31557812520046
2023-02-22,97.78338583229859,64.34416813416576,173.19142407165938,92.50167884468465,221.08232955088815,89.87644736090688,119.93128798159631
2023-02-23,98.93221040113295,63.85776863737108,175.08770310215817,91.92686356127827,221.4502535720459,89.71482341633839,118.71634682670087
2023-02-24,96.74005091614075,63.65914543359247,173.83009584716288,92.5416731409491,220.08001966806216,90.28806858194113,119.06917115000435
2023-02-27,95.3411113885194,63.84334427012421,174.8909793364814,92.81466030710975,220.48379886901498,90.0224237649359,117.9782820482326
2023-02-28,94.5030625958391,64.41170540726932,173.66636499775998,92.39968014513873,216.69335654691716,89.7395113642632,117.6609755973178
2023-03-01,95.93242439599258,64.64342030300827,171.68976727452764,91.83811988102121,218.26999295278168,89.36746760260716,119.8501358460031
2023-03-02,96.24238959438621,65.48869120720614,173.5433222188643,91.99054695080746,219.06479137732097,88.0282918417478,119.33983850628667
2023-03-03,97.02251580779443,65.45270503554254,170.67928475463512,91.65130065326643,219.02633866783344,87.92217512496244,119.04657870860586
2023-03-06,95.96096211267877,65.26175191779394,172.33751092371872,90.67655139043679,218.26029127768228,87.60008542087475,117.97698246410258
2023-03-07,94.93060066762756,67.0773202157983,171.97130022907453,90.41165287354436,216.40265316304698,88.66783690098097,119.38474576100992
2023-03-08,95.39481649273834,67.36922852360847,171.67654220123524,90.75550103666944,218.07039782776337,87.64812480219405,115.59801309442844
2023-03-09,95.48861119090091,66.91301873403545,172.4503984531194,90.63025105060174,215.61772252732877,87.17858755562432,115.13332390003616
2023-03-10,96.05244784659932,66.47666012492547,173.52499250673154,89.39394656992124,216.8109977132759,86.43341429222603,115.12654724365225
2023-03-13,95.91071092296984,65.87928889746883,172.1658413676068,90.31861761903168,221.4441713615774,87.72436162835426,114.4137381970842
2023-03-14,96.21633073011229,66.52579750913733,173.4753409787359,87.91368668181448,224.8482487303241,86.99977739998914,115.45220282407085
2023-03-15,96.40714259903513,66.31035254428431,173.74160517575845,87.55716098136318,221.57794974170218,87.52535812126352,116.89509267723426
2023-03-16,97.19876115959926,66.42142411205562,171.6416065047889,87.05062655989653,220.4800169147326,88.41398630174284,115.30219837504809
2023-03-17,98.02553921295353,66.40581115097586,171.4188325493084,87.21459167761114,221.49977461576174,88.32020857400957,117.78858443492561
2023-03-20,96.489030565671,66.92010827314965,173.87256835599695,87.74091030794602,221.43271038143263,87.14739095300706,116.17048052982723
2023-03-21,94.38259144020783,66.38240610922318,176.88302052893323,88.77063592824989,218.4429092604561,86.00103194144303,117.72425629119732
2023-03-22,95.37095693034505,65.69851551117975,178.2277269860575,88.17574014170124,219.3739603492923,86.77833000251655,117.94794177886972
2023-03-23,96.54906728036165,65.87238458296072,176.1892431964911,88.72996828981088,219.43974533560925,85.72555700956399,117.40228197179907
2023-03-24,95.60691194748338,66.2959557572569,177.12660012333038,88.93945677970848,223.77049264363885,86.0967154025416,116.96943665335786
2023-03-27,93.88275946491382,66.5433902152259,178.71160134972453,87.46515483535893,223.29385806678715,86.22970752602657,116.97702495170876
2023-03-28,94.01337997444676,66.03333445580128,180.0852627543216,89.17902677957686,226.00761355975374,86.59015088777748,117.26797801603028
2023-03-29,94.93054268447348,66.50881734030229,181.57702858564747,87.94029645723205,223.25124646056693,87.03426799401713,116.24036771696773
2023-03-30,96.69110761801376,66.04233139401009,182.31074010184673,88.34530952008966,221.05636406359767,86.25993332338184,116.01514966150512
2023-03-31,97.23049681561044,65.7250765119005,182.25165850242178,88.72597673544163,222.74649466857994,85.45671038664992,115.17054788791002
2023-04-03,96.90850137507803,65.13362959617844,181.21873748903297,89.00647099215035,225.26368230952042,86.10428757368803,113.82515689514659
2023-04-04,96.08526192201953,66.0130587944309,177.88289505814,88.6027863750105,223.20657995449764,85.59832897970209,112.94381047237505
2023-04-05,96.13471175058042,66.45910515270393,178.55949634151017,89.37453807022825,223.3496507751743,83.30964066684346,111.69709474115368
2023-04-06,95.88579119583216,66.88914735947657,178.96359172307484,88.0259940521559,220.37324841511708,83.88542081254158,111.2732788369935
2023-04-07,94.95538304694556,67.75571743304324,180.0362366561805,88.00326094014416,220.06225733869468,83.05385201566499,111.80026110514729
2023-04-10,96.95962799715612,69.71638289371431,177.7152781107582,87.5434396368498,222.00051952633032,83.47611772265957,111.98008015595519
2023-04-11,98.74555298178588,68.56231760771709,178.9368365882226,86.98730110961375,221.12543884664188,84.68079158180974,114.2586167992959
2023-04-12,99.9137043080509,68.08516254719162,182.7242756659494,87.39600931590796,220.66369270875788,84.72887212449824,111.80540640249777
2023-04-13,99.03747882949614,67.69400077505094,182.94084104510523,88.37811817497271,218.2719660744588,85.6110254664505,112.37632987904387
2023-04-14,99.92786201033942,67.14734372978192,182.90121062111763,88.11051240943983,216.94812114821178,85.77709851897217,112.42850734893466
2023-04-17,100.60931118231402,66.45423614233617,183.5406553450204,88.83659405516852,220.88437202016692,87.1844811940261,113.39465235597575
2023-04-18,101.0959702426442,66.28190950451409,187.38392147209797,88.9163523883087,221.1339463473386,86.29790103186753,114.25569608668201
2023-04-19,102.40821344158297,65.50660417477114,185.54975935890826,88.16135762892178,219.0161633449335,86.32533519635697,114.11297510582104
2023-04-20,103.10218978322425,65.75274296783101,186.00157844352725,87.96941734944959,218.41519438744422,86.94317482128825,114.35589600924115
2023-04-21,103.9095461955094,65.81306478224458,184.59395696704033,87.74144502913624,215.03988802341237,86.81250036394901,113.55357909978243
2023-04-24,104.6153024019609,66.15686458491696,183.66042541507338,87.1671697144383,212.9552265640399,87.85368978102883,114.29828746517765
2023-04-25,105.01442792052038,66.52021874360953,183.64281265939104,87.5764910756575,215.95830077491578,87.50994283241339,112.21569050231143
2023-04-26,103.19925542914017,66.94932642646836,186.20828664217683,87.81734716936283,215.7370948405801,89.37545847530419,113.13605169015975
2023-04-27,103.32691034851766,66.72648308525649,189.66811352297117,86.46611128349019,219.9428664337101,91.32897575200994,113.15509019270367
2023-04-28,102.79491937454554,68.18423337243202,190.59622693340393,85.08385504675597,219.82116649346275,91.62359499571346,112.65034584144007
2023-05-01,101.52829415637086,68.37160911641618,189.95576857046862,85.48014653271,219.83000634814033,92.1681694848879,112.43366518443901
2023-05-02,103.29156175363232,67.13683294574372,194.8282958820692,84.81999290471768,221.33192345038242,93.31039831450542,112.29972832883159
2023-05-03,105.13504213582492,66.49382339575229,194.0746913478042,85.1106089180579,215.5811953209588,92.24606055239752,113.81160346865475
2023-05-04,106.61645323881383,65.37265372066051,193.0466235967588,85.81218457093159,216.10988566365273,91.08012174019832,117.59886885322126
2023-05-05,106.93166435718256,65.41014563613592,189.72626111295494,84.76235177963022,216.09046584717186,92.26858877547355,119.08983509438214
2023-05-08,108.42907046564108,65.35665860052217,192.47056212690245,83.60774060787523,219.41338039911008,92.55875681701814,118.46586585287653
2023-05-09,108.48552593767513,65.07725283022077,194.42095393349342,85.05349603421945,221.62889217942515,92.386290759056,119.26199186778118
2023-05-10,108.74924586332556,66.42571996727459,199.25864995547505,85.38719357924701,219.21816241850394,92.43353375736302,120.11576392206824
2023-05-11,107.60961706379423,66.81811050405702,196.5876712206176,85.06398388426312,222.0469388038647,90.29024425439638,119.05723809714858
2023-05-12,108.08089069560451,67.33196877043606,199.55506311875365,84.30695127344902,221.55384451849446,90.15440346110073,117.61262403181814
2023-05-15,108.18944317777121,66.73465664507746,199.77496519486294,83.91126839289451,219.646869490493,89.51384687492022,117.5852459074846
2023-05-16,106.8319749687733,66.09763446159485,201.4724326196782,82.95134146840819,220.16827725159712,90.37557504506366,118.58626182624326
2023-05-17,106.82001354275978,66.1484205804038,198.259105689031,83.72087175418768,219.81020226257138,91.31584772455744,116.7368855582873
2023-05-18,106.77758284659085,66.28947161005765,201.27167412644846,83.10632388978358,223.30735814735667,91.8807144286298,115.94472655116526
2023-05-19,108.75782459948888,65.0963167755737,202.94211194360602,84.05372221567431,224.1589347597075,92.28168935255943,116.65724429729156
2023-05-22,109.77861545063774,65.00504611606674,202.9443239540854,83.75114610163212,224.7102781147039,90.94657738835228,116.75261977931
2023-05-23,109.83510607106281,65.0402052032433,204.3394950563004,82.91503042192636,226.83398140815655,91.521938014241,118.46529775362372
2023-05-24,110.15275436231956,64.92638753086258,202.86238627776513,82.59534621284347,229.41833024143077,92.13663908983527,116.8517920488077
2023-05-25,110.24555568593175,64.42618980843264,201.77101155053901,80.48828693428116,231.31563371568853,93.32841430666757,119.68078178750136
2023-05-26,110.06609647986747,64.10516081791133,200.91842945069735,80.42330393698872,234.71635668790353,95.3645300949859,117.90133399194987
2023-05-29,108.9246970201287,64.01748702028833,197.30913725675634,80.31872583726958,236.24386941083176,93.80152375881268,115.579254974481
2023-05-30,108.80380123985174,64.10127669493647,199.09643560771897,81.0162879049057,236.73494295023357,93.47521606998703,115.55739779180858
2023-05-31,108.03824546483654,64.51593172511119,201.5636564759972,79.53420418258564,239.78264129723374,92.82107042524602,114.2995653199848
2023-06-01,106.73852302922597,65.24313036129124,200.2350252807762,80.4958663995392,239.66063223981067,93.01853160752887,114.30098759942157
2023-06-02,107.32851363727414,65.07739680357297,201.01385442892555,81.19160271516162,239.836239609265,93.06821849757493,114.26244394384133
2023-06-05,107.79238312024171,64.80713592823835,200.56099770714374,82.24743984191922,244.0985713499079,92.8877649403826,114.08459108246409
2023-06-06,105.92591380202802,65.11743137178833,201.30097337230848,82.23697750133411,248.18920183874002,93.8847512351607,113.1728266787563
2023-06-07,105.83836554365533,65.54262704484388,200.12164279846286,83.10825351448187,248.26819861890584,92.89351501053592,113.70901116336607
2023-06-08,106.94023113145195,65.28476630306115,198.4408645373864,81.92724332286076,247.24360164630266,91.96817769364914,113.39409076999483
2023-06-09,108.1222280321128,65.8291438535882,200.61986387881566,82.54652324361427,250.9881751576832,91.06744354513748,114.69838330297448
2023-06-12,109.28079783789542,66.50376146147732,200.57198045868546,81.94517490082468,253.10641442610108,90.77619612226057,114.53749154882718
2023-06-13,109.36706885513301,67.39530616667798,204.75093240836836,80.63529094170678,254.00801540102677,89.70362599578499,113.48330485090325
2023-06-14,108.49014891456233,68.63197837033835,204.92772915167393,79.76581277943183,253.2930442515779,89.69593738904895,111.62874927461279
2023-06-15,107.36372695408309,68.06712983926919,203.11993062597003,79.80213933154603,254.23627772850165,89.58344837874456,111.4813745380108
2023-06-16,107.77744819998966,68.10382669198147,205.7097109065285,79.17869979607326,254.28278571260603,88.91718437186482,110.11942808847583
2023-06-19,108.23028618808512,68.13875772076636,207.09425054031527,79.50882771986475,252.70014684757106,89.73340308298107,108.6863127125349
2023-06-20,109.67643682053725,68.09919860041241,208.68850529042354,78.11527969776388,253.12767831291075,89.7159063013681,109.30481434473876
2023-06-21,110.93387955959244,67.68555679738705,211.2724941360007,76.50183328162174,253.90197294773733,90.71063044866034,107.4218644184735
2023-06-22,110.83161389920808,66.71415810746039,209.98178287645675,77.59000205198929,253.05182473019096,90.57009273103904,108.99321956341299
2023-06-23,109.5049768411148,66.80273283009214,209.7986467304231,78.32576318749429,255.45149941686032,90.58440856671128,109.21111439417446
2023-06-26,109.19976735473465,66.31793899964087,209.5230479395894,77.5391997947811,258.8686756768046,90.11208490555866,109.20691789463855
2023-06-27,109.4810248068988,66.40154793919288,206.91876610621347,77.56789488347046,261.49622993515027,90.14178484824117,108.12595013425124
2023-06-28,109.30371813982318,65.9027343546456,206.45663296099448,78.39410133521588,260.8791784885695,90.82241632583377,108.99919267449025
2023-06-29,108.71735829133995,65.20807752455359,209.31790545964714,78.7549153213951,262.9635942041362,90.48578700021442,109.03963349770254
2023-06-30,109.03624167756709,65.38718774793826,209.8992295134925,78.9032898551754,263.27397276212207,90.99248387051834,108.33740307284563
2023-07-03,108.53153132010085,65.51214521251516,207.1756414303223,79.80406670018415,260.1446315920381,90.292051985133,108.597534726419
2023-07-04,107.89516714909242,65.91910894272549,204.0588736829713,79.2547493414487,262.0053819884381,91.01642132164717,106.8280841532358
2023-07-05,108.27503490911134,67.40283005084474,207.5674421518363,79.31118172398764,262.49351104571394,90.5263425315694,105.13734897958938
2023-07-06,107.883795871979,67.61703181451969,207.46302254299368,79.32875217670133,269.49823520441294,91.33715727154768,104.00778166310263
2023-07-07,108.19073427733308,67.97301029115303,206.20669037856842,79.1443196764435,273.56371341724144,91.4294329554747,104.4137104214488
2023-07-10,108.53012322191546,67.27139476226814,205.72474777731009,78.86795214048679,275.62632463543434,92.86780102700358,104.45208081945454
2023-07-11,107.34344685755275,66.43779067188927,202.7889984414445,78.95701926306965,276.4245081595157,91.83893261459554,105.59575822478502
2023-07-12,106.87084684581278,67.52475866604456,205.7778056718623,79.01579106661022,276.98822040976205,90.52938938222593,104.6706028748749
2023-07-13,108.46188663102477,66.93081861019134,205.05258204899403,78.22297817827794,274.3317349735812,90.00924345238882,105.31596078104776
2023-07-14,107.25166056925283,66.26223235637636,207.95889902322676,78.88423532214955,269.710244272375,88.80706970309107,105.23819202669908
2023-07-17,105.04738103852851,66.26282943398363,208.1495842893371,78.14902259499695,267.4740687239521,87.62259615532867,104.29212174095022
2023-07-18,103.15090827193869,66.22957886604789,211.23099468796752,78.00985895506074,267.45342849788267,88.20418574058966,104.7366287257709
2023-07-19,103.22222044860405,65.66080083891211,211.8586360577749,77.81096898998422,261.98573594568717,88.2357872038573,104.70938832539667
2023-07-20,103.29544880037898,65.48704760292871,213.75950354016018,78.12135468698223,260.6678108716901,87.84868286856066,104.09433868726772
2023-07-21,103.2153114206253,66.32362269073413,215.3883113289292,76.51389876702324,260.1271919150537,87.5444089603538,104.1797301000648
2023-07-24,104.51797924637343,65.81752877786099,216.82171130746664,77.22949979273935,259.6712597775417,87.05793520691164,104.0864993268008
2023-07-25,101.80210304307657,64.93257818064234,217.6644711006317,76.73911883137254,258.0618305626444,88.54204382071423,103.96823263642496
2023-07-26,102.24686161742386,65.5737464322284,217.24510811162108,77.71212042079839,257.284910343332,87.92836541024063,103.58157490097295
2023-07-27,103.8974633266581,65.92372409331524,221.53500065098615,77.37235807032697,261.86340417351676,86.80820237125687,102.27957346775447
2023-07-28,102.77341139946365,65.54213327404833,219.62273285065064,77.36551588205845,263.70853588195297,87.53700521840845,102.39702242812305
2023-07-31,102.42477333802978,64.53911807647381,219.72006406661757,78.89193546140194,262.34002160350957,87.38328913112964,101.61899644947884
2023-08-01,101.69719192360552,64.08595878449673,219.8406924477304,78.7049167760829,262.26566454918486,89.21880193474914,100.6276631945941
2023-08-02,100.83204691381609,64.07653599795883,220.8155121732151,79.71789796218224,262.2963164481574,88.786067929915,100.42590616218705
2023-08-03,100.5438158194977,64.85376490957879,219.95716874684516,79.78093595377167,260.39384911849777,89.57619347072784,101.20624545378243
2023-08-04,102.03016079341702,64.21065386551369,220.73884433974865,80.145101969976,258.50214375787004,90.58707656568276,101.43483818522874
2023-08-07,103.96375516644444,64.18207372089033,220.4546218452774,80.23327686263431,261.2320851095955,90.15209620481474,100.93787028946157
2023-08-08,103.65654044373262,64.64271355107442,217.08138990652301,80.9488010122174,260.24184803437697,89.52062038531253,100.40296325699374
2023-08-09,105.6924582989721,63.14683440616514,217.18898535406032,80.42793390114728,257.511510361839,90.22284445043532,101.08379779208137
2023-08-10,105.77236712772817,63.828549912684366,214.89772589665867,79.67222790723767,257.5034237413697,90.77932655747904,98.72937253710667
2023-08-11,107.6867139942113,63.103489891335784,211.28720389026645,79.19675337896173,257.91062589035556,89.54358389043456,99.55956877212542
2023-08-14,107.6293337226095,63.33866918693406,211.66124527617583,79.30747678918041,252.97383676592514,88.57424450074441,97.75027267777901
2023-08-15,107.81359967679967,63.52051100906992,212.78152401243597,79.16420354430682,252.97194868296492,86.39042269076145,96.41501139136373
2023-08-16,108.25164377987977,64.23888583339985,213.99077591016388,79.76038638303339,255.27934270157863,86.94108364068873,95.95883054613017
2023-08-17,111.79279224861108,64.61961286835242,215.29401766456888,80.84019356559111,256.5364349234261,86.7484384239016,98.10324970129946
2023-08-18,112.79363885484082,63.12677869631468,211.25770263078948,80.08718899068478,262.425872627127,86.64253953231567,99.80264500653087
2023-08-21,112.04351235797209,62.65837001969609,208.4853048566287,79.5333488166256,265.83604511099134,85.22343652566597,100.55044718474973
2023-08-22,113.17975168695476,62.77013000047309,212.7257490238231,78.4305893459987,269.8237821528562,84.32643928170066,100.9499639224701
2023-08-23,112.81608792867553,62.672924268603744,210.59391069824258,80.07132111084054,277.5968681226256,83.957931670202,99.1270358247259
2023-08-24,112.3098366532434,62.998167068925696,211.96901228678416,80.34777869104582,279.8213906816011,83.42871911145673,99.32226836432694
2023-08-25,113.38027837648632,63.522825460518696,210.60213120133668,80.76651566821658,280.39020190909997,83.56050370201108,98.81778356380963
2023-08-28,113.4609040670147,63.936078751244644,210.85431540847827,79.72318012561732,283.24708659421515,84.0831042400948,98.05326886138013
2023-08-29,113.82293955249561,63.82475122289913,209.60711650951563,79.75414265621215,281.78017618646567,86.04769810721461,98.24446582727879
2023-08-30,113.88440370823427,62.682211246535715,210.87178952914178,80.1933958676849,282.1966344079561,86.06489471102532,97.82183575620829
2023-08-31,114.31408169604592,62.422318688726676,211.2448859455426,80.02295962307578,280.4868481370578,87.06505762456203,98.71538563033083
2023-09-01,114.84684080616441,62.7078452992447,210.38415301684864,80.92077948473344,281.7180314461241,86.37997690938273,96.86141730649389
2023-09-04,112.6887678921236,62.0525800942046,208.26960920634318,82.84645512476784,279.9994366903442,84.97919289623026,96.97288308714555
2023-09-05,113.48781552841115,62.470524592251685,208.9115967539415,82.09838359518771,278.193887139352,84.7142154572725,96.16259064258045
2023-09-06,112.42375795020412,63.06580921809907,206.47596068021807,81.2960520871499,279.4582868112581,83.40482850419235,95.8077953827176
2023-09-07,110.85824282091725,63.17113307794878,207.44345632032707,80.61783435150132,279.18535745615173,83.4504410332785,96.13854395365473
2023-09-08,110.8378343182813,61.289567634402054,213.04931227983204,81.95594825471663,273.9650965759103,82.8348108430668,95.10839476293094
2023-09-11,110.97533739855704,60.535426728623776,216.03174240757804,82.84782072599445,270.11428421180267,81.26420851740967,95.30283515952635
2023-09-12,110.2524712874218,61.71275594837382,217.67624219469786,82.76871580038555,267.1398968406488,82.72037395150068,95.13873340952004
2023-09-13,111.21700001424797,61.4009478958884,217.57698857797507,82.8321075145767,264.89744744850526,82.30981129010274,94.55014317215687
2023-09-14,109.77814837527909,60.21875453036433,213.48471382571134,82.19137108199594,266.1039424701466,81.00526246612807,94.14391145877025
2023-09-15,109.3760624879779,60.99161006095826,210.7647048056918,82.959338772982,266.7938818257977,81.76880706706157,94.03612957263742
2023-09-18,108.78172128984185,61.02416117844671,213.57120644272177,82.6778371528184,269.75905610996,81.20766957159304,93.35418501781484
2023-09-19,108.77455577978905,61.7268666109445,211.9759311467674,82.49608270272691,271.9062109192521,82.13065689020839,93.39816003553265
2023-09-20,109.12195255673365,61.92282566015721,210.58307164544695,83.03304885642189,274.9464148528629,81.56313741607795,93.17597215808766
2023-09-21,108.07086378414125,62.23231842605126,210.31863917933075,82.91025503391145,276.73494906308355,81.15561104181714,92.64519167208122
2023-09-22,108.89999509291768,62.483626481589496,208.18003278541573,82.74876570726211,277.4267622697407,81.46852527755085,94.16753432613203
2023-09-25,109.01222245547815,62.94613931650975,205.72401966838333,82.79062665032805,280.6057041956195,81.98603653035146,94.59719979881493
2023-09-26,107.01195380532344,64.42190620490385,205.70247311325502,83.48511933470515,283.31082711377485,82.65156703034552,94.27355851928135
2023-09-27,104.97840177571014,65.07651927233323,203.95829261030252,84.90502978225088,284.4921263024029,82.61046542277825,94.4489386919851
2023-09-28,105.00746456179992,64.08180074710923,202.53350692510588,85.43776340489829,288.24658056244937,83.08154037916094,93.52148124086065
2023-09-29,104.81760721139821,64.39442229702006,201.03789625980573,86.16131885089469,281.6762646824692,83.73682340249331,93.15114972804194
2023-10-02,104.75115284080458,65.15974216316475,202.1716382722317,86.02369650950907,280.97165213496794,83.93851085883442,92.89061937652014
2023-10-03,104.76374211257777,65.97453503766049,201.7835875081857,85.45114597029142,280.22584784980864,83.852385382243,91.77635798127223
2023-10-04,105.04232227279302,65.71996660185603,201.5041656649748,86.04622766277754,283.5880639875158,82.68225320760125,92.16940721993019
2023-10-05,106.08491245286238,66.51664582072912,202.79173438610334,86.22818453957186,288.19480457471207,83.21242937186187,91.7412522973602
2023-10-06,104.95469546668326,67.16348040321681,202.5849120331118,85.04417305964822,284.15926196490375,83.2808362055855,91.4522952472911
2023-10-09,103.77333706386497,68.94125931841155,202.10282037468792,84.79953915772259,288.31295350784603,82.9702663299624,90.97004480105527
2023-10-10,102.68600436699886,68.45350874798568,203.13709241682153,84.76317048059553,285.0692355243094,84.07085626695388,93.73964263824442
2023-10-11,103.0243118200096,68.13430321889496,204.5808110829459,84.36533204162549,281.94723118592447,82.91215169204361,93.15781856340952
2023-10-12,104.35666167954692,67.95322590696854,204.36187648058342,85.65896721862808,281.39997981534896,84.32024556493492,91.28698808259695
2023-10-13,103.94907095776098,67.64797310575446,204.60850148859558,86.10541536934792,280.6181948513505,84.33519410482482,89.87402247363477
2023-10-16,101.42139636629197,67.07538829003477,203.09635104135575,87.33087404535677,276.3894261164086,84.63724738057495,90.59526651372533
2023-10-17,99.74771515577393,65.27378038369507,201.4363945346419,87.59626039944088,278.3027681624209,84.33728063728938,91.85088919996484
2023-10-18,98.95980747241016,65.01665289028378,203.07292412934683,87.70265616742492,280.31210396398086,82.9761548713902,91.26328041814104
2023-10-19,98.4487879514167,65.28334929822955,204.06010184145748,86.91983070842272,283.3956719821566,82.89354355912481,92.47497037837879
2023-10-20,98.08678101851902,64.98814037871242,205.0733154836331,86.96497949252667,282.28282731534495,83.20476567204693,93.20057744149766
2023-10-23,98.1638890047321,66.28466739072034,205.73235885370386,87.01113006937416,282.28400524177636,83.8028385949865,93.06136516952324
2023-10-24,97.89749436093909,66.32005681450222,205.90978334832332,85.86402183387214,282.31102911755926,83.67050688033385,92.85644080544198
2023-10-25,98.96976024982656,67.20869694978042,207.43172447705865,85.43617694918501,287.2317432475418,81.88871160891607,93.06175969717262
2023-10-26,98.34229296269355,67.41158329834242,209.46430321685665,85.19449361209283,279.3168805409943,80.6682073366301,93.91948885634065
2023-10-27,97.53692251711159,67.99817967122418,211.4662929780082,85.58171052445745,276.76740668035904,82.37357821446297,94.33109298246832
2023-10-30,98.04433302515663,68.21560498797527,211.3378072216456,86.01185188212682,276.89347759463385,81.51111350056762,93.73229337754229
2023-10-31,96.58885225642388,69.18341713546074,214.37520252925518,85.54751174456297,274.0134444326955,82.71573645164368,93.60658240984773
2023-11-01,97.00477950532212,69.2498231058946,214.9514888644289,85.98394652775208,273.4158698526737,81.97948230224253,95.5178690494951
2023-11-02,97.14316151742128,69.6220827367243,216.4016412775889,85.86186820143938,273.1806269340039,81.86278082874739,95.79643567841315
2023-11-03,97.03884453631788,69.90555571999448,217.09976844771637,83.46635537388963,271.49842884995525,82.40915405350904,96.67150963128132
2023-11-06,98.63183883382233,69.73220568123992,217.7237543574722,83.0960028884006,271.78220854795273,81.76870403653949,97.23372171888458
2023-11-07,98.0592653248549,70.04319307341922,216.2141944891406,84.03105955326963,273.6041994427852,83.11429681116181,97.53888899860856
2023-11-08,100.1405827063722,71.65450003714855,217.82305652008787,82.66269644929139,273.067732831265,83.21053930136682,97.68403614299494
2023-11-09,99.95506263203451,71.4896002951152,224.19943931703034,82.78901152425627,271.941759172947,83.62834541099224,98.60402233580317
2023-11-10,98.72621824315596,71.81882566883365,223.45008573587566,84.14554294748461,271.59996681866136,83.43821789000691,99.35491880241845
2023-11-13,98.83479735249949,72.75694949110766,223.69824121691306,83.54135879477549,271.6884240920451,84.0232591663827,99.6573111633549
2023-11-14,97.81591468736693,73.62075328360909,222.7914102293556,83.57657813107606,267.1079047488723,85.39449033685554,99.00791407935257
2023-11-15,97.122175986085,73.65883714686147,221.79549299212277,82.52680522351105,268.4509601684135,85.31657274498593,99.43014876713072
2023-11-16,97.54756109707363,71.9527919849869,225.33771880712715,83.9142516514525,267.349887682348,86.83987028480686,99.40329836175499
2023-11-17,98.13027043262035,72.35447225134688,223.91590094966966,83.87789727900855,270.85228325459445,86.34491315098201,99.13700047742853
2023-11-20,97.5606473834929,70.79458556449832,222.94603227505405,83.95058953418035,272.5669104189794,87.04200807815661,101.86928750945616
2023-11-21,98.5681572358936,71.87165040761056,219.52251607835257,85.12931136085177,275.8851872172593,87.50378039589702,100.35360344680724
2023-11-22,99.75561432076519,72.02236053006497,217.95283560661824,85.72857448087964,273.2192954840793,86.60834523519148,101.36066654176578
2023-11-23,101.23923260292361,72.77506435394041,214.3466769534394,85.01518666849613,272.31538178952417,86.82844481932077,100.53022238423395
2023-11-24,101.8173467342989,72.15035911424118,215.79151581544917,84.50047266183279,269.06051082320135,86.86958166818837,100.70247299094797
2023-11-27,103.25635471887841,71.0672909317488,222.0071767904293,84.95370329807719,267.2766834674331,86.1660295190606,103.36394766076815
2023-11-28,101.37300091950831,71.28135066057276,221.28310975413342,84.45891731145011,270.7525878077889,86.50965578083452,102.41493408741415
2023-11-29,101.09166981126319,71.28591036079827,217.71249061882304,82.72259633962857,274.9200558870487,86.67096442985354,101.71693578881901
2023-11-30,100.25908389815332,70.96475100070934,219.76863604004043,82.71164393232732,271.89039257010324,86.64272560967875,101.73981069812154
2023-12-01,100.41884944813066,71.0532717322507,218.26416364129014,81.52895740751455,270.75551090857937,86.61796884917231,100.92185547163798
2023-12-04,99.88658985429342,73.07631168708411,221.20714237143596,82.89055144302681,270.65752686592526,86.57466180856063,101.85875234751462
2023-12-05,99.76065454347426,73.71818528531982,220.6724042029923,83.0704428321227,272.35608321628774,86.2914213122052,101.35627430890186
2023-12-06,101.69677700308246,74.52573501977487,219.37028716042337,82.35483816151505,267.7121234553358,86.44674232700883,102.06214318936517
2023-12-07,101.56494167773266,75.1874155963449,219.06785793417475,81.81420484983106,263.5603136651896,85.92625140520732,100.75481420979648
2023-12-08,102.02688291422588,76.33858354582208,220.82252023323417,80.31504040368691,264.95990100989565,88.2750476380167,98.99028048381014
2023-12-11,101.83090497321454,76.22410687643743,220.40904086681476,79.46862480381174,259.94968989906204,87.0745065266725,98.80338038525484
2023-12-12,101.94880506139425,74.703740371392,219.40467367243016,80.31251960773169,258.89436926708834,86.60146984600692,97.30464628535688
2023-12-13,101.99572931289114,74.59282339639202,219.05646631709104,82.15793083196839,259.41810261304397,86.19906814222708,98.83278970917331
2023-12-14,102.49501708439493,75.23087049055185,216.37456039248383,82.79000535391941,260.60287988995816,88.01121955894835,97.37128913337533
2023-12-15,103.73787231630854,74.53461546656118,217.32225495470198,82.74693054299351,260.33793437521166,86.891738163952,96.40465873350206
2023-12-18,105.50319100140244,74.43304489931114,213.5591902362758,82.42323099045903,259.4912458828182,87.29753075215089,96.84296280166187
2023-12-19,105.87269690122774,73.94949037669387,212.6978932459066,81.67127660768749,261.7968119767904,87.54965503075479,96.31529058277451
2023-12-20,106.54131759984354,75.09865057203456,214.40498276408414,83.4043134068818,262.64957659334914,87.87735432457615,94.90185071982593
2023-12-21,105.36433734641703,75.69386854108566,215.14175840152095,83.28034279858373,261.060079143476,89.00615931667512,96.8964467343249
2023-12-22,105.31390440781516,76.21913651677802,216.50212399392234,85.09504759957032,261.2630614707213,90.13097288397485,95.96912362082122
2023-12-25,106.35136225475723,76.7250751275904,216.44790637038528,86.3236870616627,262.37098836288715,89.76133354736541,95.81928147289372
2023-12-26,107.31925000286606,76.72718566966405,219.082279135502,84.86791185172943,267.0248861818872,89.97163670783527,95.65729948516677
2023-12-27,107.58961567156955,76.90967258837998,221.2059913698694,84.33833829258197,269.2405175527188,88.34534000344922,96.37772428455682
2023-12-28,108.5909503630721,76.03393883157246,222.2839825533127,83.80947721905001,272.6395698649403,88.46830769465423,96.86309827740436
2023-12-29,109.168847262079,74.41930503012763,224.44511997764326,83.77608884207109,271.08829835805034,87.80377441122921,96.10396875066894
2024-01-01,110.53130717831098,74.5608966131327,226.22621690435957,83.7590720838071,269.7789076376019,87.67533914242634,95.82966964842757
2024-01-02,110.89595232626831,74.83278553620208,225.32432826751366,86.34119918925123,269.2523282101831,86.24455690288319,95.65070980801714
2024-01-03,110.54640771627335,75.77350883836155,222.40539810784995,85.45027266070348,268.97360081530746,86.62908974116831,96.40833993563707
2024-01-04,110.9626684743646,77.00436450292973,223.43162870262285,85.6804175756706,266.38243104878086,85.2058404577243,95.32665741467754
2024-01-05,107.8011019868063,78.25416751295433,224.74498236944305,86.24476662146014,269.8840232610211,85.3664210662376,97.30891395976644
2024-01-08,108.25794274716552,77.50805380469829,227.30007654764407,86.27791512526784,272.3875421642255,84.35952893391396,96.61159492297196
2024-01-09,104.4211885218932,77.26640074875807,225.27184093588252,86.4075851419191,271.6648292369802,83.67927708564771,96.64179134722507
2024-01-10,102.67801007774801,77.66949213293776,223.32844698020514,85.54370149931955,273.52312420817117,84.68501625340869,95.56545218338728
2024-01-11,103.18419189288737,79.69298707606787,224.44766162913936,85.66910303791502,274.2431602820256,85.21844165220617,94.37061904656082
2024-01-12,103.71958456945931,80.91365370500141,224.37771895153787,86.14278635446554,276.33487319609515,86.23791180526977,93.58644004758897
2024-01-15,102.561915262371,81.85722360148125,220.27422798163857,86.46003047879555,272.75402117909425,87.62857684462351,92.71963565692938
2024-01-16,101.87490582407102,81.57302852163744,221.19050473871425,86.98922329395181,272.4659785543897,86.9887480350899,92.37327445256588
2024-01-17,103.32207559492058,80.88809677513471,217.21770803460208,88.26205789084437,272.4168341354125,88.33783462023877,91.50998106375806
2024-01-18,102.86431150407694,81.56137114319264,215.26020408509768,89.12857456247959,274.23071912812145,87.08750671155,92.18556654189744
2024-01-19,105.23963194023,80.70085293192739,218.27688283821288,89.2278250850527,272.621780904097,87.77479976034368,91.50318077596972
2024-01-22,105.27971497794495,80.5408718869297,222.38567555554957,88.22367471852091,265.9972869867345,87.37778407996049,90.72523826435119
2024-01-23,105.75246444145823,80.48066758739995,219.78649286421907,87.7309982811229,263.2407762082317,86.60331222129425,90.40557091637199
2024-01-24,107.5192462095917,81.80563446938359,219.1513687943991,87.57354753595314,263.1853751578772,87.17196360007618,91.34415348047783
2024-01-25,107.70329061379414,81.54859899801531,219.33251200690006,87.82993974489273,263.45892530962516,88.03480750660887,91.5772649102373
2024-01-26,106.67178575271446,79.61532925302018,223.3636514527019,87.44579487605726,268.03966033297695,88.87980576682519,91.52261918184021
2024-01-29,106.59743216027742,80.04997277491145,222.3543938665586,86.66601146325851,269.7140760480532,89.10661363943201,90.25650734911822
2024-01-30,106.60211110547439,79.52416047295307,221.38508197139663,85.67660450452229,270.0420595770821,89.25997078416711,89.26670853429545
2024-01-31,105.1992213862623,79.58989925800269,224.93037123927837,84.30726299305164,270.0626071116617,89.76739257646193,88.16803780792021
2024-02-01,104.97241257882965,79.55273571289052,224.17858790192224,84.14306549460679,273.1703638976362,90.0765116393982,89.36356300451075
2024-02-02,104.23788650695207,79.36703487041277,225.8938093498133,82.94865951418318,271.6717509660947,90.60170183266418,89.87489589180683
2024-02-05,105.24797525796568,80.02879519961495,222.67060883575965,82.1557305743035,271.39944480629146,90.8230394183387,89.13949057226957
2024-02-06,105.32653204754985,78.84294700267812,222.37858374367883,81.8654937847952,268.5666517387688,91.62835990883403,88.67329173574751
2024-02-07,105.07111390268666,78.46775051186133,218.8059564060875,80.81142933386057,272.5135073191226,90.18550824495281,87.97967609901936
2024-02-08,105.00159881672953,79.03794850901761,216.59536932851148,81.15134999014975,273.6946777750954,90.10323035221133,87.23862867535017
2024-02-09,105.27824494171969,78.58550363107739,218.5080746956837,81.78698801189864,271.87378623999984,88.90048090398336,87.67617805359875
2024-02-12,105.97200326117029,77.362269157815,218.48643168825896,81.37140244764129,271.67143792298,89.18247682835579,87.45941614871302
2024-02-13,104.95984167489503,77.91237023339298,217.87747372871428,81.04897624291416,273.1687933980457,90.69514920459916,89.3343924688996
2024-02-14,103.9138240177045,78.8238552694141,216.33872732386644,81.51833095292383,272.5937811292674,90.30230861141051,90.49459688657163
2024-02-15,105.11013787859615,78.81991795251056,215.94825108989707,80.97074881026451,271.24921195431904,90.45346742882722,91.72408084453325
2024-02-16,104.71950177127847,77.32035725741333,216.6861368056638,80.37157947175604,269.58810651189265,91.17679405640186,92.3788927551493
2024-02-19,103.28756000120849,77.89930041629518,218.91402972868636,81.37154235114633,270.6116809740888,89.34659963986184,92.02607202357702
2024-02-20,103.78848914601639,76.64758465620952,213.32730459766412,82.12705396371014,269.75235622667253,88.9168869947304,92.61488161332801
2024-02-21,104.31224617396522,76.91539767062096,211.64493080579567,82.65563381940984,268.6385408257668,89.27729819477366,92.3292977939951
2024-02-22,102.76878052672649,76.26632172630494,212.0667276613269,83.45765962901692,265.1792849082554,86.762741902647,93.88440306457915
2024-02-23,103.04609709034376,75.41702574424187,211.94193530944284,81.85641253333867,265.4914269146815,85.95373649992531,94.30244004974841
2024-02-26,103.84841248626648,75.11452545985918,212.88372178447682,83.00534482093612,265.11675541615267,86.93996157301746,94.58800474531608
2024-02-27,104.27963909316797,75.00696526432473,213.53943276246352,83.36475534990059,264.3711089958729,87.8514880104263,94.74616752978018
2024-02-28,104.98273866291132,74.55513336920303,212.97458381215395,84.24535516686952,265.0031038928976,88.21622780824286,96.4480054184056
2024-02-29,103.56021717513705,75.02534049175634,211.94023017915612,84.60598882102491,267.09958365351423,89.03351850470574,95.11308535670926
2024-03-01,103.94518090882305,74.72130327672781,211.50513706332612,84.68125800979,269.0876642906735,89.26093673389892,96.91646618420815
2024-03-04,103.6725584616345,75.48750490604866,214.0343915752214,84.4822294666333,270.6873598115027,89.79397707841348,96.7749225397386
2024-03-05,103.21452139536262,75.73034026748785,212.55836959123,84.82689528099887,270.1447153774821,89.54679748665353,95.46182279855819
2024-03-06,104.15863884371012,75.23400359464829,212.5098975200137,84.59669289363553,268.7248019690638,89.68643150979734,94.78434978464146
2024-03-07,105.75317652586347,74.61517504656794,212.98505224312706,85.36822301930056,266.04052811694373,89.1567261068292,93.26978768104468
2024-03-08,107.7109829366704,73.42532786557139,216.42098063150016,84.05819606943695,264.57297031131054,90.32647636943257,93.9190089352424
2024-03-11,109.18018980439098,73.66857180826534,215.85835154904248,83.6376360435779,264.73083541846927,91.74804841947667,92.98608648734245
2024-03-12,109.10408043273658,73.43718380486908,218.025162242931,85.39963640034637,262.7625396283929,93.06008353688365,93.18032096570886
2024-03-13,109.53339660909892,71.74430247069093,220.8161099107561,84.90058965167132,263.12029013985153,92.71815094378712,94.28090916468602
2024-03-14,110.42071182282054,71.38953533618742,220.76366289631383,84.73207346180365,260.69645889732493,91.87477569109866,93.68691690141591
2024-03-15,110.59882916611915,70.77748590190508,220.38709894936557,84.02113648213398,256.50465661775723,93.09274485047371,93.47345713144719
2024-03-18,110.78785370576077,71.9303097625327,219.75098175010066,84.3375204732452,258.7185729771363,93.63791017360028,92.29997299650941
2024-03-19,111.74893195838398,70.74415683409279,219.27721972168516,83.75234747008021,257.5970994212729,93.98368168660252,91.97899887169905
2024-03-20,111.72738588478998,69.75969700487964,221.2468776331463,83.63048363906981,255.55212424512507,93.42741711354783,94.41505242642162
2024-03-21,110.95991169785087,70.56654269217076,221.8472919697914,84.37716058668391,252.8731365009689,93.86348931335024,95.19047133327926
2024-03-22,110.5451737402956,71.55910590368221,222.45885613503697,83.82314155980407,254.046745111563,92.88746482517796,94.97678958218346
2024-03-25,111.29266501989493,71.05640049169041,220.05773267069267,84.52059502921495,257.66682207931063,93.5156992261798,94.435367735548
2024-03-26,111.34052368672191,70.63692866023912,218.02615494025326,85.25250722356412,256.7329974622281,94.85203919992374,94.43288091142001
2024-03-27,111.76465725420756,71.10199749330137,222.83899175774434,86.1911140358869,256.2826637741911,96.45037725967883,94.59360135015555
2024-03-28,112.56109922357442,69.49427899642646,222.53207385562544,86.34686488545904,259.1474770521373,97.17504028879087,94.2357044305046
2024-03-29,112.18482829937277,68.24010867610045,220.90296295060563,89.22712521028562,254.59978765052625,95.879642011228,94.7744378200013
2024-04-01,113.0816637139789,68.07602951764943,224.17668540767176,90.20911043827658,259.7608859665389,96.10746352878195,93.91266500965571
2024-04-02,113.55629117545864,69.16701363447419,224.89926718684495,90.53886453104212,266.2944207283517,98.22529753850044,93.0541310383582
2024-04-03,112.20757908665011,68.89383982241681,226.29379880724366,89.7851825527707,259.28793600721565,97.41475410440515,93.43661879386109
2024-04-04,113.88322582208367,68.99100504465571,226.07203309113467,89.73396652553987,259.1388799319553,97.3960702143106,92.38798290381153
2024-04-05,113.35972177986979,69.80558543694269,225.4429081776516,91.05945412577266,257.38542345433035,98.82208443810127,93.10120130328434
2024-04-08,111.5435600433144,71.32043373327579,225.1509540980979,92.66658848911933,256.8075433789199,99.47361625115994,93.1251494416359
2024-04-09,110.42811326287773,70.93857698690438,222.1479725049864,94.08430785564651,255.83765808489528,102.01236270627409,91.47495228193164
2024-04-10,109.35006034110938,70.95501058867825,222.04152824671124,94.86389645469717,258.0260854488292,101.30799327591262,91.61180880986717
2024-04-11,109.45089838642697,72.28860971174747,222.78891625857705,93.71765513138497,257.8389040855511,100.35036949042654,90.11698992505488
2024-04-12,109.1952459459928,71.22504997111628,227.04072159090515,94.21300332192047,255.60311641853818,101.62697598960794,90.78030296346995
2024-04-15,108.87160012864004,71.98950846858834,227.32697107525746,93.08789811274991,255.26547023506492,100.45905437512472,90.59102905264386
2024-04-16,109.59220251517164,71.2886577810041,222.17105693187946,91.7501824833673,256.6855784522006,100.30169011661579,92.32048287850358
2024-04-17,110.00930802926665,71.39029680579047,222.05114929451332,92.00666892140272,253.76653542487526,100.27596949703121,93.35217430444257
2024-04-18,110.40169195079292,71.24579291211052,228.3096448186423,92.52631191188317,249.72301298627312,101.36075399071498,92.40418193071551
2024-04-19,110.89942882031039,70.59474120551229,230.38837256308932,93.40331416359275,254.85118424010474,102.02609913286426,90.5919029801877
2024-04-22,111.62947082967301,69.9320904877907,228.61916215644874,93.90636704386452,253.32050794313176,102.53449756330349,89.9463899301885
2024-04-23,109.34473055916753,70.15371611006285,230.06655507346895,94.44465961450743,253.0740128667973,102.16355349759776,88.89014125749516
2024-04-24,108.99054928683947,70.88395988571556,228.4571128307207,93.5566864302092,252.17014364096303,103.45378952233193,90.56416638046805
2024-04-25,106.68270700957889,70.8203798428692,225.4752569181571,93.49591614246324,253.65749442599238,107.7467186748593,90.59105465256833
2024-04-26,106.76388066483436,70.89840535043278,224.78103124391927,92.13423501335261,258.2977034734117,108.5375391808572,91.47719092491772
2024-04-29,106.80164655410607,71.33304486641345,225.07687224231586,90.34294227203937,259.9039520446424,108.68924187643782,91.25331792026327
2024-04-30,107.96732837687964,70.67157878429637,220.99066111789654,91.05095780501196,256.0898849850536,107.33064272057553,91.12595566568609
2024-05-01,109.30094163155076,71.22475351825197,218.55306606494054,90.40396090239116,252.67075101396176,106.69127399767923,91.13267460957593
2024-05-02,109.5666194145285,71.83945593959584,218.66310367329825,91.23267092454513,251.76537797759772,106.50610121461746,92.18355944799099
2024-05-03,109.06337660072236,73.76394880898273,217.85952496812735,92.28637761964599,251.19142102942283,105.98062236317108,92.5082702108252
2024-05-06,109.63764163114595,73.51644126053414,218.80886516134325,91.75329226463573,247.00183589223806,106.00597825574063,91.57192323303458
2024-05-07,109.10400315726345,73.20972400965927,216.2536239116934,92.33344992367918,249.13357005518625,107.95080908483223,93.10704485207093
2024-05-08,109.14613345222325,73.80436768083501,217.89058674458454,91.76169208124227,246.5404242616845,109.34929731694609,92.87195311143239
2024-05-09,110.2718875740168,74.44115549920919,215.4126412141328,90.1194600596514,250.34976212522508,109.21943175317617,92.4868520970095
2024-05-10,109.70240691357047,74.0735177161593,219.06813347275835,90.26675385273371,255.05145639315762,107.95086765489292,89.94257776759515
2024-05-13,110.63407062357145,73.80499822273404,215.42766896197193,89.8786546976872,254.52085541459604,109.44803505646503,90.55120011088518
2024-05-14,111.43061475343647,74.23515049072665,213.17206737240076,89.51977846827045,255.7428648854802,109.43812578068616,90.67897881929835
2024-05-15,110.41590492540334,73.65278247403782,214.1492872244017,91.34221162030515,252.71264012792457,107.60792785136925,90.80595078827507
2024-05-16,111.54109980549258,73.38037886749086,217.83016688320888,89.99503036957704,254.3954119970385,108.42065608201588,90.47708136645196
2024-05-17,112.36795450658275,73.47553617634814,218.60493228272432,90.37639915723705,253.23245781227524,109.58225910775626,89.99412547168978
2024-05-20,112.52754694784406,74.24065391229226,219.92678988909887,89.51758529040966,250.59435574671417,106.9986703669416,89.69801068506794
2024-05-21,111.7176625931497,73.82267327444512,220.05336536026036,90.37048346732395,249.97031463895638,106.16249175967332,90.15047332992154
2024-05-22,110.80620323963446,72.50402414314033,217.89343265064747,90.67684352832094,248.9083332891341,106.0877223678351,90.76478480497634
2024-05-23,110.25613211757562,71.1561025504341,216.91481497115313,91.05789013799412,248.19955882071008,106.91257351084671,90.59156090374253
2024-05-24,110.9003530142121,70.29368464304187,214.38760639515445,90.23763354952997,250.66813532699186,106.40514857929145,91.49189937081798
2024-05-27,109.8895560886319,69.40440118953913,211.74834588388433,89.58524985807426,248.80683151740902,105.56559841591806,91.45624810018752
2024-05-28,110.4155470149981,69.32490184492345,212.68581101004523,90.45596786551029,253.2626388134505,106.37857970912805,91.03266798158877
2024-05-29,109.09656342720866,68.53299952086009,210.39447714908513,92.10886259590407,250.02888520925768,105.92391087111174,91.24996296992944
2024-05-30,108.91771699544563,68.08029548371317,211.15232053328165,92.58936116013736,254.20238847477208,106.54224369215561,90.05393084453007
2024-05-31,109.08083193174181,67.58235752632379,208.50469183108245,91.79887453323387,251.7321558218247,105.40672138599336,90.29985959592972
2024-06-03,111.82559679860422,67.31222618160976,209.20724718653858,92.14739575556473,251.83031718577357,104.03247126870707,88.95352875138562
2024-06-04,110.34009067778597,68.23563463383496,208.27067342823202,94.44939073195316,250.69913506474978,104.86310794740619,88.07923568822252
2024-06-05,112.02112564204786,68.71629805528573,211.30544717263032,94.58400404621896,249.9388451060363,105.1703025002952,86.3535487336254
2024-06-06,112.23399124180816,68.75487893818256,212.07540440252885,96.01522570001593,252.05059488837063,106.18740684454411,86.23694924063294
2024-06-07,112.74150350827989,68.4660113595952,214.79835869191297,95.34515197899051,255.96177289432495,105.6656213051754,87.67134160086665
2024-06-10,112.9201687456132,68.1973093026098,213.26664864453684,95.34316305063255,259.1309042282118,104.8707394701483,87.60379349329247
2024-06-11,113.4688518193557,68.44856420753518,213.47178892272643,95.97409178648955,258.18717139649414,106.35001981871166,88.20469170365634
2024-06-12,113.33992793425858,68.87713508854102,211.4722567584598,96.39473277912096,258.76681931437037,104.78452935797593,90.34026779197694
2024-06-13,115.04599635700885,68.2821299237616,210.68365935815186,95.69706929390759,256.8536752924849,106.14655647581421,90.74232104414494
2024-06-14,114.56785932208615,68.33437258792242,210.21624132382937,94.96348977092347,254.42117492894653,107.60055379698565,90.08662726129162
2024-06-17,115.91876580472791,66.98687490576401,208.77938896896265,95.94502234942031,251.62202323560604,108.57342689518565,89.55885854425473
2024-06-18,115.22030366181566,67.15570249550366,206.33954956873012,97.13394008783266,250.62362722982766,107.87235332964917,89.59527897488935
2024-06-19,115.1969717855426,67.69655778723642,203.52481479572396,98.65335956329254,251.35049939026098,107.0379426844207,89.06564500066843
2024-06-20,114.01429506150889,67.53423451209957,198.89766700811597,100.48933395860506,246.68944191885998,106.85607316722299,88.60540073494082
2024-06-21,114.5800921260926,68.79973665380477,196.8864155578067,100.66496116211752,246.6737685033487,105.52336753718565,89.51850388430258
2024-06-24,116.29444948906375,68.22339442244618,198.20501625880132,100.3923284043281,250.54209231209293,104.55523346188144,90.47801690118192
2024-06-25,116.2510144387338,68.3992552837198,195.13994060941724,101.79853401869671,253.47014636599252,105.27361569687261,89.035751312208
2024-06-26,116.06877621271707,68.40211118552665,192.56537700378644,102.5680413327231,252.09202754487464,106.00182550439776,88.34559102665156
2024-06-27,114.82815933328989,68.36087874035034,196.1235274064129,101.60592431611389,248.6945608945347,104.93704169699134,87.97179486113187
2024-06-28,114.61100365817467,68.31009032906546,194.95714049693947,100.60133087855137,249.94072343502881,105.69121605180294,88.53581324770974
2024-07-01,112.84507666165362,68.41065185534073,195.6622976772128,101.13788552341279,244.31283163806995,106.21494456391827,89.58947938492878
2024-07-02,111.86436327086402,69.0208152102528,197.0019000546898,100.99914408363676,247.13902737476667,107.87397875119555,92.07998254504919
2024-07-03,112.16320023305025,70.0063177242711,198.3907627281432,101.01285064317256,246.71039715149482,108.53308385375517,91.6888556999942
2024-07-04,113.69791781373573,70.03274992677568,195.4716766835527,102.14292689081574,251.3705564027357,109.73198112143592,91.34500072673536
2024-07-05,116.98400267983067,70.63432028928418,195.0985656696411,102.96235623027626,247.16558976539824,110.30085008538254,91.92097632062831
2024-07-08,116.3463298690681,70.16842896254406,192.04363717102106,104.38251498335089,249.54517930270325,111.43159717078976,91.3325359960229
2024-07-09,118.07551140173945,70.73624032158531,196.8783059814811,102.42663839551447,249.39422809139802,110.05054417860387,91.24037150085863
2024-07-10,118.41102938927486,70.2273698734374,193.84077004592703,102.7275973069418,248.66942015540866,109.96062071744738,90.8988261999829
2024-07-11,118.27937315140254,71.025908479787,191.896976425023,103.48510442530826,245.38439736438252,109.9617392775077,88.58216583356145
2024-07-12,118.83967784806131,72.64257100212899,189.98642806048133,101.95808782718852,246.9493929763428,109.7379203849483,88.7268794424063
2024-07-15,118.96085680911968,72.58296762126086,187.2390295655739,101.33307554510706,248.7242374781495,110.27021432105246,88.6006568728207
2024-07-16,119.13990345841734,71.03728312337219,189.864749260198,100.5251572579639,253.30545202712392,111.01636733562069,89.77006627110921
2024-07-17,118.70187887394398,70.67727723597248,194.5981088742839,100.58719857865914,255.97418086480567,111.49728208534759,89.81091232991652
2024-07-18,117.10067485507626,71.58194487672772,193.75199413624094,102.27891462301844,254.56027123824558,111.34469788101526,88.72653608794901
2024-07-19,115.3530910763448,72.00774217989282,191.2869638431169,104.41041516536846,252.11844685123057,110.5727278532591,88.53323538266025
2024-07-22,116.15554876260018,72.2160831569362,187.1303577089126,103.60510006727301,248.79122474747732,111.83732228410133,86.73584141322686
2024-07-23,115.88093360941241,72.97737510616976,186.74879786474733,104.19374821339137,252.58462305795067,112.27403949262262,85.7261587895749
2024-07-24,115.23832100545603,73.36111284310384,186.23340127630146,104.8195298534411,250.7269731069028,111.18066884695314,86.3072043978832
2024-07-25,115.29423163408916,74.28962083676518,185.09843624126492,105.26872492911654,254.56771955977112,111.00992924656691,86.12844005000801
2024-07-26,116.26089021632286,75.00580316611244,185.58287056903126,105.73184895968208,256.0102824894627,109.13510970423148,86.96143577742545
2024-07-29,116.51736978866118,76.18636354826292,186.39223717517638,106.09591963752865,256.9590255337086,109.21739651302558,85.30182343069124
2024-07-30,115.80176530165744,76.49079841625647,187.07022627007822,107.94472476600438,256.27419751921644,109.04455497241689,85.12929487782404
2024-07-31,117.27747860585791,77.21726295753271,186.5543913493044,109.18502863804018,258.0761469178112,108.4633025496224,84.75935231661555
2024-08-01,119.19187553085764,77.0112699970521,184.5843648249953,108.07683556114569,258.1394587925928,110.23978889644539,85.60764396495715
2024-08-02,119.83072963139311,76.58009347183744,185.89183120235947,108.98384119914823,257.29102672557406,109.01618431082657,86.22000311939895
2024-08-05,121.05158725344904,77.92952113524241,185.98947562751667,110.0047293660906,259.1916868928579,109.83291765507575,86.81025214831742
2024-08-06,122.61340975803185,78.12943619914306,187.72416250939082,110.39590402996717,258.9223398762208,112.30600826739644,88.19399064194107
2024-08-07,124.05653496129179,78.79233302176591,189.28890015059625,111.69671267344987,256.96626788412544,113.56780293949349,87.90511167393436
2024-08-08,124.87064738433902,78.921453281128,186.69136513229367,111.95175460387763,258.6156779265591,113.57741256530693,89.12222699950522
2024-08-09,125.67030505472768,78.49131165329143,184.10653367831452,112.2212863754528,258.55365469928637,112.34157052044185,88.23173478627724
2024-08-12,126.37560400364731,78.53133899707998,182.7938783562891,112.40237854661537,259.9247937141005,110.86611978652618,87.31811338028602
2024-08-13,125.04642646160791,79.69905336045187,180.9456149402455,110.20063487566982,258.85129225905234,110.45495914949186,88.01307573597391
2024-08-14,125.9761132511399,80.17486878202219,182.39032508422744,110.15612458043353,255.8426283886795,109.74262165249506,86.73330788183311
2024-08-15,124.32935981794905,78.84590494698259,183.10543430764181,109.46623747396,260.42457039071104,108.99939719872118,87.26641145055262
2024-08-16,123.3947020425479,78.70785286896319,185.2032685158013,108.21843040412205,264.589449192499,108.68776359551329,87.38981757765288
2024-08-19,125.0637776048962,80.15528940461145,186.01342319120616,109.82540430440078,267.04501132740575,108.62012967461123,88.36688536082036
2024-08-20,126.16947333097637,80.01610301284477,186.47652029610924,110.42471167066039,266.117813624303,109.19211632949306,88.3497050049244
2024-08-21,128.1113762519393,78.61976376044282,188.8027147208468,110.43594124116069,265.42596202338495,107.89201908982018,88.43460473175641
2024-08-22,127.81491855144773,80.154306171227,189.7675507032884,109.85788786916055,269.2281641126494,107.20130968402724,88.92168150371876
2024-08-23,126.40117534654264,80.73543135051379,189.97280217331135,110.22781812260871,268.3845696828057,107.0730963769845,88.36973119521014
2024-08-26,126.14807411285966,80.71120397533647,192.88331986450822,111.37063118520992,266.79894321677017,106.9067429269844,87.78296318503546
2024-08-27,126.32737115778441,80.44415549779933,193.1828702660952,110.49762200562792,271.9498569446522,108.93170541937572,88.23570811899584
2024-08-28,126.47777593972516,81.35210770799944,192.67288384579507,110.53649265320196,271.9289783019947,109.22867233350647,88.2451606027395
2024-08-29,127.97096640754633,80.94475690367369,191.1418105160222,111.54480867330727,276.8913459373711,107.52331393663381,87.92161841800244
2024-08-30,127.56049325736194,81.91232539059136,192.56733226737944,109.44984090591763,273.1555074024417,108.01709606546142,87.88400999090983
2024-09-02,128.0615558907166,82.39060600007491,195.0422839839647,109.43061251815784,274.6844834379397,108.65156913723928,89.33233102008859
2024-09-03,126.85247311432073,82.62549134308188,195.02163516750022,109.00543671020593,280.5449416781772,108.55911555631428,88.97302979427121
2024-09-04,127.47598003956927,82.77891613135134,197.66815863942458,108.90320503341438,280.74069212486137,107.29273089262357,88.5894779611556
2024-09-05,127.53094493283234,82.66726641609867,193.8897130355264,108.40163532538485,280.11252418774546,109.239361171541,87.12454523725425
2024-09-06,126.62891841479646,83.569624745866,193.8597528464468,108.59435440975633,276.97129574911514,108.12009602238591,87.12249527470242
2024-09-09,126.38118445861886,82.8827273665838,193.85956885016307,110.74781650225025,280.09737369434765,108.88043260703233,87.73175803900722
2024-09-10,126.19910473141407,81.58190085469364,192.5323287741497,110.43382451964692,278.0597517870546,109.14211462042115,88.50383959227504
2024-09-11,125.90898500947488,82.11755640752794,197.25606197323265,110.80075390948278,277.90739299949905,109.8437544945084,88.63511512335882
2024-09-12,128.21040675979373,82.6706150143269,197.20440218328855,113.078361469774,274.6075305567151,111.77942631995855,89.52218288584434
2024-09-13,128.13549479615637,83.10182226088597,196.48055263795453,112.503112387405,279.0279239597884,112.45396189920585,90.21527440755189
2024-09-16,127.87449767841754,83.47472687174562,196.6101981167085,114.60914958644435,282.381986329003,111.87221339178781,91.26143086396263
2024-09-17,125.27042323898353,83.24087473537112,192.78873294696757,114.66110567204737,282.405750481222,113.1616345370409,92.2010280681202
2024-09-18,124.20491139301004,83.93253632011842,191.40589198076694,116.76925788862866,279.2767928096147,112.49470977378888,93.69745829365444
2024-09-19,123.92815204686507,83.92787137300448,193.37448812638704,117.69562513994647,283.71279732250923,112.7239349919259,93.57601785999549
2024-09-20,123.13033788562761,83.55345613319378,192.23896514805458,118.10486634152532,282.78959262812276,111.32022305009457,92.379357571683
2024-09-23,124.89339430618462,83.32659009915571,190.72840574654975,118.07459913795178,279.79329090513045,110.21997350434427,93.03174120689526
2024-09-24,124.73745271298506,85.06146425859403,193.31978078471818,117.38700442256511,275.0161721178659,110.32074590754416,93.79825665911211
2024-09-25,126.405575740554,83.63184288126448,196.0065852803834,117.52300737921277,273.35470903523,110.77187007121042,95.32062642784364
2024-09-26,126.53420146685494,84.08449821126445,197.1013693763907,118.62980198490065,269.5149524756978,108.94563056494545,96.58844601655994
2024-09-27,126.63195883607305,82.71749438990511,196.2848633280704,118.66170412988882,267.9487317389726,109.53255700483251,98.52534770408732
2024-09-30,126.57018201216587,82.66107273348467,195.8937220570492,118.33391237778257,270.0588099922552,108.68214699301765,99.17762079080393
2024-10-01,126.62562714811705,82.3363355783277,194.40250507852562,118.0847478483873,269.15454959383436,110.1259179445844,99.44457938606078
2024-10-02,128.87241260885054,80.66963455713423,192.55523486995824,119.31026093543731,270.2216862363964,109.7828995795155,98.11602104867296
2024-10-03,125.967855348007,81.01648113250161,190.6308588950198,120.82931736493401,268.3814624011184,108.59968997097138,98.45815464987835
2024-10-04,123.52101464651828,80.74146210967456,189.53208762195692,120.07390693645654,268.66386515356004,108.72552620987457,97.95484414546051
2024-10-07,122.90105396925617,79.09583042660967,187.65611796272424,119.32150417112892,273.98408877477374,107.77699683620314,98.20152046491668
2024-10-08,122.96808758520912,79.79460068732938,184.8184657150662,119.82294021547845,273.14018833182286,109.19701193454179,98.29437772517805
2024-10-09,123.86916844664515,80.98029904210135,185.2985121067223,121.71600163391376,274.3019393597654,109.24127868019475,98.79867229379452
2024-10-10,124.50635856482954,82.22892672681462,185.8080328730222,123.16813568042042,270.1491451300592,109.11934980483822,98.74204654747591
2024-10-11,124.07848740123164,82.55763960066072,189.07088298678102,121.68452762864395,274.3968063402496,109.81094943494949,99.70951025687685
2024-10-14,125.39951558264903,82.62871774843302,187.88660262590585,121.41216710423377,273.1997440380023,108.75642746419776,97.06972338007964
2024-10-15,126.74874223738475,83.76697684930743,188.51915301248448,120.33566681851377,276.195383719253,107.4063424486742,97.29323443928969
2024-10-16,127.03305110961203,85.22226233065288,189.18525780663919,120.06219931254125,275.9657391049784,107.88898163316934,98.50963410501762
2024-10-17,128.3131644685198,86.22829582997524,188.78114089619956,122.05283638007445,277.76974580069395,106.75174979561204,100.4093004219812
2024-10-18,128.71495726538078,85.45440900127895,190.26763671597539,120.37694521016505,279.7517610498638,105.62614670159624,101.1874209319628
2024-10-21,128.04547773853798,85.66089789417795,191.82509382036974,118.49128062459707,278.6003280560946,106.55630195105267,102.94792524776646
2024-10-22,128.99371265168827,86.07264213001189,192.53117681778608,117.56058704389415,281.77173793534325,107.1601177368126,103.16324538279964
2024-10-23,129.1881404904088,84.5628839167985,192.1164504740115,117.94600572375148,279.75310730881404,105.86723911548617,103.20747328511264
2024-10-24,129.2415577102502,84.99471282976772,191.50739038658776,118.72792006583575,282.0506872420287,105.25589573971553,103.79682913276353
2024-10-25,131.2117892360145,86.983545693958,188.98144979032296,119.29614006125708,281.06465837347594,104.35068228847734,103.83503933139964
2024-10-28,128.0862683221158,87.57699352632456,187.53953625306463,120.75525698826146,282.1617035168896,106.2633412835908,103.06706624217303
2024-10-29,126.33374392410491,88.91247539129465,186.45121217787255,118.69236429380076,280.97350968340083,107.27337354547306,102.5784121251543
2024-10-30,124.89288653214787,89.11089546748853,184.4410481749719,120.15929696333285,281.2264321050497,106.86560540602565,101.48448943943598
2024-10-31,124.48980882518441,89.0812992374852,185.32835245944895,119.83279354140186,278.33160206307264,107.52613858644875,102.06294638337154
2024-11-01,124.22292999923094,89.45736483730691,187.63440376401235,120.76087215842219,279.1331158775765,106.1201673008769,102.11541186173476
2024-11-04,122.41348279345767,88.76601606404817,186.0126690134407,119.22089975662861,279.3682109513299,105.45092135832405,101.78887358200366
2024-11-05,121.26193248586516,87.94979346828488,186.6152850904581,119.27450958500484,277.9744293449226,105.60379170672556,101.25417743348083
2024-11-06,120.27063804874203,89.1062224257908,184.7693124654932,119.60448579578164,277.9326585798339,106.12488748646003,101.80757655182076
2024-11-07,123.31212729872641,90.37363637956992,184.28046540970593,121.04324250673686,278.416694846752,106.06392656964026,102.64629086479478
2024-11-08,125.60426127948057,89.5181617020475,183.08592347431713,119.18719348055316,276.8166360437453,106.36984534037974,101.53300002511814
2024-11-11,125.13819500566015,90.4250668193172,184.2649239785827,119.27155129660116,276.57104654720285,106.4957941568008,100.27405849105781
2024-11-12,124.73392314766807,90.38261319888218,183.09161291158443,118.03137561800807,273.9134602742221,106.36427070448934,101.27626926834326
2024-11-13,123.35801441047923,90.72654684494937,185.0272753832156,118.67699140627874,280.5268797830161,106.09217194667235,99.93308275221736
2024-11-14,121.07491783485634,91.18151491204225,184.64702709977058,119.65081310132364,283.6272100081015,105.68316558626307,100.52190438725783
2024-11-15,120.98187098421005,92.12954586737006,183.5248359076876,121.24936739236512,284.5166217058446,105.9709488718002,102.20133597434624
2024-11-18,119.82857598085295,92.24267499025844,181.31157338256227,120.65063049529839,287.9862700056814,106.44976089803897,103.9112425642037
2024-11-19,119.77484427782046,93.59008943953182,181.84396721335884,121.82325718470597,282.4552922785205,106.70379629978721,104.72269156675354
2024-11-20,117.9206126802243,93.91767721235483,183.55258264764154,123.54189120707689,275.4327461717712,105.49576040423246,105.50980837076665
2024-11-21,117.07232188177818,94.54353979310494,184.12859381749053,121.57700267546522,274.4449165880016,104.48896710153197,107.95591975976424
2024-11-22,117.29336040568268,93.79652805876796,188.3727494345604,122.37269658908573,270.7957728913863,104.94855795998433,105.5071830949792
2024-11-25,117.77078631165479,95.8816320419399,191.1618753706629,123.60072252156466,270.26389646245565,106.54708913392199,105.06042701934662
2024-11-26,118.3107888730011,96.37170870383643,190.6511477521945,123.33067057274248,270.92863382268825,106.75229957224872,105.99803948713667
2024-11-27,116.80549041288448,97.10012422239652,190.12182143573344,121.89516731225876,273.5432069746537,106.35627140682932,105.68338902638308
2024-11-28,117.85522136188284,95.58929114858317,191.09333991827285,123.09925098577772,270.55541739128046,106.6377859735764,107.04459373776571
2024-11-29,116.9626691258232,94.84403221597003,189.57444700229675,121.68014751830056,271.74748044672873,105.47455086005951,107.04528518351562
2024-12-02,117.75231532144801,96.06380567676112,191.87510980384343,121.51191768971881,271.89532326947676,106.90698221721915,107.22928684915347
2024-12-03,117.78689403567475,96.37834354349718,192.64723062898585,121.51176694479643,272.95098703709175,107.14950184286123,106.97794191705563
2024-12-04,116.22327597725042,94.58923995033304,193.21919791579393,122.4333115075136,271.6445811523971,106.47715984712644,106.46300493652907
2024-12-05,115.90271285459053,95.61470500586842,194.62892980247005,121.71718163848323,275.5380898747954,106.34223719199692,105.92448702446795
2024-12-06,116.37349397189315,95.1342258654616,198.09032636794817,120.9351357171195,275.36315491330146,105.82557116355807,106.25460166457607
2024-12-09,117.13585888033617,96.52499285198893,198.5086495960709,121.10325008129577,280.404334144164,107.26569456866599,105.47695225297502
2024-12-10,117.01762555002504,96.4788305085514,198.36371108045242,122.37711614151468,278.3080866742341,107.09180770509512,106.52977417842557
2024-12-11,118.87141445348321,96.71520975735741,201.45972117535402,125.25878697302898,280.4953083810398,107.3012329202031,107.27083182461112
2024-12-12,120.12314990953502,97.90133873491513,203.49978953449806,123.4340593367901,280.4401446409503,107.96179392036711,108.50008316558855
2024-12-13,119.8631798800815,97.0654306852548,202.92879871089795,123.87345262601934,279.6343592406116,107.20787840306333,107.32500878055767
2024-12-16,120.81399636670405,96.14493823334492,203.0205157486173,122.58383348437818,281.5207179691549,107.45872637688632,105.55867193903816
2024-12-17,123.22230448411389,95.9945906002381,203.49895014887295,123.88866053329373,280.7920356133469,107.79714661300217,105.59648375036137
2024-12-18,125.71216935655886,96.8306493769653,204.31828025755928,122.78045205896937,273.52544579541666,106.1773066183104,108.74580331690831
2024-12-19,124.22754506276273,95.58871770320644,201.6458572467573,122.00369555054193,265.38085262417866,106.48853912777716,110.17556807342896
2024-12-20,123.13109412411775,94.0450997173267,198.63880608868928,121.33540185535439,268.8867253460936,106.48240336577062,109.61022935950153
2024-12-23,125.02313267231044,94.8609049932131,196.96267239075502,121.29148767630424,272.32406705941867,106.6635414517648,110.1205665469005
2024-12-24,123.75650565922913,94.32835913639764,195.1496784862736,121.73281640727166,277.62358616368726,106.74424129524729,110.96909000944686
2024-12-25,122.17941262058861,93.99669456530046,193.97486832681042,122.37200512249822,277.6859800569179,107.0640660774662,109.50473734464367
2024-12-26,121.63546967574284,92.30437253220643,195.2880625552401,122.41390323360359,274.229283918759,108.54890794946445,111.05927529355164
2024-12-27,122.19655874590569,91.71644704698888,195.0364415450627,120.84503736806245,273.19032696901695,107.31900581891524,110.91784910643321
2024-12-30,122.12033590040181,91.74619799445757,195.4980425556605,121.77643984243676,273.33084989919587,106.99522833334478,110.86164924617006
2024-12-31,121.37698518007876,92.64081635423493,193.19640863731254,121.76066026560999,270.70037544793877,107.75395404045298,110.93238452831568
2025-01-01,120.6096331077047,91.96586947383888,192.38352597644908,123.2327279393766,275.3101638926756,108.31673682845373,112.25423662879234
2025-01-02,119.80144974362705,93.5401995343185,193.5940589945688,122.41259644124163,281.6579410243915,108.85902962044183,111.45427834577737
2025-01-03,118.79991491057939,92.93921945051144,194.82720001767103,120.51503652809276,283.1215091943448,111.94296618578008,109.61176866458064
2025-01-06,121.59027845987713,92.34345266668423,193.4980188004363,120.52223630819665,283.2040122129762,112.67762510721604,110.01033324867097
2025-01-07,122.00135243102162,93.81158751909004,193.88862524350805,122.1431596405023,279.6721038741415,114.00476483426458,107.82803818567925
2025-01-08,123.1372664741689,94.04778312445538,198.27845399827459,122.3888434737182,284.14429732914346,113.70069618357171,107.54686254101387
2025-01-09,122.58552455714221,93.56746593852561,198.32287745351124,122.19358138191281,284.474968758998,112.62237407251344,108.87445463751699
2025-01-10,122.4067333094101,93.45980077625362,197.03167986459712,121.18315146602987,283.76704073301624,112.31385462599053,109.5505805161744
2025-01-13,121.58502830368565,94.77087548135592,196.76830177149554,123.38144238854704,285.24982160004765,113.16159341413005,110.74274797939535
2025-01-14,118.45069003192788,96.20912133937571,197.02855638192446,122.16647800782326,283.6974201066729,113.66836228354893,111.4764590970254
2025-01-15,116.87636460806424,95.46467061160384,196.80964462916705,121.33201891682035,284.2280758291082,114.17331714022507,114.24174625527537
2025-01-16,114.8251431087777,95.46234721110221,196.8266601475534,122.07444795611737,280.2696936650561,113.97443579018267,113.61714146093705
2025-01-17,112.31558573943283,95.58667886936796,194.08359643421556,119.87755907868016,283.4464462341543,113.59462040825528,114.11602623625853
2025-01-20,111.02540500119171,94.68646518195264,192.30115733365625,121.46386213148112,283.26393421232956,113.43586114652895,113.66261014490391
2025-01-21,112.55124238444809,94.67161472471788,192.09101930578333,122.27330188585952,286.68014053645135,114.30637364428917,114.8012661267129
2025-01-22,112.54624953332902,94.71453233355626,191.8505414376221,123.42714085456288,286.2185670961322,115.31754753579955,114.7765005675071
2025-01-23,114.05375607265458,95.83898461630382,190.84369574492806,124.1675917553478,285.9433580644676,114.20866722113914,116.81309897177967
2025-01-24,114.5692802291561,97.04199180401638,190.5823930045927,124.01728664646619,282.6107666848105,115.12869792817138,116.24116636043769
2025-01-27,115.51556650036432,96.76174269208809,190.77500680122668,122.75487456699936,284.8800281910755,114.42772520060652,117.9355535061332
2025-01-28,114.52536488291234,96.59356891281618,192.55636063434017,122.63208853423093,282.50881069103684,115.01155703305518,118.68461892830835
2025-01-29,115.17305638556576,97.27627127103602,192.44237842067392,121.49053514395658,281.250439069951,114.83691160071612,118.69356681701709
2025-01-30,116.06181971234595,96.74737532635056,193.28925704753578,122.13144866754173,281.3659081578184,116.69583482128571,119.38690559169744
2025-01-31,115.44064534801323,97.35748385777228,192.32214509750784,123.17002415971763,281.8199039235695,116.25547045427085,119.74711814524855
2025-02-03,116.13483752275727,97.31085447720592,193.50295086731137,125.05251854375325,277.16340969633507,116.50989667997204,120.2222024024893
2025-02-04,116.84097077561245,96.4106385565986,194.30907575250058,125.56850595434774,276.6350698656346,117.26568249629837,120.02175361527773
2025-02-05,116.24711882547653,95.53075016064625,196.07715609628193,126.78556912781202,278.95528564783774,116.29180148674084,119.23032437597121
2025-02-06,114.99522152468053,96.96196360618605,197.56009962435016,126.45996552491394,278.01306865522014,116.25359770173245,118.87902866348207
2025-02-07,113.68702659979184,96.84914473938893,198.80614340308344,125.9069331996606,277.49996431579217,115.99048282335241,116.94163456107982
2025-02-10,113.83093799764062,98.49030332955991,198.69003992147933,126.55534565461168,278.0622098521953,115.4422042109976,117.977560809461
2025-02-11,114.24947634254654,98.02492052056938,199.2569931379095,126.11762444345236,277.8232890772343,114.98167619873068,116.5759280962793
2025-02-12,113.39294636862476,98.35012240122977,201.46798867772463,126.5081656532811,275.08499035467116,116.3139411026873,116.36901823195771
2025-02-13,113.46847459157603,100.77200174735697,200.23862051651716,125.2228480977497,275.0950418036623,115.66607973157872,117.17245030943113
2025-02-14,114.16336076349776,99.75195845039654,199.06386047658359,124.17336052725057,277.954484708769,116.3696189593767,118.20740499983854
2025-02-17,114.91725170203236,97.91586055887655,199.50513874966953,125.0148775969089,275.158038140058,116.78299227951776,116.17459997798969
2025-02-18,116.7612346455426,99.22345674671533,200.4155159361288,126.17876253439971,274.2392218287232,115.20897400634145,116.11438129646332
2025-02-19,118.30912808254435,98.44582082122622,198.85018978217354,124.99116940658908,270.58451370036164,115.85499186326595,116.69610912859818
2025-02-20,117.17728145840442,98.46481643186114,198.7810763723455,125.88253788828703,273.25305414832724,114.2745866289078,116.80353776612513
2025-02-21,119.21443856974064,97.92874365888234,198.67376600345509,125.26379535245076,273.1100211970572,115.04060179698124,118.43142589065909
2025-02-24,118.63055821690654,98.23098906343047,194.39872075366964,125.33459588182801,270.9062244377979,114.50439525057155,117.50913081237924
2025-02-25,119.9245553102141,97.34062005893566,194.04990565523102,127.17401842203526,271.2647772501187,114.55979127710046,115.17188081330387
2025-02-26,120.0541277391562,97.20449677741337,193.82238399910565,128.25638196131638,268.1266328543134,113.13186460404184,116.15539288326711
2025-02-27,119.60817736441986,97.68178726745887,193.58936952762429,129.33293416206678,265.47599552216894,113.31571998844679,115.57943324174292
2025-02-28,117.51244503812612,96.74049052590097,196.4284821656661,131.87808115411318,261.73252594376845,114.416741403373,113.61012391659331
2025-03-03,117.35794202322194,96.10402491262894,194.1324044884049,131.00546956690954,259.05886051996396,113.54256116822809,113.47556159507583
2025-03-04,115.58830297004621,95.80907118844506,192.61515793809264,129.772163575871,262.7041968559778,112.90040789491135,114.92653258814862
2025-03-05,116.75850689562508,94.48765726023338,187.72389504444865,128.88997098426077,260.8896416822508,113.4602203818625,113.5292543146313
2025-03-06,118.59041728236915,94.12687489628654,186.89801117260666,128.6137969427695,262.213679068259,114.05131486466043,116.25900577687538
2025-03-07,117.69618193384832,94.27646385635285,186.23450100799974,125.67115139286578,260.13395922733645,111.35315022742354,115.33508735679933
2025-03-10,118.09935741931716,93.9381024802786,185.3612949007755,125.46091844382268,262.22215480565876,113.66559360682736,115.48166850363609
2025-03-11,117.29268203623526,93.72100304861235,187.50089886845808,124.82947375161162,259.64913622032793,114.31368392310081,114.12798326849595
2025-03-12,116.60445954120658,93.73984129725788,189.19719190870163,125.86201572807609,259.8549323636515,115.15919432937889,114.22116152998156
2025-03-13,117.55807499039383,93.16441773730111,189.42030497253944,126.35689303076137,260.0963231220081,115.04001969282025,114.11413185589252
2025-03-14,117.55979339419139,93.84800359571265,188.79509080755804,125.65039669405724,266.3283881603532,112.97047824038546,112.47198463645577
2025-03-17,119.67067134258569,95.24345252657638,190.81877353741464,126.44444346115475,268.1199197537454,113.78079547967307,115.74186791082397
2025-03-18,119.14261724039343,94.84011443842255,190.857403250622,127.41323971800718,266.64156466267565,113.18479878494267,115.21605019634687
2025-03-19,120.38736711265845,95.33952333759204,189.37778245516583,126.4883491410178,268.58187215350927,113.84765412577491,114.69362440217472
2025-03-20,120.5529092150557,95.14939911651388,186.22979761838093,125.91662224772702,274.49623263574676,113.6442751777801,115.85678269705856
2025-03-21,121.56468613529785,95.53600117030435,185.4839280908849,123.19473660799854,270.1672402265163,113.96069069090996,118.02510372037949
2025-03-24,121.07073247455146,97.08248202833913,186.96373609931342,121.90715471821771,268.00787249611795,113.12615440080735,119.40985245313007
2025-03-25,121.05916007301407,97.61659823048107,191.34537866052125,121.05379487011048,267.48069071129254,114.15389521455927,118.03130816216616
2025-03-26,120.96779625753847,95.93907910847209,191.5399041744831,121.19207627962972,266.4739518565397,112.85047424011121,118.33138108249057
2025-03-27,120.00864626479908,96.41418650683792,190.1555856010038,120.09977642057277,265.69497232691435,115.45945159734508,116.17239805555751
2025-03-28,120.85416946815253,97.64925140171101,187.99078704877564,119.53250557984805,262.35711435433456,118.11974360614737,117.27156677204616
2025-03-31,121.6912498169872,97.47208501350849,189.10690792423014,118.12401424784946,266.172918758657,120.11214909217985,115.41570623634172
2025-04-01,122.46467790140147,98.48678507647283,185.87350189598217,118.37365387868981,262.51811314647637,121.70263750738333,114.53820484915411
2025-04-02,124.41121155483181,97.84858395085759,186.974042306217,118.9262229596513,262.09786223942143,121.64843305494,114.58036094177646
2025-04-03,126.27799034625062,96.44431840962628,188.58463762540168,119.45347669431348,264.95930812102245,123.1250684509702,115.13743303622081
2025-04-04,125.85573647635997,96.61920400643429,189.48496985312758,119.51604026487826,264.9853155319313,123.05592052327503,114.88333538036339
2025-04-07,126.37666161981443,94.97491019337491,189.14484361794678,117.7354149353512,262.50771437491755,121.20747116777895,116.68849814299182
2025-04-08,125.64127450089688,94.78536724225988,190.29252556844511,117.05458025387485,259.09472103714546,123.0924537069109,117.58251836681819
2025-04-09,125.72090014840423,96.05140010939166,190.69434917334877,116.62541962066706,258.60291051619413,124.53962941423072,118.39039769496343
2025-04-10,125.01914397284087,94.27215235229163,189.29197072895064,116.20249363780788,256.7552831230015,124.55041612456652,116.99060232835905
2025-04-11,127.11187198096599,93.11086397840128,192.90440685826476,116.33618152357816,257.3856995794536,123.08297730424592,119.04329953485689
2025-04-14,127.6260574372918,92.19174072130714,192.3040996026614,118.05369106065,253.90526498628287,122.41252991037351,118.13837856863212
2025-04-15,127.39904801141063,92.17024424327751,193.87924060869832,119.06392004009882,256.08043192008176,120.25148732769398,120.25711329473219
2025-04-16,128.98040020087015,91.87051867962778,189.32201556702924,117.94109610702293,256.4790737732235,121.44191541751222,122.7627967835932
2025-04-17,126.2613925738357,93.20222025480098,191.8308626635958,118.79143911973927,257.06923397031915,119.55816584179576,123.44313162518512
2025-04-18,123.79330459345832,94.13359786947072,194.7470812754068,119.60233523797082,260.90496161791054,119.94955808248176,124.77357669576125
2025-04-21,124.83235322164978,94.63882050578121,194.88312803535345,118.68960119385221,259.8691549875336,118.98939501508809,121.03400155312045
2025-04-22,124.95783337310553,94.81466200284554,196.05353228158643,119.74929526527902,258.0930263929754,117.3507527877648,120.84654124868072
2025-04-23,125.32129635390241,95.22631841681347,197.2304609714821,119.60523181883205,256.7858453810395,117.6778596332265,122.23472148757564
2025-04-24,123.71949293834533,94.44678309235913,196.0451641346697,117.97786828457053,256.3944772860976,117.33263019428996,123.41939187760109
2025-04-25,123.74023784529278,95.2979822222026,197.1995746065645,118.56354685403967,256.26383940305544,118.36757028397757,121.97193926339051
2025-04-28,126.29489467652529,94.28180236044535,195.68964889798332,118.86860167553922,254.24555679789566,116.92336645279116,121.66286183560912
2025-04-29,127.39106440124259,95.11074646735946,194.57980960672023,118.64572111596412,249.25331446940822,116.08765893084198,118.66330780738001
2025-04-30,127.65849210991821,96.28411866085465,196.86374555197983,118.64874296013363,247.95825776030208,113.39407758829418,119.20206343658968
2025-05-01,127.15008099746284,96.52596465817244,198.87140690705715,117.84574617897083,248.9516430979189,110.98840065559924,117.02490567702944
2025-05-02,126.70003966281367,96.39457319549956,197.550582284239,118.61439321938275,249.3908279836527,113.04744765708632,118.40270395023647
2025-05-05,124.0804842370241,96.81994383966733,196.1851587798903,118.6103003408133,252.50140194043587,115.47379300131662,119.8593303660818
2025-05-06,124.45034807167394,94.12633043252761,195.00065839094876,118.85542287392674,257.59064211550526,115.62715874054392,119.33983029575819
2025-05-07,125.55722826853382,94.44903746484394,196.51314614770382,119.32838613367419,259.65790225725993,114.72438254102259,120.01153934585646
2025-05-08,123.6438757096783,94.3797807243417,194.63567598479978,118.00575373565675,263.37798626626574,114.4282614328118,119.79918853174209
2025-05-09,122.87791415182608,94.36975046756633,195.40935393592903,117.00194440780103,265.5114466840742,115.47843827785826,120.13738898512796
2025-05-12,121.5124404722407,95.07688755716653,196.9529912713929,114.4904151412494,270.1985194359859,114.93191858603942,118.81449388091139
2025-05-13,120.393210044951,95.04383609485706,196.8579933318228,115.18488482287678,275.3561862571591,115.25145187714297,119.60424426875626
2025-05-14,120.50580819737667,94.00388857036279,198.93601885585593,113.84255886729413,278.098991280386,115.28285520207075,117.70440930294686
2025-05-15,118.06719730039103,93.90861443009796,198.4109049976093,114.0391862517258,280.18243246230475,114.67483392102042,115.61632594428504
2025-05-16,118.84220864011309,94.00967263201882,198.0662562087105,114.5088383253182,279.7198632056161,114.11864636440743,115.52164222633098
2025-05-19,119.78939822051164,94.15543838622584,196.21855994463573,115.24675658120364,279.7161225901445,114.49966228124654,115.32398846021789
2025-05-20,119.53678642950078,94.34574852353222,198.30394178215974,113.91304223136376,278.88426296445226,113.43193803007917,115.68471024893108
2025-05-21,116.65455838175049,95.36960297206194,196.86844400455686,113.88438347232001,280.73450026596413,113.99108978663948,114.98174775568033
2025-05-22,115.54417089791893,94.37720344179439,197.63727909515646,115.84887707464009,278.83101112101616,113.50018830296591,117.21739847259896
2025-05-23,117.0243354198225,94.58099521100726,197.57539656226265,117.89916257848444,278.40999831677425,113.69030956493478,117.45277843539508
2025-05-26,113.8636825060952,95.84725749089547,195.5844852331512,119.11661075911202,272.03837542286664,115.32079823800233,117.77372336706686
2025-05-27,113.51406288103485,94.23670370260501,194.47456905842802,119.56711757309684,276.87718748895327,115.17306086218244,118.05345421455154
2025-05-28,112.22734988469927,94.44391898179713,197.26147374132034,118.41871823390602,276.3779451788006,116.28381892398083,119.29108782301657
2025-05-29,113.17920262691229,93.93024416049052,197.73874742298688,119.32048441078645,277.7510197424589,114.2642317865533,120.02820976669564
2025-05-30,112.46266354851696,93.62012017764928,195.83161807986687,119.17974397706921,281.94244853472594,113.77353743597598,120.60816384080077
2025-06-02,112.96305599949554,92.81397717066653,196.50904905986383,119.89760536096628,282.90351447919437,113.85057524458963,121.54770465050346
2025-06-03,113.64907728985372,92.6938138519978,196.30063598277397,119.18890307829746,287.13409548485765,116.10792563251341,119.39778745022073
2025-06-04,115.80151984432523,94.45412751302753,203.28070459791957,119.03056682324863,283.7041472588,113.89997273880294,117.33020137104155
2025-06-05,115.61298424058752,93.30465411004593,203.94269419328398,119.27381278873119,290.7040461375874,113.83596771168445,117.28790119948138
2025-06-06,116.09498753058678,92.25660597709616,203.24919648636404,119.61575680550342,293.9991358518108,115.55255186669675,117.10311453018541
2025-06-09,114.42941376819493,91.099703005107,206.23846044074395,120.2558799915254,294.7327026800204,114.69486073068582,117.83118515761974
2025-06-10,115.84606626541789,92.72412872787412,202.55728037530534,119.60921128734701,299.08255719703584,114.4967947145599,117.90192501056825
2025-06-11,115.01438487477729,92.33334371666228,202.82953843886133,118.06047716051602,295.72598447437286,114.92321603323485,118.63740020024325
2025-06-12,114.41699948091428,92.34660460460368,206.99822101728586,120.04238177439746,294.99167885132385,115.18151833032273,117.21570050744188
2025-06-13,114.43731282436936,92.0121938357876,206.84054993398092,123.1172808067658,299.4027486952857,117.04599871982695,117.24999748079262
2025-06-16,112.70776781312568,91.18376639444446,203.3676034426539,123.71884481528078,293.98214988347513,117.6191364435297,115.7343893287748
2025-06-17,113.01109996363734,91.00599420292755,202.64506818733832,122.14045948439143,295.75269893942226,119.23895155489232,116.22946663908724
2025-06-18,114.15540323642874,93.30818304065339,205.6963796965429,121.2482065742501,297.44977587970067,118.85798682933486,114.11235661658301
2025-06-19,114.53609856525846,94.6540361817486,206.5540027102781,121.91583312848262,303.48665777472064,118.02826602394869,114.55632785571905
2025-06-20,112.7757201476761,93.88767695804891,204.91050676432528,123.61131305118134,298.8399345614738,117.80926359172888,112.93095955018198
2025-06-23,112.68124320820334,94.53544871420704,203.5925929029521,122.16995682683178,303.8105768416978,116.49820620344438,112.54367591130953
2025-06-24,113.56589771674473,93.79013267370452,202.53726628849392,122.06697088758732,302.2364618536142,117.10968712933514,113.60081193081682
2025-06-25,111.49763472027472,92.1756484159644,203.3514737146254,122.35530601576794,301.0088308444475,116.7053300480752,113.90496420876428
2025-06-26,110.34984380665608,93.1574514450507,206.17345742911118,123.46712681233227,297.4718381435301,115.97032301842279,112.09064240706799
2025-06-27,111.36589741656064,94.28216264670581,208.43809089138995,123.09284770932054,294.37104764687444,116.59669239716983,111.38402474224782
2025-06-30,111.711773976252,95.31169671591046,209.47453754022928,121.2313596460804,295.67954862977837,115.31687208808698,109.768118535013
2025-07-01,112.2178221841047,94.90286419729755,206.78626946388613,122.03559429732142,292.5258218939032,116.25531580556326,107.96666720451702
2025-07-02,114.36976722904622,94.78262662675772,204.14007901697414,123.46537079990615,294.817283385376,115.74684052306796,108.13702514177581
2025-07-03,114.95287931769292,95.53415089638378,205.31367676858738,123.41279629065416,292.9863806816229,117.14311135891546,108.788122219731
2025-07-04,115.7579275802788,95.94726762198535,202.65078551471677,123.96350461490128,289.5696303865896,116.73063149826666,109.31222279654094
2025-07-07,118.98633263487457,95.60856138006962,202.27508118834007,123.42606247463803,288.16052291627716,117.51759678233631,110.0169544241095
2025-07-08,118.77970857827889,94.11069087915712,202.972411026386,122.43552494197428,289.2480915183501,117.7759046771351,110.04786159106547
2025-07-09,117.88290031054538,94.25561536027367,200.75677959278565,123.74819571074096,288.5623658561003,118.70278035218765,109.79132013395294
2025-07-10,118.43564412217853,95.31626811723667,198.79049878224654,124.27834648804262,288.7765878066163,118.88090499502688,108.66293820105466
2025-07-11,119.00430105373215,94.21925982969613,198.68294035655381,124.9392308260026,290.9104277004852,116.96657608454007,108.22906836581518
2025-07-14,118.42649607694808,94.86095722210453,199.76602215412703,126.8808703100624,294.1940623825807,118.19976950009958,106.85112393336547
2025-07-15,117.25704744397127,95.2140607878783,201.9786462476861,125.59974123941153,293.4005301510126,118.14342183083878,105.99424977497061
2025-07-16,120.04503401905562,95.96937314957643,203.28979335235385,124.95828119492327,290.46888219758745,119.12751647798893,106.13099297447222
2025-07-17,120.48622012432078,96.84859336268528,203.52097696226787,125.20586024546192,290.80629635451345,120.00062501226145,106.04844871756305
2025-07-18,119.65499219030941,96.21682259689213,202.08878548319112,124.55110732381651,292.2950955414589,119.12388313921029,109.39260956358576
2025-07-21,120.80429503396653,94.71142333278644,200.01613993596717,125.58056409810125,288.1717452481161,118.0863376996105,107.97345150068361
2025-07-22,120.72079359299852,94.24515547342479,199.0765237149378,125.39559567950714,285.7309280868254,118.91031854927357,107.88160655959629
2025-07-23,120.46407477191197,95.12489357306843,199.9742579348382,124.20683216097707,283.7968564808044,118.59769995307113,106.39909477815006
2025-07-24,121.19178641988184,94.64855950225393,200.72882845116052,124.3382773116655,283.32098180807327,119.76139470263874,106.02969648423598
2025-07-25,119.6840650741341,94.03153691476551,196.63630700365906,124.60008415993377,281.28548858984874,119.59599764244713,105.70458596693146
2025-07-28,120.15490098244818,92.37133670261574,195.1754884959869,125.82047664242899,283.3946741721049,120.87457940765624,106.64409537010191
2025-07-29,122.52453552876187,94.04216045749736,197.61963946515468,126.36663856275645,278.9937004258329,121.43589605285506,106.208103860741
2025-07-30,123.14629964630895,94.85983050307959,197.8553722993999,127.0015099004757,274.73088416225136,121.83482926829292,106.04751171708959
2025-07-31,122.73296211629827,95.63121595157968,195.14955859093652,127.45991107398878,273.9246661045455,121.42856615442005,105.63439598703128
2025-08-01,122.16100682605293,96.59978806935764,199.8814505479633,127.2711267251824,273.55333153356634,121.75982211146079,104.20639714391527
2025-08-04,121.70943248220563,97.19736780774733,199.9035551959911,126.41339836826111,269.71076945598986,123.27023282292832,103.57049548544317
2025-08-05,121.44929811550003,96.99896830158788,200.7536161396808,126.82977833703572,268.1865102323423,123.25271063939608,103.21695472268814
2025-08-06,121.03972662158755,96.87899265616745,201.63791992470138,126.45855318844217,267.2199852572384,123.9587129567348,103.33450922425907
2025-08-07,122.20279579344542,96.50425085576599,200.97844403730662,128.66509142440208,266.27756828546467,124.0658100336649,103.95528567006681
2025-08-08,120.15106598690011,99.12031995163306,199.60130898448597,130.45582462746552,266.7889961439211,124.27019553990051,103.75318901278803
2025-08-11,121.23973116170845,99.71275330132846,203.9630136450883,131.33654204912457,265.1358352500736,126.48102525019111,103.53328274952524
2025-08-12,120.82859481454997,99.29106440361006,206.1019048972843,131.88729360970513,269.1908596677975,128.061369623659,101.80762487852265
2025-08-13,121.33343870144664,99.79424824878343,207.8860519555216,131.82405688040487,270.6165001131766,128.21437111141017,102.3995529690192
2025-08-14,120.02170102231587,98.83006496218698,209.1711872321345,130.22411058137897,268.5485064224666,128.54103324634977,101.73011428169463
2025-08-15,121.67564770618901,100.36835084014955,207.16587905844997,129.9948938378675,268.9099780848354,127.69306737590675,102.5340153469752
2025-08-18,123.25005122667622,99.74692576814934,209.9134121058277,130.17883667815028,269.35139353767977,127.52338476953851,103.93430325336335
2025-08-19,124.48822508636704,100.28810465266776,208.23428079126796,130.5300850000836,272.75229461471883,127.96972795706614,103.78068244310295
2025-08-20,122.66580022031621,101.40342488286021,208.9085640774443,131.1968805934243,271.2281132920244,129.1145340771387,102.76519616323299
2025-08-21,123.7365609001924,101.8350708336103,205.59387961533156,132.46419761589144,273.4267059123108,130.13756463638566,102.78914466926227
2025-08-22,124.28823545299521,101.97210055630993,201.52111726608385,131.60313772793663,273.65060953415104,128.753469907602,103.18946565213258
2025-08-25,122.35793407743876,102.02391767033667,202.24444473628756,130.7595454262463,277.8740101804508,130.06955127884618,102.90554933780145
2025-08-26,122.37714898283485,102.00714519801146,200.694950406531,132.72358698797703,281.5969306941211,130.00612704136208,102.36769524576465
2025-08-27,122.87320944850644,101.46114090015934,196.82094757136642,133.80432722185736,282.26504848000104,128.78079132533688,102.98738539372366
2025-08-28,123.60781348963282,101.04652381399694,197.9670326164854,133.33580272693325,281.63831914527685,130.56556498192882,103.54251399175605
2025-08-29,123.87665745616341,102.5937429866284,202.289799973828,133.2462162847086,283.18198588501383,132.54315681662374,103.22585918605142
2025-09-01,124.28765616645423,102.52345277986154,205.20242381502536,133.16267852133365,282.78453588367125,132.94636471165302,101.57309971621196
2025-09-02,126.18319766618096,101.76168085796053,204.75696645165127,133.2580226564853,287.6913837626953,133.9455950019893,102.07853983486153
2025-09-03,127.79087513448428,101.2781448667832,204.85700504998903,133.9429683076878,288.0324139394192,135.03151587881416,101.33878832402404
2025-09-04,124.2287457873665,102.43970157505449,206.7663190223268,137.43677967206534,286.98116771200625,136.9842456109743,101.59686254326468
2025-09-05,123.88456501620925,103.17539607430794,209.18322492055754,137.7529127199552,285.7794744444672,138.04042940166988,101.79125803449973
2025-09-08,123.73023783813746,103.79665100319411,208.549241784528,138.72417015982697,282.4467646652021,136.27429453407163,99.92648366112842
2025-09-09,121.62988555856072,103.57111666492919,208.70399623780798,136.45880950590967,284.1367625280677,139.09648147043333,100.0475496102728
2025-09-10,121.7932018055907,104.20833525658719,209.41608500272676,135.853052777268,281.9290852079732,140.6429448359384,100.60388692373594
2025-09-11,123.37297904578462,103.58126852512541,210.66345780213265,137.58775852359767,285.1561859228902,139.98414000130265,101.2874403111294
2025-09-12,122.08853013822356,103.35403913074288,210.46747097392475,138.1976782461872,281.6056534916544,138.60565402617993,101.44695753215873
2025-09-15,122.54893845873693,104.40300017003274,210.29898505918925,132.31612759452213,282.0770089078945,139.36285704352963,99.50065385566631
2025-09-16,121.48031255370451,105.36191036803109,213.30617605445858,133.26427641897385,285.4544159646671,139.0312062993552,100.81982634012618
2025-09-17,120.71508418369072,104.37415534404839,215.98820222461978,135.89952709612808,279.48814644267566,139.5465681227459,101.27557359944754
2025-09-18,122.56077497002482,103.52641795700102,217.1086441631881,133.2672839724407,285.30036491294,140.64407885819375,100.1042416510995
2025-09-19,121.94638134574143,103.68047848650706,220.96161160760363,135.3617253630725,284.2032596885535,139.90561501109437,99.35849082979072
2025-09-22,122.56035173028177,105.52787872996072,220.1974239802117,131.71376036575765,284.7184049791829,138.40815112065573,99.62834089483955
2025-09-23,120.33642895112784,103.56708010524464,223.88986574422822,133.00823922957704,286.46464671154416,138.99877518990948,100.3480369667076
2025-09-24,122.64752244583674,103.89729354599358,225.19786473814048,133.04994567752303,288.66776419101905,138.3146611696755,99.89952037791817
2025-09-25,123.43825786797618,102.518412419489,232.7790396225365,130.01175598034035,289.5752694492849,138.57229857698766,100.76792883527727
2025-09-26,123.26248381336389,101.91092076420271,230.11170307062164,130.64533108236412,292.5949142372381,136.77796757009492,99.0170908817387
2025-09-29,124.0235617217819,101.58082852218098,228.6223244897783,132.21040789847723,294.2353079178824,136.4880560318926,98.02944378125576
2025-09-30,122.3362458511431,101.195039439621,229.6736486313262,132.74546834613767,299.5821365951438,137.52237458308207,96.06492262072157
2025-10-01,123.84102350797839,100.696574157252,230.68005861411552,133.57749537980973,301.2715149308507,138.4135514076708,95.24477803894996
2025-10-02,123.48983275555337,100.74412127172587,235.31689913476464,133.08194123668724,307.371851197386,137.3815887664459,96.73071274958892
2025-10-03,123.28738970489566,100.24641388215629,233.8428633990162,130.67994168396413,310.2781163240087,135.84027266111823,98.78136592394257
2025-10-06,122.73181088267249,98.83054530207339,236.06296045521486,131.63984948690458,304.847467042954,135.91604333362085,99.05298288563522
2025-10-07,122.07005014683064,99.64415763354411,238.91866520985388,134.01708876272662,313.0373680763956,136.73540317460436,98.46199100309919
2025-10-08,122.97016532312377,100.43734876617081,240.70440836834916,135.59372904311934,311.36913237168636,137.34547212750476,98.28330707005243
2025-10-09,123.33458136601145,101.3283142259227,238.49770699021988,132.9780889810106,316.1872398583428,136.698510508476,98.78913168024253
2025-10-10,124.19070373169872,99.81899899429632,241.9756942279474,131.03119519004082,316.39850274957377,137.16109240691253,97.29599110446706
2025-10-13,124.22946387372504,100.15787763785605,245.0667281729513,129.97937040309085,319.90158650276663,139.293002574195,96.77926774837645
2025-10-14,124.91860544061717,100.87756017717776,246.63916018510469,127.97641564164334,317.83380399180265,139.63489085906488,98.21723665097795
2025-10-15,124.44624819768177,99.88259889857609,247.24255415815995,128.08420425022751,319.95682430261076,137.4279272545123,97.23440650706195
2025-10-16,127.3031436033796,99.93172649465069,247.90136258123457,128.64054620145816,319.2754331926432,137.76255918629911,96.5474286542478
2025-10-17,125.372824669998,99.85554097501536,247.8053546203891,126.86449122193939,324.4865829014147,140.66359481977057,96.59879942308879
