,AAPL,MSFT,AMZN,GOOGL,META
2020-10-20,100.34531191237997,99.78912007676519,100.87094363494803,99.56519888968214,99.26001754051643
2020-10-21,99.34687516631236,97.3830406652595,99.5771919079046,98.29847008775093,100.49498559266259
2020-10-22,100.1352755843068,96.45609095157322,97.96916589703488,96.16247495488477,101.42805293323292
2020-10-23,101.12199657815688,97.69172995126067,98.81901094641245,95.96639913155197,102.0808564004928
2020-10-26,99.20786773183546,95.05322190240223,98.26424441895966,95.70154733446753,103.07136942080145
2020-10-27,97.9635556016898,94.76135999287267,97.9187410223377,95.11831194662018,101.09380700572439
2020-10-28,98.12811608923045,93.68721402048288,96.15580623349989,95.36725286930886,102.51275434717692
2020-10-29,97.85741850068665,94.48181918283693,95.5433493423966,95.78316986399454,102.95663134503779
2020-10-30,97.88012292255472,93.88365349452091,95.57434165902887,96.13157463463897,104.04418435635105
2020-11-02,97.08754091284992,94.30138032044373,96.50628829704615,95.86649758750947,104.48957193082
2020-11-03,97.98427777140552,94.87406980761799,95.80317901122523,94.85414112849486,104.58253042493182
2020-11-04,98.78887075713324,96.6709254446329,97.44319856923947,95.52602143860045,104.33672740831025
2020-11-05,98.89367283727954,96.51353622109691,96.81714237164624,95.57619891757085,104.76239447873988
2020-11-06,100.05476372061537,96.91591180454543,96.19651700088107,96.46761913327029,104.4780913313122
2020-11-09,100.56384171036947,95.52549346441336,97.72591031692713,97.27170589971274,105.43094175816563
2020-11-10,99.7432956606773,96.70811272644114,97.97196127030738,95.93688562148452,103.81304027014389
2020-11-11,100.15183154176019,96.01382641814061,97.47160267413396,94.6085934459172,103.29364279384721
2020-11-12,99.23576900255372,95.51513003704409,97.35944514359105,93.9340466429606,105.46973772029686
2020-11-13,100.15139858680726,95.53208758400304,98.72522492024761,92.98426176234923,104.85340805062265
2020-11-16,100.1414581414801,94.08826614660013,100.22348211268594,93.72666884551121,104.64528821433146
2020-11-17,99.99649588155604,94.34148734565255,99.44796890603862,94.09414889326253,103.76727116482192
2020-11-18,99.35763829655829,95.2967499062716,99.44554856080133,95.17218311481541,104.1580097905108
2020-11-19,100.62002184150765,95.61455376411293,99.57506800297857,95.58850508222375,103.4353129996781
2020-11-20,100.50484821810169,94.1449926479098,98.63729257023134,95.82648124118131,103.28480947488549
2020-11-23,100.11531674888971,94.06612344840114,98.6218224722374,97.02186512142259,104.20696588147098
2020-11-24,99.803310447628,94.80463163166532,98.6665308340003,97.51767465833075,103.52274468428526
2020-11-25,100.37613155119848,93.0780489564083,99.83790129947813,97.62314920338684,104.38410941125007
2020-11-26,100.78392675069875,92.11987491874784,101.0911044020596,99.1188048950242,105.28803114237326
2020-11-27,101.2412428828587,92.96807486381657,100.7991617934439,99.27273773811287,106.44722359904941
2020-11-30,101.71903180074027,93.25681206830161,100.62397090172767,99.010666116117,106.63957806268061
2020-12-01,103.96256664459005,93.67926031110952,101.3351592655209,98.22387875285337,110.1967395897103
2020-12-02,103.58232923788553,95.47570062795639,100.78419494411659,98.95642531232593,111.4095049925498
2020-12-03,103.09432241475913,95.96248167645392,101.41976047713963,100.228252531461,111.81675587958091
2020-12-04,102.29968497218651,96.63453469161637,101.37118546861595,100.21764152574058,110.8859481627874
2020-12-07,102.97295569939256,99.32960212041571,100.43340770949595,101.5776359713362,110.82269565742793
2020-12-08,104.18374412333023,99.1571126850691,99.5168056484313,99.63596982372776,112.4596912635063
2020-12-09,104.10673137125683,98.40845856287153,101.00773699840704,99.62057389349344,114.44452453596696
2020-12-10,103.27703846475617,98.86988822179315,100.89021072313291,99.62047934155518,116.19542765512827
2020-12-11,102.47001909429466,99.34460212803283,102.59984725568027,98.93843773092946,117.15823040859846
2020-12-14,103.18011878229716,98.86225144811672,102.11504617878569,101.36586789785599,115.74260644543351
2020-12-15,103.99145462958231,97.88599758062165,102.45381722684886,101.33932098522519,116.35436834440796
2020-12-16,104.59965689106328,100.21340435993625,104.97675037441851,100.96734946426777,114.96484777592838
2020-12-17,103.94741791909799,100.58170582218501,103.91414539784405,101.03397163213155,113.31275038392175
2020-12-18,104.23070791503588,99.88779805876075,102.001435650306,99.0701986068707,113.62951469918876
2020-12-21,104.39415065545757,100.84723425322382,103.36359176729405,98.35958483256421,114.2712810137107
2020-12-22,104.66455602198383,100.777527382492,102.55350869841831,99.37120624913814,115.3543909819347
2020-12-23,105.62285939839097,100.56321891705171,102.57329690785402,98.78768414560832,115.97566827980252
2020-12-24,105.90164382450038,101.17071144876162,102.0148563023711,98.01143847177156,116.64046708499114
2020-12-25,106.66572836829178,99.9120680561533,102.32971300696067,99.34309326182014,115.54380786256135
2020-12-28,106.7805401119638,100.30512112704974,101.40219303012915,100.72378730412505,115.46875571269379
2020-12-29,107.13255453963164,102.28328829502533,101.2603899549026,101.28637452675552,113.78706059548374
2020-12-30,107.85414202046861,102.8023359960602,101.75759556519905,100.86678871832007,111.5747891670563
2020-12-31,106.33646012847322,102.45728248034773,100.77702287285032,100.66578919510584,112.44919818929672
2021-01-01,106.03948313016191,101.9798151094937,100.11400049909747,99.89948319801779,111.65014802349317
2021-01-04,105.58409881967623,101.60284156212182,99.80673972290208,98.95020870647544,112.67361641711746
2021-01-05,104.95366867803284,101.38568180460577,98.43018931527067,97.96131113389849,113.97495882852328
2021-01-06,104.70716818574071,101.0437721698662,98.05435317524348,97.39667498228373,113.31659100700368
2021-01-07,106.32675985841253,102.01470047331827,98.21018378937598,96.43265242826979,114.03309377814999
2021-01-08,105.4522961577027,100.30191967883727,97.85770416114012,94.97444080223018,113.3269648972418
2021-01-11,106.52092716857192,101.21073564333882,97.63154617629036,95.22112685402848,111.2987855291109
2021-01-12,104.78522376791342,100.86751967158676,97.65117045775014,95.48295918592903,111.4806954104527
2021-01-13,104.47668297327408,101.28896254916707,97.0517371393113,97.15967132492864,111.0013875607057
2021-01-14,104.68872754111196,100.19392601119557,97.76384586766484,96.5510937967471,110.5581704302112
2021-01-15,105.34636873024421,101.57463808458667,99.21752041550991,96.87614854174838,112.80890069862596
2021-01-18,106.14073867628562,102.88894765110525,98.79735289811978,97.21844621257776,111.14511313271755
2021-01-19,107.0289554119612,103.92257322906462,99.31759981625002,97.01077877285937,111.6161088852129
2021-01-20,106.6990397203063,102.40121583590363,99.1195425925155,97.77465866273853,110.55546182507538
2021-01-21,106.24934472919523,103.2950851563798,99.52227575838778,98.57500410977498,111.60880292596215
2021-01-22,107.20773483479664,103.75562219972254,101.13328409580022,98.93784576404431,111.98716185866127
2021-01-25,107.04564754884305,102.14420966720184,101.68968649181255,98.72472635287754,112.45775971686567
2021-01-26,105.73103807458696,102.16025023980802,99.94217227093849,98.41174279360914,111.44473143132242
2021-01-27,104.58139008254412,102.57436073125439,100.43710369925655,97.1137134289473,110.63902850644962
2021-01-28,103.66567917899448,103.18760702186025,101.72370212855392,96.37274346495353,111.71437734566605
2021-01-29,104.22402878749774,103.41203753952234,101.53914340801067,95.81347591529035,113.75572530734411
2021-02-01,104.41433376903085,103.75513861223517,102.59618220219646,94.7804936244916,114.34914771147575
2021-02-02,105.17985780114564,105.33753365544037,101.93135190121319,95.23646120280465,113.37288574216164
2021-02-03,104.77333366417207,106.679620260921,100.46849286670853,96.42149394433717,113.80331429500549
2021-02-04,104.98155695169771,103.70596032103174,100.65067562900221,95.58811752564888,116.64631008078314
2021-02-05,105.68263467499068,103.41863875813043,98.9377730552448,95.8977896393726,116.81255939457083
2021-02-08,105.39836516231516,103.28980667418615,98.74032135517517,94.94918194958386,118.5801380261464
2021-02-09,105.92326083762869,101.53643591619104,100.05917990669928,94.69797341594747,117.75258766892347
2021-02-10,105.26654087354572,101.67277206067136,98.20569238623098,94.08412267387241,117.75013131476202
2021-02-11,104.92702197381935,102.99156759989413,96.99594883023579,94.6899869914066,118.52933707131916
2021-02-12,104.56905857535273,101.91931168522912,96.0384748190993,94.08704635966785,119.04883454270487
2021-02-15,103.36736613659723,102.30365982233707,96.01608139266224,95.0817438327464,118.18721044330549
2021-02-16,103.91352149056495,101.41157260852098,95.70384967025414,94.88634199372305,117.2812295381479
2021-02-17,103.4682710395763,100.77276117664023,97.09111698067892,94.3096708232915,118.49343591257187
2021-02-18,103.52260005514266,102.31354092322222,98.06135666694249,93.1723203434083,119.9617658414432
2021-02-19,104.06309662363485,101.80064609829591,98.58765990252215,93.4459066767372,121.83827000842365
2021-02-22,104.57062968357182,102.31318760335475,98.7708384503599,94.32392930715574,124.10572390046394
2021-02-23,105.31086301225304,100.45666038793281,99.19967137875088,94.61992970160003,124.32262593742547
2021-02-24,105.24928945133212,102.38595757870306,98.38760965779343,96.8009147284441,123.98592069288306
2021-02-25,104.84664286318008,103.04606225731897,99.27432538262863,98.23418967250039,125.72260416812637
2021-02-26,104.80500792131376,102.8993263547905,98.2157450445041,97.97173716388001,126.67295639449583
2021-03-01,103.0926616950812,103.53467298790156,99.07927714743914,97.69972716361683,125.48472850881369
2021-03-02,101.65219028791847,102.12610437022411,100.30160872483145,98.19897070105893,124.24404165297571
2021-03-03,100.35662490663717,103.38229037598836,100.55354583483481,97.41844260406836,124.90669409567292
2021-03-04,99.40054760883872,103.08911689182199,100.41667201532964,98.60070630378036,124.73534648951315
2021-03-05,99.83864821915307,102.92011775361357,100.8597914051911,98.9974834511067,124.75227428101464
2021-03-08,98.97829409246997,102.45632143233942,98.05378599353509,99.29140577651717,126.14793415108852
2021-03-09,98.64415185560395,101.90388461766932,98.38995809479465,100.01583824650939,127.1599407726163
2021-03-10,99.9741079479314,102.6552993418974,98.31781159146651,101.79457935838437,128.91385656806293
2021-03-11,99.65842532243477,102.95951327760552,98.30736281855894,102.00954713507176,126.49832180202098
2021-03-12,100.43630524459162,103.67420287318335,99.0440054618356,101.93506618741151,126.87001023994388
2021-03-15,99.54278692860338,103.70655977838707,99.00957491517374,103.52604264284136,127.80554205791124
2021-03-16,99.37824192002661,104.28185406747225,97.92623519989223,104.57439217251843,125.91965533887158
2021-03-17,98.47798050234492,103.88753098884234,97.82698571128137,104.28097163163896,125.14775648494592
2021-03-18,98.18393862850597,106.27246275086586,97.9322606036362,104.32810314707348,124.1499661729947
2021-03-19,99.0520753627944,104.66103556110049,98.0841084872467,104.57396082936204,124.22658806621769
2021-03-22,97.39477080480037,106.03150518278221,98.28235938463206,104.99499786483275,126.31588089012797
2021-03-23,97.85793243047769,107.53488893695173,99.34893453446885,103.62169417433877,128.94831368057268
2021-03-24,98.13009652188322,106.66507179632025,98.31512677086236,102.0764319025401,127.95373834327096
2021-03-25,97.58781255637307,109.11326718888516,98.52742182617598,101.21510097407919,128.6807269839438
2021-03-26,96.22527294833847,110.24899449288195,99.84651936278767,100.2834403762608,129.4535760056517
2021-03-29,96.3332303879533,111.36942006480044,98.16876462867198,99.6797293914731,130.00833816640193
2021-03-30,95.86283845513393,111.44520175126478,98.38462604117079,100.3545531274417,130.58030278000675
2021-03-31,96.12459031647768,111.24786661807065,97.84951795008494,100.22525022124545,131.02993512649726
2021-04-01,96.1840638288897,111.05956245909493,97.52645393064168,100.46245756784715,133.31323515229792
2021-04-02,97.77622762723017,111.53873861544801,96.68667431187141,99.27969483101351,134.84502767028752
2021-04-05,97.58149938047536,113.15785885261998,96.56149713478531,98.86197100750577,133.4763938201903
2021-04-06,96.62649171690346,113.40857061093976,98.39526052710022,99.48403924091382,134.5965583874316
2021-04-07,96.8386025388386,112.42457257549978,97.1978249259959,100.11772526707088,135.85736946049525
2021-04-08,97.09070728421787,113.40061350884523,96.10604660140854,99.4346861435543,136.34047560638652
2021-04-09,98.45873672776916,114.49581920954142,94.90087142981268,99.63541082959124,137.94699235792456
2021-04-12,99.32414130900729,115.29394424368407,96.59307690994426,101.8912543114015,138.26197268622235
2021-04-13,99.7191133270046,116.20314311374158,96.18598625122245,101.91408261918599,138.59484816969697
2021-04-14,101.22951817578978,115.93510697270355,96.19980045456295,101.25056250771962,138.81849951765088
2021-04-15,100.07328477719986,114.90902407135131,95.8514362741179,101.11521787635336,136.09931548724902
2021-04-16,99.47488995263858,113.96128505605756,94.98844239481376,101.24895741366669,136.04434465408974
2021-04-19,98.59686742996557,112.15750224406685,94.8032525935913,101.13646312786722,135.19232449049943
2021-04-20,98.25256846893987,112.46855141364098,97.20150110252355,101.14520705579375,133.65126541895512
2021-04-21,96.9479785574354,112.41969581089022,98.6035104581339,99.73560254873765,135.63590051729696
2021-04-22,97.604738317705,111.97092895461935,97.80517461555385,98.81964344159606,136.3760534429713
2021-04-23,97.42704228147134,108.75341659645406,98.47997488513957,98.71165779410515,136.3899221185922
2021-04-26,96.04297529889261,107.4483118307154,97.70356026027147,98.58808112136545,135.67601817118685
2021-04-27,95.11055576315319,108.70288321270138,96.0217110564309,98.07068365100025,136.13288717497366
2021-04-28,95.4473797571131,108.02601289604515,97.04448017596906,97.93640550110096,137.5442771885193
2021-04-29,96.28921935615045,108.45962403862681,98.21612036384056,98.03538580350383,136.46609871986308
2021-04-30,98.27047961239576,107.00452472821979,99.28861211860209,98.95078721383524,136.51410450978744
2021-05-03,101.21655167494545,108.59856302204045,98.86272091363256,98.89221407850232,137.75938880679706
2021-05-04,101.67753581827942,108.48564921905188,98.73746638648889,99.32740773570738,135.1720745011103
2021-05-05,100.71663812085674,108.84428718540164,99.52034828111121,98.83042862546705,135.14832717501747
2021-05-06,98.63148665521013,111.4500045719324,99.95070245317278,99.43722063214906,134.62322914369233
2021-05-07,98.93545447719674,113.19822685938412,99.5978635694421,99.85147177253913,134.49697160218054
2021-05-10,98.17368948161783,112.89688112317735,98.03749387408055,100.76005220736934,133.87752604264293
2021-05-11,97.80587814568939,112.27403722631767,98.18846538217318,101.52210664697658,134.11553678998462
2021-05-12,97.24793136713043,111.95390159696754,99.29337426332047,102.16242313614569,136.77509240004827
2021-05-13,97.14996369462028,112.57122992417443,98.15059290378645,102.10275992447538,136.38730793810745
2021-05-14,98.23038670674177,112.49783025379274,98.81906535457348,102.39410562136311,136.8404708336312
2021-05-17,98.42413910701596,112.09889731106004,99.18690229576555,103.53029114372269,139.65334782162623
2021-05-18,98.30744302476985,113.80122724748006,99.97373034198701,102.89854391435898,138.94290721088552
2021-05-19,97.33349788545108,113.71680680793052,100.88963634003463,102.29485868497554,141.54389241848725
2021-05-20,95.75533789481968,116.40867940996482,100.23150470798869,102.52162259118134,141.6080589062207
2021-05-21,95.32892651011255,116.56097463750395,98.66329210903632,102.98944686333158,144.21165618987834
2021-05-24,95.31578865775813,118.7081200532288,98.17756905272019,102.18505767218764,145.3557326186249
2021-05-25,97.0547031256576,119.18070869205981,99.09401454630768,102.14954170020422,145.86115118964221
2021-05-26,97.2201033342159,120.38205867389394,98.59780526218441,102.09439708985258,145.8237707726172
2021-05-27,98.21951371461162,119.56072447644992,97.95503718157666,99.89753851064239,144.97458174387563
2021-05-28,97.76943020929689,118.59173601813147,96.22556450840953,99.71828954442353,145.14254728531623
2021-05-31,96.65640910430088,119.18582910820635,97.9661039955142,99.60137080485225,146.50945400403927
2021-06-01,95.76634786269055,120.41804495285619,98.81789162278515,99.48162941947636,146.54885359643146
2021-06-02,95.11237504105193,120.51472705515988,99.62146341123359,100.94059151035462,146.14402622738444
2021-06-03,97.19738278509391,119.0219617181801,100.63044955485027,99.76068401251528,145.83630457103774
2021-06-04,96.44085493661495,117.46089206277827,101.25296352637005,98.98100194926748,147.3498302640281
2021-06-07,97.29180973559465,115.84279780323963,101.0462857282578,96.4674816884905,149.2258860641989
2021-06-08,96.45586425504332,113.85866055888259,100.92130405515492,96.04307680777525,148.29294368738132
2021-06-09,97.39757067648675,114.02898986384957,100.53092601608182,95.70211246416206,147.36371581635018
2021-06-10,97.81234325991542,115.36524655346687,103.25615155171799,95.25338965165602,147.9829962993855
2021-06-11,97.69832350713465,115.39591957333519,103.87330439959305,96.35288850087908,150.32095345829885
2021-06-14,97.69757853472433,112.86188865468503,103.43402037839806,97.22457890427319,152.11435918548236
2021-06-15,97.0987883732851,112.69186574766894,103.95819975353477,97.33923215816579,150.28208262440847
2021-06-16,97.57190751032934,112.55356619985196,102.95378556668572,97.01794734784663,149.94571359187256
2021-06-17,97.16783920095057,114.98356899201094,104.55625698548539,98.0578766367607,148.61622077929835
2021-06-18,96.02261404155995,113.365584853474,103.90890272508952,98.07772765865955,148.27848460914961
2021-06-21,94.84124143714706,112.96873337964371,104.47266249648341,97.31738070358608,150.7369490506701
2021-06-22,95.04307692037163,114.95831811351167,105.63451987117357,95.69969548814619,148.6672001666176
2021-06-23,96.59443613932315,115.52297118304,106.08417640707945,95.31640834737655,146.33837819908632
2021-06-24,96.78781021229211,116.22204304663606,106.22692374507298,96.07685150737896,145.18895869342785
2021-06-25,96.71172781734445,116.40184317327942,106.28090294713297,98.32848827124829,145.6649561190667
2021-06-28,97.02735382341942,116.83326178158349,106.263430637266,98.42845096620312,146.63063119750333
2021-06-29,98.34217258690003,117.7924173951253,105.69464411040231,97.71707787964674,147.33239078818318
2021-06-30,98.59758607980457,116.88949922966722,105.26272697468677,96.60463204718151,149.13442046981976
2021-07-01,98.23253823357204,117.96755432200521,106.87450443314243,97.17818380568063,146.58671932493525
2021-07-02,99.36504522814347,116.4054776588132,106.80128134179184,95.51660238181547,148.39840155720594
2021-07-05,99.83191866999579,116.83506890964294,106.00772420785567,96.08214765694753,147.99516529382882
2021-07-06,101.41748563561761,117.0909147826823,105.50401250060855,96.90979974899594,149.14135528300017
2021-07-07,101.64413727705508,116.41806857914914,106.71403558733488,97.37246212168506,147.2394679663815
2021-07-08,100.44729604801306,116.43822779240058,107.48042720862652,97.1976781851153,147.30567684942125
2021-07-09,99.12201643831257,115.76190021492287,108.12760422662468,97.78744853650126,147.71320205528298
2021-07-12,100.81234918017081,114.57372291408375,107.89265938561368,97.9939374932687,149.49008658716076
2021-07-13,102.60611353259903,114.21496568083862,108.55646615605102,97.2732838073153,147.19784024702514
2021-07-14,102.46305810832526,113.00617353526907,107.90323483588931,99.12964107111988,147.30202332213253
2021-07-15,102.11202058671864,113.41690167224942,107.66652421192424,98.82115541364047,145.7703891248261
2021-07-16,103.65674324737735,112.16483943699735,108.75925353420257,99.63058825712945,146.56773359521443
2021-07-19,102.5565586194674,113.0114725109921,109.75817461090331,97.28872323694408,147.77041692142006
2021-07-20,101.68371552994489,111.72880482681407,108.72920514730495,98.57796860067337,149.74465368534985
2021-07-21,102.38092700747934,111.14232646439245,107.84609560775007,100.0765538791639,149.00520529705625
2021-07-22,102.01852192872158,110.49448014680974,108.00658436919247,100.14646553490078,150.4534155540163
2021-07-23,102.05411029068749,112.01323495741664,109.9310680634321,100.74791241072272,152.57595245483972
2021-07-26,101.92820946268439,112.42877758570194,107.88845439900004,101.35271206509964,150.1492878129999
2021-07-27,102.31379191217893,112.23586506621474,108.2324461163293,100.74361219066141,151.1319808537732
2021-07-28,103.80553580707397,112.84213306671951,106.7960306705394,101.3368401919883,152.64860994578825
2021-07-29,103.94117871467347,110.53341417207075,106.16319120376556,100.56092016002303,152.3150920361849
2021-07-30,104.65450934992818,110.52995056272243,105.81932574222472,99.99059637954882,150.54222556085136
2021-08-02,102.5717769849033,112.8051136514729,105.41743946910485,101.16426448890086,152.0292856303345
2021-08-03,102.56283475493433,112.9996969544924,104.89817554053118,102.195960720016,150.2766731272657
2021-08-04,101.74231874807391,113.12170432779929,104.94770657574533,101.51721587996644,150.06890695114205
2021-08-05,100.55000836885381,113.78896542708044,104.42923216332531,100.81555258413721,150.0687207790681
2021-08-06,99.71076806304947,114.85857682165272,102.95428594892957,100.20686198801904,151.20684112037378
2021-08-09,99.41792619067978,112.63212059765047,103.80184655248372,100.98409860429685,150.32241078034016
2021-08-10,100.37282133706972,110.79744041121562,104.62813387520372,100.01930497204374,149.35657319966487
2021-08-11,99.08990205438802,111.0751040943663,105.556275194606,100.41688229466259,149.56419677564318
2021-08-12,99.15991545406328,110.32800807428802,103.98398323295599,101.21012604425168,151.13743906243974
2021-08-13,98.72045411845691,111.82980004126478,104.33700171185234,101.16130854025864,154.69634258483003
2021-08-16,98.43687002646101,111.52249607610815,105.08671326832824,102.22916348296809,152.44277859653758
2021-08-17,99.46869857854523,109.4295564036648,104.05023686650148,101.9593181790829,152.98543541481507
2021-08-18,100.04540789659337,108.09396363851063,104.10141432948916,101.78221019437919,151.3927378535475
2021-08-19,101.43296561087907,105.20429456776728,104.0220499411846,100.8327167615995,153.00421739163735
2021-08-20,101.31688557642222,105.00026426722499,105.9984426390296,101.90435196380551,151.63556452550026
2021-08-23,100.6544798269533,104.84457607831297,108.101366138,101.16667892787162,150.67625944330624
2021-08-24,100.46958771351659,104.44226165009518,106.35959923430904,101.56176760321753,149.8509074427294
2021-08-25,100.75381234872806,105.6174061869625,109.08910969875578,101.52996743144207,149.79667282134403
2021-08-26,100.97225472251259,106.9336327519858,108.1384998110287,100.50687869711238,150.34171993706425
2021-08-27,99.92320017363575,106.79429453439649,109.24789260636064,99.93651540779581,151.13112688292853
2021-08-30,100.05367484888342,104.58054776028433,110.3574368751625,101.36864889512213,151.1828716323856
2021-08-31,100.32240739746743,105.27020043463205,109.30778533404464,101.61391010779654,149.24530048651735
2021-09-01,102.92121721550147,105.89880671963388,109.8922455333492,100.63387522762612,150.39559548571125
2021-09-02,104.91308655269526,106.26945535369418,109.81805623950616,100.98199319440172,150.37610748904748
2021-09-03,104.06334775778502,107.36053943414765,110.47268128784951,100.87489396394389,152.19413152290699
2021-09-06,103.80623051372856,106.1596843610814,110.77210528389789,104.4618088910848,151.1812577256586
2021-09-07,102.3390758486056,108.35706927295566,112.15012551150016,104.801991845171,148.83774486326018
2021-09-08,101.77703639567812,107.36537026957618,112.27962094817852,104.4456175150546,148.84663669174105
2021-09-09,102.13960490341324,108.21607495013963,112.13613618718901,105.98173930558599,150.84849953248604
2021-09-10,103.42007469679228,106.4479832281148,113.41733858408614,104.09005593480015,151.15192248068132
2021-09-13,102.709873428396,105.50452031304691,114.12316236335836,104.22996380190683,150.91077108381953
2021-09-14,102.0810174221015,107.1594042304455,115.00738811347952,106.37216477320078,149.66287609614858
2021-09-15,99.95238235786292,106.92295055519811,114.29130590015662,106.29114081864282,152.37779593425992
2021-09-16,99.82985001601409,107.86794126337757,113.14813350980711,104.50646443539455,150.87729804017377
2021-09-17,98.81437526807856,108.16710141826809,112.55259852169073,104.13516830127729,149.8467294666285
2021-09-20,98.3319203809336,108.09686087973711,111.90076378958749,105.70317506498938,150.76363964741086
2021-09-21,97.51245279078871,109.62508087479283,112.82911682380774,106.1438900435143,148.05045135445692
2021-09-22,97.45955439649802,109.40970532614524,113.98128566989783,105.29933099026339,150.00955766890894
2021-09-23,95.79976015028895,107.52164962056696,113.85013419771491,104.6220819311656,151.00922701403888
2021-09-24,94.44236260216981,106.70412508926508,115.53715440824668,104.07977110370534,152.43423417484348
2021-09-27,96.51343292856613,107.33681942650963,117.17597390992668,104.49817569707037,153.34870132707394
2021-09-28,95.31698049575174,107.80530044788081,117.50852034419445,105.9483355834179,153.16307242887294
2021-09-29,94.31498817239522,106.17155657122686,116.59331351882018,107.11208454037298,151.60397596747674
2021-09-30,96.10191603200377,105.44745994258197,118.49202909619363,107.64469333849284,151.4523335106975
2021-10-01,98.97427079207726,104.87777299098009,118.467127827383,106.26324719192219,150.0424992099807
2021-10-04,97.86062368517186,104.53698261427218,118.66414260270648,104.90342388108955,150.83403631813687
2021-10-05,97.5399238437157,103.1497456332989,118.30915091988005,105.50651183420601,152.11669148365786
2021-10-06,97.91280375714878,102.54462425724287,117.30803093522665,104.13810631923211,154.44159820824157
2021-10-07,99.65999089227479,101.84091690456876,115.64403669112404,103.94503952708799,155.07884983080416
2021-10-08,98.72080659741684,102.67075245874362,116.42479256584804,104.3033831112471,156.58193976309093
2021-10-11,98.5183625096582,103.54626351308912,115.56249855348888,103.16481529760418,156.17981478872386
2021-10-12,99.32688980339131,103.43675868133077,119.20048327222013,102.1543836845152,155.49681218175866
2021-10-13,99.79958138074058,103.07326033204609,117.96005769979176,102.0991116028311,156.2976105743615
2021-10-14,99.46466226971434,103.25888112498669,116.53273822603526,102.6556852529239,155.75701879573657
2021-10-15,99.3713853393601,102.46010392469367,117.17559662048278,103.79270765584383,156.2393426170759
2021-10-18,98.05369534306409,101.33229560891108,119.02895350596457,104.4664794166551,154.6519575744314
2021-10-19,97.85957107908992,100.42417447469782,119.1535106056668,104.58527995960559,153.35582584054026
2021-10-20,97.63827983474947,99.82861126522874,119.88525668696172,103.84930596306381,154.39511111580703
2021-10-21,97.90438379637104,98.71333959617952,117.74245058187252,102.78421568073075,155.8325251876691
2021-10-22,97.4011536129624,98.9130009844326,116.99421643890643,102.30136606494315,154.36583117129845
2021-10-25,97.90067456689636,99.67728749954902,115.79117394452079,102.76269337438806,155.46668363320003
2021-10-26,98.93673426790654,98.14704954299097,113.66299495431831,103.1504517758892,154.70252800301543
2021-10-27,99.13027471830547,98.21099227173221,113.84156351179564,101.04738845673569,154.78996764068404
2021-10-28,99.51938560795088,98.03443443475976,111.3612489291163,100.29670361394727,157.0616800395869
2021-10-29,99.61213643199022,98.40915866518255,109.94249453059113,101.55270295705843,158.39841405178845
2021-11-01,99.65207335602643,98.43579299944317,109.39722391988455,101.67384125362713,159.7279709801467
2021-11-02,98.97519592094261,97.05409418886256,108.5349950285418,100.28337876449194,162.87126288425185
2021-11-03,99.3286664916821,95.8749369560962,109.00968601725,102.7150015507564,161.79357544770806
2021-11-04,99.27178077290188,95.94151987486823,109.38705357758893,102.72636067863057,160.27042540999693
2021-11-05,101.4121627523032,96.97242377221833,110.41329255832287,103.1631896635612,159.1809052998675
2021-11-08,103.06157047488492,94.88681624538347,111.29166497149102,103.61761534638828,158.83982652074147
2021-11-09,103.5013904341694,95.25352671156388,112.61360061759326,103.27872413556938,155.20561837379805
2021-11-10,102.75571524633236,96.43201566795915,112.65649384521117,102.57104251379663,154.94597776020348
2021-11-11,101.65963889682006,96.32308410932797,113.04409687620462,104.8124335971088,154.166134790379
2021-11-12,102.91895043360506,96.89326631565956,113.66927294086607,105.91156619637665,155.44133848015096
2021-11-15,103.23100889751005,96.25292233284432,113.8759484511577,106.82840298814111,156.05251882608664
2021-11-16,103.76935705802066,96.17656035350453,113.46991563768587,107.48880780093563,155.17998603234946
2021-11-17,102.01550952496208,94.66804766817664,113.13856608035235,106.45832082175335,156.16064482427709
2021-11-18,103.00723625935684,92.51151325056622,112.26225897290047,107.87022202843602,157.35712166447843
2021-11-19,103.51778607628306,93.42516694944027,112.78167839533309,107.0073506859172,156.2148689490483
2021-11-22,102.41560947270673,92.54646225706682,112.72077562526108,107.35385111702467,155.50877829076563
2021-11-23,101.97461290026565,92.1627038006203,112.02051353102438,105.6505023633869,152.14721170070413
2021-11-24,102.28479814826177,90.93010296565069,111.32563585124957,103.55759284190805,150.55703017379497
2021-11-25,102.37942136710312,89.69288222891204,110.03027724273056,103.92929607910189,149.5031189025693
2021-11-26,102.12157520971681,89.57291963368445,111.15704141792794,103.13304253957875,149.67389836496906
2021-11-29,102.05676056731853,88.95736999194234,111.28897154072794,101.14227147937933,148.3248928597631
2021-11-30,101.84065245306482,89.32996412436034,110.37704268131667,101.73122121365421,147.62430548832359
2021-12-01,102.036948307228,89.77103384457288,111.31762961391536,103.95260321081186,145.88479912004354
2021-12-02,103.59094325939566,90.09555747174163,110.7397833368624,105.44934120998688,146.19310753327724
2021-12-03,101.00634345140698,90.34691438604227,109.23681592044954,105.22042975449996,146.87553802710445
2021-12-06,100.80770776872751,91.82040473392749,110.40223426126818,105.27183755024706,147.5267037164544
2021-12-07,101.02620542968039,90.8816952962446,109.85478987043835,106.25299506682457,147.60397059552375
2021-12-08,101.3662182994638,90.86812325015785,109.45028311964987,107.49499372354954,145.40487356889315
2021-12-09,101.03032678521926,91.93999707557083,109.53917095645906,107.16920271782135,144.56403327597243
2021-12-10,99.31071982441182,93.14724835385863,110.84225929146965,107.24872787568398,144.0340139300807
2021-12-13,99.67685205005485,91.86902488657906,110.90882596149643,107.61465577140615,143.51169446401005
2021-12-14,101.45415038948727,91.61915501965005,109.63068465315511,108.25565521719815,143.67680086074543
2021-12-15,99.9498301980181,92.90909822538785,110.27266537537426,108.15494158265071,145.79794900659795
2021-12-16,100.8572995665481,93.41971158395816,109.78305351494217,108.06836010675138,147.04559583498045
2021-12-17,100.56672021687814,93.63975236524512,111.92012165144811,109.61369423803633,145.6588926741798
2021-12-20,100.54527730803164,93.47351658982235,111.96364496633113,110.991932796302,146.70907811177395
2021-12-21,99.53199610990828,93.1527055661259,109.53277999124175,111.5677050610223,147.71054608650107
2021-12-22,99.23934907397218,93.45895280956724,109.968890793895,113.5476664628593,146.583306858101
2021-12-23,100.57815084321302,93.26068079007331,112.173131279881,113.15496602408699,147.89204376247363
2021-12-24,101.20635972987976,93.25827598153784,114.00048418671014,115.05243655212894,147.71412340411737
2021-12-27,103.01604101501083,93.36894470306113,116.15345891818025,115.72459056301774,145.70430682445988
2021-12-28,104.27783558031929,92.7750807038613,115.02099037079958,119.62040174445818,146.42762799670388
2021-12-29,104.77861542658637,93.30739550484944,116.12139594199897,118.24971188146571,146.80437494048525
2021-12-30,106.66456939967254,96.10504548633233,115.33214873274171,117.48435059945781,146.52911435212462
2021-12-31,107.17671097225188,94.45012814195988,115.63736252215058,118.02460463770596,146.5328463716674
2022-01-03,108.11104122377225,94.79456495374626,114.22036227255123,118.54177820563592,145.5411341879942
2022-01-04,107.83401523051306,94.11431637404768,113.5320331264976,120.92455599698879,146.4904239644949
2022-01-05,107.94896909020333,94.69717803913971,112.81198239381219,120.16707909021129,146.4853692025845
2022-01-06,107.24161455669578,94.7791810084925,113.87576951736311,121.30794169624663,146.78809893735306
2022-01-07,108.35146058555661,95.54222757038022,114.83718060730568,122.77543013750578,147.37221513572948
2022-01-10,107.12508516406038,96.71063628666386,115.2015843988221,123.69308713264593,145.73874574406472
2022-01-11,108.00966083924794,96.93567364438964,113.70180633124758,122.55910829241226,144.49902727461114
2022-01-12,107.84706564942417,98.07849457257387,113.39336649990432,124.34637501244725,141.3972537286646
2022-01-13,109.16130336271861,95.84431383540372,112.59549750587057,125.93479432591587,142.2549334362522
2022-01-14,110.02804915282358,97.41981867801289,113.62442430324242,126.74283507268862,140.5971422273206
2022-01-17,112.09444637670633,97.82501179370956,115.017044954385,127.05290693132373,140.83997977954877
2022-01-18,112.96178030076175,98.9246770046342,116.28501346730833,127.39145514583912,141.42000661700942
2022-01-19,111.24434980836013,97.76434741948579,115.45628760597448,127.34211861250853,142.33134591759386
2022-01-20,111.21436996685756,96.99430504938108,112.38120012749162,128.21200248601812,140.68419016142676
2022-01-21,109.96251421632688,97.17482237902054,110.45708183598701,128.3032383518466,140.648796195748
2022-01-24,109.43784137904483,97.19713833128012,112.08340880687648,127.27005701850405,143.07497309442456
2022-01-25,111.14870770659797,97.5116595397232,111.6792324494899,125.99287346719062,145.6071041837006
2022-01-26,111.90433470528731,98.6143814522431,110.8883146041968,125.098944855796,147.11066960518434
2022-01-27,111.16938704910413,96.92765779516883,112.76997482206266,125.42729969929005,147.66705178097536
2022-01-28,110.09216448400893,97.91532700546297,114.25145014523063,125.44366170853816,146.24876263821122
2022-01-31,110.17232103168126,97.96261381005037,114.32510747767918,125.76438361025983,147.3624563981559
2022-02-01,108.88367313113247,97.80230013614151,114.03577087024865,126.4463764052135,147.1886400066995
2022-02-02,108.1986284848266,96.41260431208532,113.93079089357312,125.705906971005,148.07520879165568
2022-02-03,108.58016904065444,96.93759586559555,114.23557854106588,127.61293136796507,147.1999516239969
2022-02-04,109.88582867771855,94.66329677083131,116.12454366152359,127.32267350623725,147.00440414867361
2022-02-07,110.60104310688237,95.3172013744063,116.6628255773779,126.82273584061635,147.30481629634014
2022-02-08,108.13891226306535,93.94309561139774,117.5599283390379,127.48697379175891,147.72712190891818
2022-02-09,108.511948635964,94.03093390712979,118.99017576084321,125.21710753894632,148.5176829392008
2022-02-10,108.63358657434672,93.95652017015881,117.65353636371283,124.28082795539368,147.71903810303445
2022-02-11,109.12778458038912,95.09986075472179,118.59244606372432,125.55632648608022,145.8063299342363
2022-02-14,110.95021952790385,94.96809125578194,118.2909306954477,123.44309186020213,148.25400967414527
2022-02-15,108.72798853742576,94.34889575629161,115.3978995554136,124.88033979612891,152.05155270980825
2022-02-16,108.13043295548181,93.9096867424876,113.01318090222618,126.83250564892015,152.79449262002763
2022-02-17,108.81479125371798,95.15073979753654,111.91316755857699,126.41533675888421,150.845164802166
2022-02-18,107.15017232847947,95.70067373141495,112.5542708898547,126.83549567119769,149.74322005884628
2022-02-21,108.78688889610706,95.37047447301096,112.72751205718725,128.31418260025512,150.56774813107265
2022-02-22,109.23203562513042,95.18330649279575,112.98071901390539,127.76771849652863,152.66168939703732
2022-02-23,110.20477506475383,93.7407322111104,115.25264258697443,128.93284292428672,150.88159442999307
2022-02-24,109.62120039413435,94.14324878835104,113.84475415498288,128.12164745767026,150.7544053638702
2022-02-25,110.56111300662965,92.538001620443,113.85906152097711,127.56220914034276,151.11050325405552
2022-02-28,111.79346903595251,93.27362271448223,114.25190873910138,126.59725104752751,152.48361738835806
2022-03-01,112.09894544032836,93.43103486061366,113.45916644182034,127.08259987756894,152.02137749492596
2022-03-02,112.40696836287334,95.72630088251658,113.53671588773737,128.61416562052088,149.72241386844144
2022-03-03,112.75635766228129,94.71683265278679,111.77934334202322,128.42894946759708,150.71565483886343
2022-03-04,111.83179492551591,94.6574996964561,113.41184526521506,126.85736402644226,152.4814486886092
2022-03-07,111.71160830146914,96.41366913987933,112.68650778543707,125.54148593472827,152.41651843907525
2022-03-08,111.58597826506964,97.60823687060974,115.04503927534277,126.08827581838405,153.096650872502
2022-03-09,112.05942802186917,96.96981684245046,115.05369751813923,128.48644694296297,152.43290236065036
2022-03-10,113.23072830382459,97.22612370876351,116.28911837075944,129.0449350598653,151.2095747426919
2022-03-11,112.08328595709641,97.26696663127046,116.27364961060887,128.59805817972648,152.83074138379905
2022-03-14,111.98804552977131,97.58062799201393,116.28441259276579,129.63898536271546,153.48548496106787
2022-03-15,113.70492149471072,96.9399956622349,115.65350898470179,129.38061516393117,154.30168630250364
2022-03-16,112.90771486620852,96.89219625439536,115.83768789014152,128.94367913038204,156.6996380475339
2022-03-17,112.02793975385572,95.39426467063106,116.25312849269318,127.76480618827347,155.1174258419226
2022-03-18,112.29971952509372,95.56146876386421,115.39111646996875,129.62888154564612,154.32521377285633
2022-03-21,113.29728627790195,96.03088890519119,115.29302448580228,126.42933447728797,154.6309773407823
2022-03-22,113.35556558738259,95.8510769311552,114.63761029016304,127.49308442847358,153.82234838370093
2022-03-23,114.91802896016266,94.35320081167666,117.35136788196463,126.9539819535652,155.09374180590706
2022-03-24,115.95324185424917,95.32866140786331,117.29302265218355,126.48468917571574,154.86530323850843
2022-03-25,116.98026239057853,95.71507074596735,119.16720518326282,128.6948911769582,153.39716377333482
2022-03-28,117.67733007942462,95.06069802402953,118.98189862758721,127.83023662857273,153.55950036107768
2022-03-29,120.49676656280701,94.83225648569861,119.33853015668451,127.01464766555641,153.88283545691797
2022-03-30,120.2979163255306,93.45713814666225,117.81912445613605,126.8998856184368,155.39003713212406
2022-03-31,117.95887883216744,92.54072467337598,117.34048994839115,127.47712633704933,156.06455469353043
2022-04-01,119.91445611604559,92.0811911998346,117.63483712548914,126.96588005813119,156.84862961817626
2022-04-04,119.41461875086232,93.25660704354401,119.5632193816641,125.0332622741698,157.41476143768952
2022-04-05,119.59134025574951,92.69920301954785,119.87686509436226,124.00511543832312,157.18161014345023
2022-04-06,121.2162256718875,93.33190508396584,121.5957836931012,125.65451001930501,156.1223037031317
2022-04-07,119.33722923790948,92.86797396049626,122.42634531956915,125.798815029796,156.63653875084046
2022-04-08,117.90000763524502,93.13577039794943,124.48479747957757,126.41811642403131,156.17807053355443
2022-04-11,116.07355592298352,93.04138277636707,124.46109507073346,126.13850957322852,158.90317591837731
2022-04-12,115.20149550966154,93.89479339474731,127.52282966738284,125.3594998773788,161.11475630929058
2022-04-13,115.75537128646212,93.43133886939728,126.95611083514552,127.5312334772114,162.20245456403046
2022-04-14,116.41029478080362,92.01039321433188,126.03716508025839,127.3423825394183,162.88264039492984
2022-04-15,116.77905332191143,90.7839084397852,124.57105748153397,126.82975630935194,162.80454215546752
2022-04-18,115.18690356583483,90.33845925630085,127.55996179455005,128.27893970862596,160.82858624233282
2022-04-19,112.60149842354461,89.25278953180177,128.66099742449734,127.40659472825793,160.54550037875927
2022-04-20,112.70779211257809,89.65552220980514,128.2831347139837,126.70179218310973,160.77267234269135
2022-04-21,112.22219597647707,89.27460901718152,129.94743700918144,126.765471629337,161.20646890144172
2022-04-22,112.7840193212236,91.45647531001796,130.89650330565823,126.81653049674952,162.02997072541913
2022-04-25,113.62393648722798,89.91691106198869,133.548971001514,127.19705697874,163.5951248595828
2022-04-26,113.82664201773818,90.13624556792888,131.55038133039346,129.9375830241756,162.53170393214083
2022-04-27,114.7410600425584,89.16092071737313,131.25425305137395,130.42739177224715,161.48985571647586
2022-04-28,115.05037219190592,88.75757897713841,130.70084572035972,127.41330179845416,163.9154743387427
2022-04-29,115.70810673245155,88.9187486618603,128.1977847305228,127.88087120483024,165.2502035462159
2022-05-02,114.94157616793261,86.90966993123993,129.61616895506126,127.98050361209863,164.6715692840801
2022-05-03,114.78121657455902,87.15059190924782,129.31788151996182,128.0873479481398,164.56092878298435
2022-05-04,115.05331306145902,88.86040350550701,130.33002444224155,128.45413443139273,164.45775848432416
2022-05-05,116.0476517299891,88.49377897067917,133.49547770893273,128.46867846226402,164.5755098161972
2022-05-06,115.63786861952048,88.75948838263719,133.07796580238042,128.4524768946892,165.4214272138583
2022-05-09,116.28861465255515,89.7097582636899,132.57170060182932,129.29407336492764,169.73633280101598
2022-05-10,116.02628618131037,89.5986287671353,132.78221134828004,128.64653958232043,170.12676150833926
2022-05-11,115.93635175739207,89.11524449307929,134.15324298635224,127.48411608183874,171.3262779437716
2022-05-12,116.94883590460263,87.1449696761055,133.44849800277004,131.4503996661601,168.52852605533886
2022-05-13,114.68691477803492,87.74044409352825,132.66219429248213,130.56497782024337,167.78040807749835
2022-05-16,113.25492057467716,87.67626928660185,134.12576403671343,130.74808365777196,169.9227937807534
2022-05-17,111.6332961701358,86.82759054549615,134.68844420681017,128.85862121584722,170.67605311397105
2022-05-18,109.1019970054447,86.97236301455973,132.01519214820314,129.06040207861244,163.41225632551962
2022-05-19,108.40785534126547,86.50079443545032,130.45953342799444,127.91273485044368,164.58323329977668
2022-05-20,109.26705062860378,86.07933205586959,132.48579718697576,127.39895530756986,167.83780450712626
2022-05-23,108.99980039198587,86.63745677884465,133.07258503153093,128.7888433112955,164.58694767010306
2022-05-24,109.25929951596795,85.51984243300203,132.11500221121554,129.44994552108506,167.173611893179
2022-05-25,110.5000669398154,86.45478643576801,131.9428237827266,130.23993205900425,162.66832442713002
2022-05-26,112.0217431891344,85.28893398023568,132.0130844526712,128.00461682445402,164.26702381282135
2022-05-27,111.98910712169379,84.75948872948594,133.0411363039396,130.42981733634244,164.31853185561312
2022-05-30,113.56069680790442,86.43970884508722,131.298813140122,128.93604043158317,160.56632535903995
2022-05-31,113.71083992959335,87.45467953059675,130.25137674317622,130.97442549877042,161.3487994145886
2022-06-01,112.8077172392121,87.57510349634559,130.6596444378868,132.37218225341292,163.2816910317582
2022-06-02,112.18404128581156,86.79000356482045,130.58148817232916,133.19188662396994,163.94249812014795
2022-06-03,110.57957342825078,86.3664012418641,131.3829122918163,132.1108043304461,164.9700630690923
2022-06-06,109.64567657653888,86.46428848514172,129.8293609532678,132.36415783775035,164.35804681581087
2022-06-07,109.29753888865221,86.53134438498705,130.34597570953866,131.79499953484182,161.39154398853478
2022-06-08,110.2234565134935,86.48733628029561,131.82932626682367,131.88602165481143,162.5770434646354
2022-06-09,112.18142495581492,86.49526535811106,132.525660205859,131.60951973365144,165.51296700585465
2022-06-10,110.68580601912963,86.34457056953896,132.76324192634516,129.00526914474696,167.46013966210262
2022-06-13,111.16592288033216,85.1424842377049,132.68906977083995,130.512771923654,164.22978783685537
2022-06-14,110.0592048095061,84.7377362538393,131.63856965707208,130.45913285968473,161.82534694977423
2022-06-15,110.62713664278061,85.55053648761456,131.59645390625704,129.88013875418852,160.52632872108694
2022-06-16,110.52641596776948,84.42165363771718,133.31798389905535,129.20609216695422,158.05265175640804
2022-06-17,108.56461141567475,84.29549076704824,133.21266630829146,129.7219532809202,158.18577218590627
2022-06-20,109.62094525283659,83.64074936934284,132.08541624752615,128.61915817274425,158.87286222694604
2022-06-21,109.00333253189002,83.76743584874708,131.48941251844548,125.8013430179628,156.67940964608806
2022-06-22,108.46629212630334,83.47590325740926,131.80648684333357,126.36509773386946,157.9649267021766
2022-06-23,107.35508900737385,84.7522202124656,131.36762599848475,127.07358753192888,158.98089931786262
2022-06-24,106.69764599751004,85.21672988029903,132.05952013100338,126.87089946583883,158.17507254639756
2022-06-27,107.19804382748661,84.13980351956485,132.80490460777528,125.4730508237266,157.96559463173105
2022-06-28,107.03817613989186,84.74036251142024,134.04438821742187,125.63493452085991,154.97739104634422
2022-06-29,107.43351350482058,84.1200970507974,136.02063404878132,123.85791139821663,154.52511202366338
2022-06-30,107.86618118457308,83.66958587895508,137.4369384457138,122.64116413336217,154.59835105879918
2022-07-01,109.3439055670014,83.96614912704452,136.21340247533337,121.77264583704081,154.9214084688725
2022-07-04,109.01332808810193,83.5876896988867,135.0422168974074,122.85381322199503,155.57169948937596
2022-07-05,107.45816108741435,84.37109064352668,134.9939189415401,122.45811199844827,156.0145282539311
2022-07-06,108.65457318413982,83.75364686303506,134.43999678918277,121.95966368373348,155.6649118108372
2022-07-07,108.33831910041121,83.27015893066833,132.97148566027312,124.4168087411672,156.173511943479
2022-07-08,109.59643422198681,82.75848443427209,132.43842146812165,124.90605748661888,157.80939833033216
2022-07-11,110.061424077088,82.32461506426682,131.8642078174874,125.38034277764531,157.72184145319454
2022-07-12,109.96116250837606,83.26781233874608,131.0336534834263,124.96764356320035,158.28685633003317
2022-07-13,110.38949709231464,83.82657077658234,130.67277430594558,124.27428960176046,158.05565576540425
2022-07-14,112.60939170227809,85.306399103067,132.27469733931287,121.63528148304397,157.09954256541835
2022-07-15,115.01872315743584,87.29785678255034,132.5915275724033,122.86847527425886,157.98631734346625
2022-07-18,115.14460077307285,86.43725216432114,135.9641532356788,123.46992122871863,157.17442418639286
2022-07-19,115.3753403149021,86.53274813705384,136.25067037350163,123.29821259424676,157.84564730668782
2022-07-20,116.67042085268808,85.55512716217822,135.9103797326777,123.17839206693063,157.95342221656782
2022-07-21,115.73422906525555,84.92638912784705,135.97037413873758,124.13815383926863,157.53707804260543
2022-07-22,116.16680559058163,84.42672901232346,136.3741136229465,122.27198988531325,157.0837996025366
2022-07-25,116.1832294294193,83.57233106463418,137.02377955320415,121.60148422145372,156.3501758240712
2022-07-26,116.59513988122802,82.73093743971938,139.95509167573488,120.27564455685547,153.85955360753425
2022-07-27,115.67377017491654,82.64470696603799,138.83253085359158,122.47430335161712,154.51159586878734
2022-07-28,113.89514313678919,81.67791086695377,140.0863269065141,123.60089606826877,154.9317373843607
2022-07-29,111.60305160631805,82.40160097834767,140.43382190131913,120.95648687644123,156.31626871287614
2022-08-01,110.40711205831182,81.68148306456123,138.3000198069644,119.18694800847105,155.54992628469196
2022-08-02,109.94583107585436,84.04253337570637,139.42577345304963,119.07693482280494,158.58973518453664
2022-08-03,109.6678095937238,83.69750564301988,141.26090990609597,118.56311006649022,158.05186303438455
2022-08-04,111.85777469060163,83.79131414641209,140.1112628025717,117.05004415019671,156.73745270919258
2022-08-05,113.14703065641653,82.74602198950068,140.15479671437333,119.39641716372083,155.2497764067503
2022-08-08,112.1085073622252,84.20353115261966,137.81248543861327,119.81808001830301,152.64211390556048
2022-08-09,112.54400520663597,85.18555394784616,136.14301245261663,120.43651358455938,155.0615811082396
2022-08-10,112.13163797542691,85.47304162252728,137.63237636324345,119.65380397638124,157.2651146240979
2022-08-11,111.85796331834517,84.36334430467825,137.0467387080262,120.56937915326628,158.27601843901564
2022-08-12,112.11029217467254,84.5750805312165,135.58977897166156,120.15961936094386,156.92681857437768
2022-08-15,112.85173183321615,83.66538707255192,135.95563237783944,119.86757460927384,159.85901167923765
2022-08-16,112.51451827325015,84.93182781823961,135.30134495683666,120.65046040519967,159.3614763677393
2022-08-17,113.76339168076323,85.65613546425347,134.71969130411503,118.74847876740368,158.99691505097832
2022-08-18,112.51667104153964,85.77222590867676,135.77369866240366,120.70842309570989,161.3631460658319
2022-08-19,112.56882229416907,83.74123345806979,134.2591900467031,120.97716432493328,162.4948804720418
2022-08-22,115.57752600210294,82.95492021532283,133.10237029814454,122.58580641243499,166.17767177415007
2022-08-23,115.88198737253632,83.56083601695774,133.36094620885783,121.32307730868628,166.6581570043713
2022-08-24,117.60181489001478,84.6143419250857,134.71392170251266,120.2563117868151,166.06419699487972
2022-08-25,117.75658676230437,85.59231290986689,136.44683266832257,118.91469582656448,165.11734346401443
2022-08-26,118.48986634217586,84.27416446115875,135.5966157072271,119.26040396957076,162.16047508583776
2022-08-29,118.46998162626396,84.56249693673163,136.92840348884155,119.38686708663491,161.7740282533539
2022-08-30,118.31558848088291,85.45979418308872,135.91324313001428,118.88124882290066,163.7017881306714
2022-08-31,117.4438925228389,84.08789881647071,138.47348420111535,117.72888472527991,164.7509186285722
2022-09-01,117.99753361571024,84.11489156660359,136.96715427046297,116.2936468983757,164.85030658982382
2022-09-02,117.04381487349531,84.37929444677678,138.85440461235527,116.28378107962818,163.28358671108555
2022-09-05,117.87257913205032,84.15954976259138,138.00101970169604,115.7899442779988,163.71992852717435
2022-09-06,119.20647494938939,82.64817811447014,140.86381024456884,115.04480422759652,165.4526997942923
2022-09-07,119.69207309522602,82.41239081190169,141.7559257701588,116.88523422404312,166.23335341457764
2022-09-08,119.39769548039165,82.17595534649853,140.3790944835194,116.83577222425245,166.5773717006139
2022-09-09,119.98893806377609,82.08719378761018,139.7037621376643,118.37644067745447,165.3212118340147
2022-09-12,119.66699280131341,81.6586135105125,140.85570647720454,117.79398397115874,166.82779921360446
2022-09-13,120.84011357899536,81.33018162862534,142.40319738155952,118.12991139504318,161.74856955753503
2022-09-14,118.69465078307041,81.33042051007683,142.35946411365904,118.1116310053266,162.43396450338892
2022-09-15,118.34429873814804,81.72375092648467,142.4800342178542,116.1699238057362,166.72983812666328
2022-09-16,116.05799719228757,81.50793691817304,143.62208060708144,117.8882760361516,164.29950837969042
2022-09-19,114.38150927307342,81.20719988087792,143.86903315195897,117.7761544415654,163.96899224654268
2022-09-20,115.99859233058396,81.31475204839165,142.07688363720422,118.7060190987047,164.02161671554103
2022-09-21,117.08848204461688,79.79958411447505,140.9828997841999,117.86380012619256,163.3299520093434
2022-09-22,116.29558579094986,80.21324445885615,141.37130590429786,117.71674560757086,165.09748913506473
2022-09-23,114.60713574500983,80.24488431664783,143.15738629387573,116.74741490800488,165.94570438040725
2022-09-26,111.30395369309672,80.30885978364087,145.54778511607662,118.24665494920063,166.26512561383453
2022-09-27,110.74495174188445,81.11657288577364,146.74549311765892,118.66291570898788,167.66306199168594
2022-09-28,113.50353428854314,79.57970803646197,147.22656438033547,119.14692170568166,167.75823897246894
2022-09-29,114.04382658663981,78.05555349616336,148.39250045119886,120.82451567361123,173.2477297562146
2022-09-30,113.45282314433052,78.30087954449323,147.4653576655973,122.27867023358456,173.57955133870135
2022-10-03,114.02730046550924,78.32663156995537,147.2984757239072,123.26740839817145,173.98843377460472
2022-10-04,112.30611515052166,78.4914292125529,146.1479797149714,121.57590182218586,171.1061533887595
2022-10-05,112.0174967790087,78.1607939795453,144.3920604607098,120.78136168300611,170.24688371242246
2022-10-06,112.17384496275284,78.71326579745605,144.93244424621582,119.6227572627965,172.28040611762304
2022-10-07,112.12214400720669,79.4825969368826,145.25965500677978,120.54443479812235,170.06298169379448
2022-10-10,113.05754193461684,79.90016470680882,146.32049543051485,120.79863163198117,166.49966164362286
2022-10-11,113.49324980012223,79.72391707890682,147.18061533522834,119.1781978012676,166.62011020468933
2022-10-12,114.30000587576303,78.09239959007348,147.59720136391076,119.00105890345662,168.98735287010052
2022-10-13,113.56131364471594,78.72691546671892,148.48042296910205,117.28317011242255,169.12662408652906
2022-10-14,114.63131863569431,79.72652846792751,148.4764391499199,117.26774078114019,168.62653934542962
2022-10-17,116.56049667001977,80.27417546828984,149.15040117279418,115.38864797590371,165.58779936715942
2022-10-18,115.48133645246746,79.60298119205372,148.13051698399318,116.04688065923241,166.40492164528533
2022-10-19,114.50654365557365,80.17321553826248,148.73866144100774,116.53292829021267,167.57597930944306
2022-10-20,116.09279341497461,80.89845978078588,149.7960935191243,118.82518320097807,164.68252527864607
2022-10-21,115.91722684139188,82.20227251145835,148.85581881266853,119.88489776348854,166.6281787739122
2022-10-24,117.60300508813286,81.51783645921856,148.99257902083107,119.42671917477101,167.9761174040611
2022-10-25,117.13056250738269,81.36598432754299,148.12558694501288,120.45589333854352,169.95691613224844
2022-10-26,118.8948735652795,82.00908413221055,147.40669618904997,118.83155863539902,171.0199508496537
2022-10-27,119.09893632969397,82.08900816035617,145.81608179415312,117.74041057108431,172.21041091141888
2022-10-28,119.45465384853806,81.20938732386487,147.73259708394727,118.18057082220254,173.1787429581241
2022-10-31,121.38702731190814,81.57941889820285,149.37511833140118,115.7035387602622,174.75919200588694
2022-11-01,120.99706741893417,82.08568388288774,150.24015594086654,115.7068238792023,171.67813282688093
2022-11-02,119.91163399416101,82.19079033574583,153.29390292742468,114.57813346526875,169.188048374903
2022-11-03,119.42271742555408,82.40442239734116,153.065289014852,114.7401548984161,168.01457466408613
2022-11-04,120.0121257462876,82.22439599824676,157.8400502554716,113.5556114430513,167.86373143865123
2022-11-07,118.1949281313314,83.48231689242729,157.54433109888487,114.08401686126398,168.58395873311844
2022-11-08,118.99838289094677,82.76687441151401,158.0100785799505,114.15172005057718,169.19987588673024
2022-11-09,118.40633080902951,82.31511154689764,157.4457635162829,115.80782084353656,171.169068332592
2022-11-10,119.82116233666609,82.35709103004871,158.09629287024364,115.86195573792106,173.2155416931878
2022-11-11,117.03320690736676,83.117402943102,159.4866859723702,115.02080415054326,171.7797054527348
2022-11-14,116.1627304219225,81.91485629340967,159.36884272480398,114.78308836045915,172.2589098386058
2022-11-15,114.26580703385324,80.88087575096952,162.29058772231986,113.29576572913389,170.87295365400513
2022-11-16,113.37093806049101,79.28112795122499,162.7442536449663,113.80234953735588,170.6198272334351
2022-11-17,113.69753712290456,79.33878249928524,163.25033601861622,114.52139599706419,171.23823303712143
2022-11-18,113.53935002358155,78.48786379024943,161.8378405277415,117.4313174698731,165.56579055304044
2022-11-21,113.2973408072154,78.21789911807016,162.5815692205234,116.75004367061854,169.67436196065913
2022-11-22,113.16238795496407,78.76843080078815,162.42877013706047,116.48439608663543,170.70640806083034
2022-11-23,113.43814734688912,78.29602731791992,161.5084027563505,115.86198979113391,169.76041784360208
2022-11-24,112.34476146985534,78.50871873089937,160.32330403402898,116.15446226847821,173.13330272904784
2022-11-25,113.18694893985469,78.30537964397183,164.73037731738077,116.64530884064239,172.60185432756433
2022-11-28,113.98507591240374,78.86499364273924,164.36265344258493,116.62970875531865,172.8998829912698
2022-11-29,114.47058680010439,79.27229752794743,162.0500817022659,117.95076512609467,172.12854594819157
2022-11-30,115.15548291866484,78.75717565961294,160.98693605383517,117.2721729382711,175.06572524062096
2022-12-01,115.54353907150498,78.65591832083521,160.96831442057587,118.48178529172256,174.95199625045854
2022-12-02,117.96620128102839,79.51298244197031,161.91543796855444,119.16918625946865,175.28381674153502
2022-12-05,117.91065915599117,79.85832108512531,162.88137519447298,119.20252263820976,177.4775801088449
2022-12-06,117.59615974728175,78.78199316451008,164.0527991153208,118.87524134103298,178.59053763404657
2022-12-07,116.76006514411841,79.33192543448129,163.06350379506026,121.84396231004575,178.5649151855903
2022-12-08,115.60722765047586,78.50752907694564,163.68504485922216,120.9008927931087,180.63097092394142
2022-12-09,114.22312351414293,79.65618317803805,162.32224539553522,121.3101481364288,185.3490765953144
2022-12-12,113.25770373542541,80.50832949790843,161.3840775290916,120.4516326094253,186.01271881868448
2022-12-13,113.22296116951745,80.77435332956908,159.97379314719453,122.67081792466257,186.30454119090265
2022-12-14,113.64754329693716,80.93382409607564,158.14718031986155,123.81304843296286,186.69736256153607
2022-12-15,113.75117122453162,80.79713538386925,159.90313334970594,123.02520526158685,189.2356793370194
2022-12-16,112.92885306023788,81.37977284180778,161.07246104567906,123.70691820758715,188.1804309167438
2022-12-19,113.99559954002197,81.11103103354095,162.7183815526541,124.07573711668891,187.7324978694857
2022-12-20,114.8875672278344,81.33485685345386,162.84748968308898,123.4857685150747,184.94225410979902
2022-12-21,114.75018840031788,82.07996967121166,164.1830877244062,124.47533164868028,182.83881233290998
2022-12-22,114.04901696110754,81.65278652263999,161.3812050648757,125.0108596608613,181.9672922022687
2022-12-23,114.72209155768067,81.18366192354034,162.84521929919262,125.33091984173063,181.9382943964692
2022-12-26,114.98392596869347,80.25189410428538,163.19917267494253,125.32851387306623,185.2596623164044
2022-12-27,113.37615227897264,79.4339323724921,164.291529580974,125.92027212586983,186.32982370938132
2022-12-28,113.3444337790054,78.02596716836808,164.98304352678372,126.25994311274363,184.71194619337433
2022-12-29,113.6872920767874,78.62895152219498,163.42793858298649,126.38512030953464,183.44552540851058
2022-12-30,112.71411751313296,80.09625644883135,161.0623815230383,125.62780369736974,186.05926388386905
2023-01-02,112.9734814162487,81.2785713228692,159.9835841894533,127.82488725774428,188.24256103436798
2023-01-03,111.3863611407562,79.9995941519946,160.95428554751737,126.53982231375913,188.37089189443276
2023-01-04,112.92984097783017,80.61382076118385,162.13369912842214,127.1329541228855,187.61417321939817
2023-01-05,114.39372767616518,81.80113933199843,159.9948896993923,126.77717454105482,189.81253216931918
2023-01-06,114.15087931432974,81.46089360058072,158.4962417484981,129.07924098652737,188.01159585698605
2023-01-09,114.61235628706147,81.57619947093409,157.4170298426611,127.96946254836945,188.82562025323247
2023-01-10,111.92806630431062,79.98655961658521,156.9183292607597,127.08282369770257,193.24340013050877
2023-01-11,110.68550849174468,80.23228399455749,154.85744218938152,125.90666120716578,193.71811592624786
2023-01-12,110.40496813024482,79.41524720856759,152.7319536821033,126.3651205825604,192.29833552433078
2023-01-13,109.27130252947089,79.6057821534862,151.54249721352772,124.69178747770194,193.1663401868008
2023-01-16,110.09875861778701,78.40398076330088,151.73394626022306,124.14617566499973,192.33749141994636
2023-01-17,112.36480143569025,78.86229918930484,150.0131099942711,121.55125784733653,189.7505734369142
2023-01-18,111.09487730708855,79.7062825452981,149.89943788064681,121.89259189365261,191.1619163686028
2023-01-19,110.21245947282716,79.11611721615178,151.55524065881457,121.33291292474537,193.3881177900472
2023-01-20,110.51645637917184,78.25301708527212,149.65496122333113,119.58860327309328,192.8649254773773
2023-01-23,112.35635910360138,76.61456139735863,149.40607407663353,120.94230825892598,192.21561162020575
2023-01-24,111.0357092728678,76.44129188811176,151.00538458461133,119.41883930825408,190.4523563216437
2023-01-25,111.35710683510037,76.02840956998983,150.43525793125178,120.42250193540049,190.2430964267535
2023-01-26,113.449205086163,74.88824131762664,149.6345689727759,119.62908532936632,189.25191769632536
2023-01-27,111.63533402763592,75.25836603602616,151.44629490247206,121.60908927946154,187.42311322973134
2023-01-30,110.25842414851583,74.95046061717562,151.04367784216598,122.57305498976432,191.07965573514352
2023-01-31,109.83627576152679,74.17817805336657,152.78229543894093,121.39221391564337,192.04991553960616
2023-02-01,109.30968173558122,73.79745799834359,153.5004742170442,120.33215955914154,193.22962839237144
2023-02-02,110.2456418237834,74.62214641119034,153.03630944254354,121.11144651987257,195.02217338736324
2023-02-03,110.55659710196859,75.1034653894412,153.83369482461765,120.8424203875335,196.61030530141116
2023-02-06,108.65502555921272,75.03588312289307,154.38918816483468,120.68622080946024,195.87809949989366
2023-02-07,109.26018588046409,75.53208183318768,156.03579538271725,122.28034880799399,196.4912793934526
2023-02-08,108.67444559427175,74.69016110724937,155.24460706845443,121.41682504422133,196.04176941865572
2023-02-09,110.11234332030364,74.74423401602512,155.37072630905195,121.57634246918508,196.98200552485542
2023-02-10,109.46723406175573,74.88437787648091,155.33730083736754,122.79160822871557,197.73530460934148
2023-02-13,108.81608018660475,74.5631882708222,156.4975521148484,123.8386924448262,197.0589038389045
2023-02-14,109.45028582609875,74.91854929236874,154.9633405669962,123.69065423524603,194.5345342095506
2023-02-15,110.33262869796626,74.365875903991,156.60995434487234,123.3831637624768,194.89716717451105
2023-02-16,110.87247798553972,74.77588100281811,157.4049264917754,121.30481513584283,194.57727341209974
2023-02-17,109.06289353464351,75.21976088879642,155.4077618036287,120.07830376205837,191.00997547274275
2023-02-20,109.69514016167633,73.08640529657401,157.35981716612238,120.50938739535519,192.05893383331437
2023-02-21,108.6098371200295,73.9911456332547,160.97932538892115,120.39148787981826,193.99952160372632
2023-02-22,108.90922594035104,71.79889649509035,162.66522959691173,120.5299298380919,199.04665766125157
2023-02-23,107.41259009075725,71.38648862763996,165.06909278002027,121.83779837084107,198.34883685097523
2023-02-24,107.93623357067284,72.15106866875398,165.2761719641306,120.44791363536606,197.3621101118517
2023-02-27,107.11195906314205,71.95128045431721,162.6178215915483,120.2118501850693,195.26272384749362
2023-02-28,105.78918439464817,70.93240418349605,159.71030661343866,120.48710251190218,195.7488328916855
2023-03-01,106.58965784332015,70.18888738762627,160.18227906096467,119.68952696750128,196.22374306647845
2023-03-02,106.89028492644141,70.94174566314646,159.30054256484084,121.46375261326648,194.7160982071136
2023-03-03,106.27851687093342,69.61945201993193,157.9134124055819,122.62142381666592,194.45354517664117
2023-03-06,107.87519471015703,70.43807269772454,157.87749642571993,123.02690695204501,190.72004800533296
2023-03-07,107.44385479418435,70.42743587343433,158.9159182161633,125.30432831864844,192.57205647935643
2023-03-08,107.52135799822182,69.62049191359567,156.6866060550683,123.48953950961395,191.17010054081268
2023-03-09,107.85401948569788,69.24339748388554,156.04725755611975,123.52940060844266,191.180316272133
2023-03-10,107.23063499545617,68.57002966487767,158.48462750408663,124.03236740860359,188.5475279433598
2023-03-13,107.78013283365311,69.1942527152429,156.85231870228858,122.9523655686936,187.52770167093757
2023-03-14,107.24959928006396,69.73079791040152,158.28581101024324,123.37199662376293,187.07893969900425
2023-03-15,106.85175839121645,68.5696812454964,157.5834283311076,122.06312501133934,187.13265618851216
2023-03-16,108.36106707425365,68.32081998292281,158.5092512798596,122.95813139068387,188.1077772655244
2023-03-17,107.28222770971405,67.76072127739558,160.3223112676654,124.31544540753177,190.9107101715137
2023-03-20,104.76661907021342,68.67036889134272,161.5797860683184,124.7043310600549,192.39161229782334
2023-03-21,106.51060639736967,67.77658649545711,163.120737599005,122.46406080654586,194.32938644490065
2023-03-22,109.3045311385211,68.90020094076118,161.31753871679507,121.33431511674179,197.23888901542063
2023-03-23,108.90600357298577,68.90482103360051,163.18937068587059,122.07025877742134,198.44514364513907
2023-03-24,106.85970193710503,68.13607461776664,161.86851642218315,122.14498698391718,198.45167816310678
2023-03-27,106.57105411538986,67.70324163550252,162.35410714460906,118.94589559386056,200.5446177899532
2023-03-28,106.30897450475116,67.18955962395113,162.83904487328059,120.4815988566922,202.7891658516522
2023-03-29,106.14971142331828,66.36512474122597,163.69639854116477,120.69462554726537,204.19032117324934
2023-03-30,105.01640637603036,66.4546631021871,164.31462753961017,119.75797762966491,201.32212352829652
2023-03-31,105.66906695108973,65.66990816632124,162.99914424316097,121.00385554345729,199.71505553598516
2023-04-03,106.26726347060756,64.27926713721295,160.8779940261173,120.23486147434323,199.24656687944528
2023-04-04,104.73289146201611,64.06129599902843,162.35247827199314,119.45771839257281,200.88634442569617
2023-04-05,105.50994200056181,62.94188328072398,162.71954062624332,119.93453044683626,200.92382041772842
2023-04-06,107.74119786162926,62.49522815763547,164.66644421740475,122.13859186669225,203.3023987554576
2023-04-07,107.96980865930148,61.95443375837617,164.65865084739943,124.18746899656408,206.0763818910567
2023-04-10,107.64926401679959,61.44159290819323,162.42606354568608,124.68485398060531,208.6459070769513
2023-04-11,107.53951429085646,62.70847749521241,164.0685291923906,125.31282891296824,211.26092825333077
2023-04-12,108.24648795223246,62.76896487484369,163.52738936789228,126.35914778381294,209.16513450376274
2023-04-13,106.43177892728555,62.9483451311323,164.15326431998764,124.83069694575242,210.26116738279538
2023-04-14,106.64953805232109,61.86474616172271,163.15912240017332,125.68765216305297,209.07125394203274
2023-04-17,106.27642406608275,61.486083043023484,165.93048785056249,124.81830795038509,205.73407946363184
2023-04-18,108.30179455666433,61.64325918211664,164.54816184489258,125.26655716526933,205.22557646673434
2023-04-19,108.156580518755,61.03934122418509,164.05947376387263,125.03194290397195,208.04556471412084
2023-04-20,110.01963753227724,61.620784406528614,164.30155575911076,125.71046063155791,209.0899489097778
2023-04-21,108.85551646418091,60.90847069818428,162.58186682317412,125.90937042589643,213.43719710863581
2023-04-24,109.54046863660925,60.758597546662806,163.18538176961883,122.14783373753934,213.9013510005335
2023-04-25,109.93486567731902,60.42772840864355,165.90344637708967,122.41549806225626,219.28954056456
2023-04-26,109.02722129802433,60.551320961340174,165.1577948277867,123.25341368017926,219.76706102652298
2023-04-27,109.26450006498258,60.18880581364754,165.87803300794027,123.85379448643323,219.90441504223028
2023-04-28,110.64166513207583,60.049994012284515,161.44401456555082,123.77630366894878,217.19576158319595
2023-05-01,110.32811838521093,59.93233332563901,161.44574331653175,125.87603213434218,219.70916651291282
2023-05-02,108.5205106874928,59.51761209343688,161.00552942697374,126.31910465028955,218.69617768461413
2023-05-03,108.54486235459406,59.83095738369658,159.75697154305192,126.92394070636797,217.37260911092525
2023-05-04,107.61277145422972,59.99775187412079,161.5586504365688,128.30791151626065,220.263659121697
2023-05-05,107.28790533998922,59.96859168840422,161.09686024550768,128.82551139741645,222.91878360100358
2023-05-08,107.24329596968047,59.734895864013716,160.87554049752745,127.72489413667496,225.5468774719091
2023-05-09,105.47179015375858,60.23670055170233,160.33399318028668,124.69806212154108,224.82135484197144
2023-05-10,103.82293933746227,60.118851896353306,157.35288183982138,124.15417042577211,224.79668010704415
2023-05-11,104.36638180354348,59.95873016394116,155.6439573006491,125.15257068269632,224.75205251058546
2023-05-12,103.86379977069902,60.0455472612318,157.20992413646292,124.76133536652914,226.60830253573013
2023-05-15,101.27433065005576,61.09739694543954,153.98920494127384,125.8152270768953,230.24837883449374
2023-05-16,102.11314060817539,60.308056393363444,152.87480962017784,126.05290006739133,231.19005005320255
2023-05-17,102.4326098785169,60.79844840160562,152.32587617273867,127.73813158833246,235.8955236536154
2023-05-18,101.7446628631576,59.68212473105455,155.06716827871142,127.41253819625311,238.11671551890714
2023-05-19,100.45381477590958,59.8358685041766,156.32613038831596,128.06094744948527,237.65331709498963
2023-05-22,101.33746109171449,60.81011359622832,155.5197447077366,128.76192455908455,239.72683195773342
2023-05-23,101.73278823229377,61.13244881818895,157.6248489727968,130.76230009647608,243.9490709058428
2023-05-24,104.22746512255874,61.261344782486894,156.52452045599873,128.60102713862346,248.97247981981621
2023-05-25,104.70821335966629,60.943338687314075,158.17526271964923,128.0640739116308,252.04591693951386
2023-05-26,105.15701275776973,60.98665260817779,156.10282168814854,129.20701391735497,252.21150108572132
2023-05-29,105.0236238099358,60.857459629186664,157.85035781938961,131.27243785664405,251.7662538541011
2023-05-30,105.92730661367997,60.40516631477111,157.27347128221956,131.64060989086204,253.32209657974394
2023-05-31,106.63416144190381,60.25441695504584,155.726475007531,131.3083685582458,257.7013955308781
2023-06-01,108.02051624208066,60.3982234692317,155.4508596927228,132.35923444181557,258.9252018896407
2023-06-02,107.5018380005612,59.96059047864063,155.9449575289849,133.56746765582565,260.2088409232819
2023-06-05,107.07760697287505,59.502879292716884,155.23741028145608,133.14118534015878,260.44677493735765
2023-06-06,106.60845658624586,58.72245949013366,156.16219199042231,133.6351308787712,259.6980502222979
2023-06-07,107.49785091445287,58.97593732343923,155.31653883954712,135.27617842766153,259.381062904747
2023-06-08,109.16435605528292,59.32214944515389,156.3456004649911,137.91299906288427,259.83648403659794
2023-06-09,108.7080877133405,59.48352335516353,157.1013541845297,138.99654745436447,264.4450622539673
2023-06-12,108.29061123679836,60.0844492854058,157.06848722075307,139.11354682988534,263.91745605450586
2023-06-13,108.6747232520542,60.161326991338356,156.43930565123128,139.09396773120508,264.1619887051545
2023-06-14,108.45134240605773,60.42179271912469,156.73923789677127,139.9273972667349,261.9906279533336
2023-06-15,109.53259233220156,60.62990303127355,157.6671328887373,139.82155028157783,263.9804487438729
2023-06-16,107.13657034052714,60.59866241887839,161.016049823042,140.1430061425411,267.7200471643125
2023-06-19,106.29702822463072,60.30195969268981,162.60082202020845,138.72375908972333,272.21353484044045
2023-06-20,105.51078393893727,61.676693988636934,164.2612506412875,140.59103051945542,272.87681277990225
2023-06-21,103.13198802225394,61.42313886339766,169.48141486971753,139.05274697047705,274.55840334007223
2023-06-22,102.18380695569572,61.03990566437763,170.42628527203257,138.5085723798873,274.2468183249079
2023-06-23,101.29344084917733,61.32992763674059,171.32276532519012,138.69928201289804,275.80902409142954
2023-06-26,101.13038378277625,61.509183193834616,172.60218616496408,141.54504696921825,276.7870217885597
2023-06-27,102.30313030623492,60.67541361084087,170.93780636375396,141.0044132749264,277.05913853454234
2023-06-28,102.09356178576294,61.3849905053987,170.24877820131778,140.12446054481254,277.5520593457621
2023-06-29,101.08699958089393,61.351732183382346,169.4569777195829,139.4105061474059,278.9207634939745
2023-06-30,101.06986219671197,60.698203075251286,170.6262028546135,141.79918039491673,278.21277964245587
2023-07-03,102.17670525425567,61.44865422198392,170.39741941281227,137.92200774684287,277.64997770877335
2023-07-04,101.22483487955127,61.859067396806466,170.70137831313482,136.6005514389822,282.5441629906993
2023-07-05,100.34742170176894,61.10619616067046,172.63684916505292,140.43908992485467,290.42353853509695
2023-07-06,100.94985126942045,62.226757964655555,174.2030822200556,141.32789567748537,287.0615537448367
2023-07-07,100.76675707191987,62.66311977847584,173.99116947837013,139.8293628377408,283.58217886380396
2023-07-10,101.4618998623393,62.681798605610105,172.8984792032484,139.8266809612055,280.99318754289186
2023-07-11,101.48864185158975,63.712023719891576,174.94249923840778,139.9770118687267,280.8154076710953
2023-07-12,102.24414439588266,63.839126986123965,176.3721508235645,141.2228954012108,283.4555572646133
2023-07-13,101.23178055114815,63.846735100258755,173.63123094039895,143.90228324820876,285.2505382839585
2023-07-14,101.26004370089719,63.45191951507191,173.1575975625178,144.52030222195953,285.8559998996956
2023-07-17,101.08735034484573,63.84772493873262,173.5138291292572,143.79980862708769,287.48697148541714
2023-07-18,99.90563482596832,64.17841762900387,174.94044473073615,144.9940865072207,285.61840768637563
2023-07-19,98.39512983134672,64.21352007370074,176.61047745159786,144.04279341364847,285.0359901016547
2023-07-20,99.11182911012628,63.73372886902832,177.1834568431341,142.6190453550371,285.0927334500984
2023-07-21,98.80411718317454,63.842123572947685,178.29476261859003,140.18710130053242,280.72410224940603
2023-07-24,97.83833493241177,63.82310222952362,178.4805297923982,138.0652893195939,277.59389669851697
2023-07-25,97.78338583229859,63.002882891722045,177.35280576581806,136.8878849451525,274.60771320711854
2023-07-26,98.93221040113295,62.107227188658044,176.96082098144183,135.33921560475025,276.82475818640717
2023-07-27,96.74005091614075,62.48421068620112,177.0652430665122,135.81812849979474,277.61581946223004
2023-07-28,95.3411113885194,60.90376604693345,177.0746645160434,134.25254388376166,279.42916493707446
2023-07-31,94.5030625958391,61.05341385075431,173.83659486559753,130.14979014675956,274.4453839685429
2023-08-01,95.93242439599258,60.78653419259952,173.2162674531243,128.84973768740687,270.51204035822326
2023-08-02,96.24238959438621,61.611636284097195,173.38299148059463,128.2944874779033,272.421027071636
2023-08-03,97.02251580779443,61.332879614528544,172.96500162206812,127.5710940950201,265.0615509554062
2023-08-04,95.96096211267877,61.76339737209878,172.60763852415636,129.57619114433322,268.4348822558758
2023-08-07,94.93060066762756,61.54334818465871,173.52140213463468,128.83514368410093,263.69026847716486
2023-08-08,95.39481649273834,61.6380427229846,171.72792193461174,130.0270968150437,266.0298812057487
2023-08-09,95.48861119090091,62.118734232047444,169.02234971476048,130.0544280025566,263.781943851363
2023-08-10,96.05244784659932,61.85680176468916,168.5022756603294,130.05143063930672,266.6699706169585
2023-08-11,95.91071092296984,62.50131606622421,169.86268904214862,129.02113003026844,275.4740516794911
2023-08-14,96.21633073011229,61.908075698589926,172.82265093057515,128.99689871666212,269.3904088837296
2023-08-15,96.40714259903513,62.11556261345416,174.24933128274924,128.0649301176531,271.37874631832
2023-08-16,97.19876115959926,62.716398998231014,171.77827980503844,128.3341802553386,266.62250150236423
2023-08-17,98.02553921295353,63.15697761324181,171.4481523007153,128.08257186907727,267.86992149862454
2023-08-18,96.489030565671,64.4047755038731,171.9574815154763,126.92912620824481,267.4235613407377
2023-08-21,94.38259144020783,63.94052733729233,172.33205308958853,128.24568172567052,267.877984930294
2023-08-22,95.37095693034505,63.08997603076284,173.33327778941393,128.84578415248458,265.5530769713992
2023-08-23,96.54906728036165,62.49075009917797,171.8197071823899,128.32108380422648,267.7410133181615
2023-08-24,95.60691194748338,62.92999845840379,172.0001147341983,128.55933139060454,263.9966903937792
2023-08-25,93.88275946491382,63.26942546202138,172.7936956453022,128.50300579251316,267.4019452462606
2023-08-28,94.01337997444676,63.359494482662484,174.29601366119692,127.44391507666732,266.4163834583288
2023-08-29,94.93054268447348,62.67704038308841,172.96649410337665,127.58481362640033,262.81057603613147
2023-08-30,96.69110761801376,63.18480666762797,172.4394794882021,126.84568016729396,267.14268000301917
2023-08-31,97.23049681561044,62.44066985988144,167.90664737326736,125.70298878686255,267.06964609268016
2023-09-01,96.90850137507803,63.1938078610405,166.93316702950057,123.72906546191595,272.3221746184404
2023-09-04,96.08526192201953,65.05159366277798,166.12647335672125,123.3354828853454,275.77888192359075
2023-09-05,96.13471175058042,65.31653467423185,164.50706882732712,124.08636960504845,273.69598186107834
2023-09-06,95.88579119583216,65.72479795562958,164.84566332525375,123.27667982689113,273.5728742786718
2023-09-07,94.95538304694556,65.42782971985717,164.81938006757383,126.4742013665228,274.0137853206321
2023-09-08,96.95962799715612,64.27980875153905,161.2019729727963,127.65039041187245,278.33946016561015
2023-09-11,98.74555298178588,63.91910963486479,161.61438350693783,129.37801957599976,279.6717588406518
2023-09-12,99.9137043080509,63.24963896847705,160.18508175467645,130.46316593966483,280.27732287739695
2023-09-13,99.03747882949614,62.365945039050644,161.02937427568764,132.95617775119223,279.8295746752147
2023-09-14,99.92786201033942,63.47479977783116,159.04199467222057,131.9666928035335,279.80003452599385
2023-09-15,100.60931118231402,63.67369961400497,159.15337344916554,128.68173555400966,283.5876103043396
2023-09-18,101.0959702426442,63.941491775555406,158.76684095135457,128.16018586294092,283.71158035304023
2023-09-19,102.40821344158297,63.76970603667339,159.3125085379275,128.92916168608937,282.7061975809784
2023-09-20,103.10218978322425,63.68503080489762,159.57510809024555,129.1763195112964,281.2272652605762
2023-09-21,103.9095461955094,64.32800330166192,159.23212874204646,129.58447889623486,279.786122782483
2023-09-22,104.6153024019609,64.3329328690717,156.8673186042195,131.36006166902035,276.0010042019749
2023-09-25,105.01442792052038,64.70112664758322,154.62893266895915,131.91564838228211,274.04730871836983
2023-09-26,103.19925542914017,64.60026880100162,153.79020902184448,133.02696076408802,278.29590491934437
2023-09-27,103.32691034851766,64.40537181311835,153.8389991923914,131.83566604357776,277.83265199468036
2023-09-28,102.79491937454554,63.53099526523949,152.96729131421162,130.45159727830458,279.90858784306323
2023-09-29,101.52829415637086,62.31177486599535,153.98823995720298,132.6273605040583,273.16486464177905
2023-10-02,103.29156175363232,62.173868543363895,153.62030813450616,132.81436620704778,274.83162180190817
2023-10-03,105.13504213582492,62.23389322605133,152.2058527681038,132.04200856046825,274.49830847965984
2023-10-04,106.61645323881383,61.46318994521839,151.84388735906072,131.27655091399478,273.2892337172561
2023-10-05,106.93166435718256,61.4665859632333,152.2481163726514,130.4793455351308,273.89376112750983
2023-10-06,108.42907046564108,61.52423948456064,152.80466124009044,129.6094051989451,272.6481253137629
2023-10-09,108.48552593767513,60.23605872023053,155.76433206064763,128.00814237978474,267.025269528792
2023-10-10,108.74924586332556,59.7112179714224,154.78778962994053,126.15227010597829,269.60711665110557
2023-10-11,107.60961706379423,59.97888282783944,154.73597742316767,125.95688003550589,270.37123291944624
2023-10-12,108.08089069560451,60.235575607082204,155.45892246931237,125.26235373759104,269.63158489458664
2023-10-13,108.18944317777121,59.56846870683873,155.48469509442634,126.70758616963728,267.14582573507636
2023-10-16,106.8319749687733,59.686798544494465,154.77015129714897,127.13032318541806,263.35320025349
2023-10-17,106.82001354275978,60.32429581713028,152.45181055081076,127.51906768970835,264.0490879373698
2023-10-18,106.77758284659085,60.81920847129272,151.73570190724445,126.6255998595063,268.45127722160373
2023-10-19,108.75782459948888,60.78559338627208,150.17528522284695,126.52303869942132,269.10485505323265
2023-10-20,109.77861545063774,60.526001337137934,147.66365899545826,127.03141609921241,265.5155700788367
2023-10-23,109.83510607106281,60.1703437402959,146.55200153779234,127.99566345969005,266.22043020620356
2023-10-24,110.15275436231956,60.47667780342705,145.08349547688243,127.92670284252443,266.1849108844256
2023-10-25,110.24555568593175,60.61902814585436,145.9913353488531,129.36640197573087,268.6022490366288
2023-10-26,110.06609647986747,61.02617555890878,146.93028041732782,129.4284989167528,270.34501835564527
2023-10-27,108.9246970201287,61.1311537630224,145.6664470120493,130.51094173059215,262.4972914437421
2023-10-30,108.80380123985174,61.65838667689596,145.34600077729735,129.92515395425866,264.03804053807414
2023-10-31,108.03824546483654,61.74143013391517,142.7271385678626,127.64240741077614,261.5063043475831
2023-11-01,106.73852302922597,62.25271007768526,142.08014305011824,128.0366117163958,257.91784505784057
2023-11-02,107.32851363727414,62.82231203055293,142.70522014646355,129.02026598569017,257.5351897782879
2023-11-03,107.79238312024171,62.34385004053124,143.9448851034766,129.81663645925977,258.699221831112
2023-11-06,105.92591380202802,61.25120916592053,142.9793212496532,130.41802032476076,254.59110162174858
2023-11-07,105.83836554365533,62.228837597607466,144.54900164003445,130.0161876333114,256.4938016618726
2023-11-08,106.94023113145195,62.41371897514597,142.43156554236595,129.02310546378357,258.56261467549473
2023-11-09,108.1222280321128,61.377311518827284,140.72186654032708,129.78883493700505,258.78760043063477
2023-11-10,109.28079783789542,60.96512946798933,141.7807688446534,130.39564573050203,256.65465166624386
2023-11-13,109.36706885513301,61.46210435733631,144.22768482461288,129.71818198048362,254.25498294797754
2023-11-14,108.49014891456233,61.314970326790274,144.99909708194642,131.2177960952224,256.97966433616426
2023-11-15,107.36372695408309,61.026208111352865,144.99860062541345,130.1164544774722,253.2265969001393
2023-11-16,107.77744819998966,61.91188915958191,141.90704833152174,129.41115958535104,256.03891186746614
2023-11-17,108.23028618808512,61.291389013562636,139.12151828648928,131.59892780390643,255.7185538873563
2023-11-20,109.67643682053725,60.82846335036979,139.35740315565815,132.80006026549074,255.57581456490084
2023-11-21,110.93387955959244,60.981570244594415,138.9148634288459,132.37841450733362,251.34794613470555
2023-11-22,110.83161389920808,61.244634201047965,137.44212237928588,132.8125060784864,251.07985914883417
2023-11-23,109.5049768411148,61.573998000841556,137.58724516061983,133.07146667578164,252.72625518405457
2023-11-24,109.19976735473465,62.16250792290299,137.8008517781489,129.5193367702203,249.47103262542436
2023-11-27,109.4810248068988,62.31099143140938,139.1640841590468,128.40193345290137,250.81839852597363
2023-11-28,109.30371813982318,62.641730479535006,139.41006825163504,128.3880069421101,251.14219381744417
2023-11-29,108.71735829133995,62.50456440142725,141.1895995859642,127.98215859785147,249.6304768536868
2023-11-30,109.03624167756709,62.56878850139876,141.25737842770695,128.3501266277802,251.87387411736086
2023-12-01,108.53153132010085,62.66116697864209,141.15100226327348,129.8599701254052,246.48617211079812
2023-12-04,107.89516714909242,62.82121850492233,142.71838847213127,129.49488200755786,247.4411318194462
2023-12-05,108.27503490911134,63.33374533530597,141.38532555828013,128.18375382474144,251.58151543521114
2023-12-06,107.883795871979,63.71179724982788,145.47924682965171,128.65228858518648,255.3324663204324
2023-12-07,108.19073427733308,63.76547601611697,146.0846163324484,128.28406906055642,256.43226422997645
2023-12-08,108.53012322191546,63.27692038321025,146.70067850760464,128.1352644496326,255.76210750876257
2023-12-11,107.34344685755275,63.34508813140061,147.53202487576496,127.813059312914,254.24280086183563
2023-12-12,106.87084684581278,63.35267873087038,150.38770128007087,130.76307530397827,253.57520897943851
2023-12-13,108.46188663102477,63.5005778777575,151.6449159811299,127.91680065007375,255.0599291634209
2023-12-14,107.25166056925283,64.94327907814196,149.29006360196007,127.47199821420634,253.11048571180223
2023-12-15,105.04738103852851,64.6298599020596,151.46064965226054,127.51829294330834,255.13691789917763
2023-12-18,103.15090827193869,64.92932831893545,151.00559470397286,126.57669429282721,260.742137280164
2023-12-19,103.22222044860405,65.65304896809198,151.22797067548348,127.77190240308742,260.68508470788873
2023-12-20,103.29544880037898,65.74371397766795,149.36543664184566,128.86679043694232,257.30680297526277
2023-12-21,103.2153114206253,67.32573210135617,150.21354549746457,128.85679769644,253.9714124645526
2023-12-22,104.51797924637343,67.09852890779612,149.29798011758533,128.55990144469433,256.05374576768605
2023-12-25,101.80210304307657,67.34327269239351,149.50739729120704,128.4674270843246,256.00318992839937
2023-12-26,102.24686161742386,66.83420194208422,149.1428962741449,128.3842242923518,258.36109877024046
2023-12-27,103.8974633266581,66.6263208401449,152.10255690065284,128.33496882886587,257.08888253113656
2023-12-28,102.77341139946365,66.81910524995051,155.20977868893374,128.14517470950634,259.33693069903575
2023-12-29,102.42477333802978,67.41395790181343,155.34411368931598,128.52048292028223,259.0303186490872
2024-01-01,101.69719192360552,67.65647311124313,155.5057209466802,129.54397676853543,257.24271992860224
2024-01-02,100.83204691381609,68.5411423928733,154.98806158690428,128.0112065120368,256.3157517999383
2024-01-03,100.5438158194977,68.50347889295139,156.77445104057938,126.7239592893795,253.36713070061822
2024-01-04,102.03016079341702,68.3036253824795,156.32215220515067,124.57724828858652,258.5613875988721
2024-01-05,103.96375516644444,70.2038179644899,155.72717273052712,125.71154608564903,258.415647088814
2024-01-08,103.65654044373262,70.50933222233292,157.3215046898056,126.07704629556243,260.1906065938233
2024-01-09,105.6924582989721,70.03185833223466,156.53952297716037,126.7663811255898,258.90100624917955
2024-01-10,105.77236712772817,69.57516089318017,156.54303727497287,125.01714543628847,256.29432604027824
2024-01-11,107.6867139942113,68.94994598037997,154.14872188443053,127.31958878271483,255.7979026810734
2024-01-12,107.6293337226095,69.62658858834394,155.3001609248384,126.59738622107919,258.7337693305848
2024-01-15,107.81359967679967,69.4011016570645,158.4071212514202,126.86124391904954,257.4929387694854
2024-01-16,108.25164377987977,69.5173503101079,159.6175576802856,128.00096055300375,255.36323376791051
2024-01-17,111.79279224861108,69.50100962336006,162.03278335834034,126.79453867052497,255.86286572503076
2024-01-18,112.79363885484082,70.0392783172881,160.7318839636559,126.15416957639083,257.24574807408527
2024-01-19,112.04351235797209,69.4765136642882,161.17663938863174,126.43096712883562,261.611434341802
2024-01-22,113.17975168695476,68.76074668227095,159.72751040077853,130.14785828598468,262.64356128488504
2024-01-23,112.81608792867553,68.94271985331739,159.42787856014274,130.5925829345399,264.44618188326336
2024-01-24,112.3098366532434,69.3860338306741,160.72804298272976,132.7604046069523,266.4616982327046
2024-01-25,113.38027837648632,69.64500129671943,160.95615019200534,134.42450844367468,263.51238216196987
2024-01-26,113.4609040670147,69.11117165696659,158.76189412784277,134.974094350039,261.09048610568937
2024-01-29,113.82293955249561,69.60881696780113,156.75048405065874,133.6989871590663,258.37914860609624
2024-01-30,113.88440370823427,69.12058794566474,154.6622378002272,135.17746148412124,255.06199081431583
2024-01-31,114.31408169604592,68.78854570068069,155.48638229753965,133.22072529314227,257.2018578219699
2024-02-01,114.84684080616441,68.16953123389179,158.79230643416287,135.42474418096293,258.0521552212661
2024-02-02,112.6887678921236,69.0899509398095,161.0349918305423,135.75016110838104,258.36070170121104
2024-02-05,113.48781552841115,69.55678767746062,158.07377112904084,132.2526237872088,251.84895225512807
2024-02-06,112.42375795020412,70.00687430441866,160.40030378002265,131.85579314065657,257.1820707529902
2024-02-07,110.85824282091725,70.91383551727614,161.97412390472667,132.77398574798067,254.99439398229384
2024-02-08,110.8378343182813,72.96588829230332,159.55418685620663,132.51264683343598,260.38457898497234
2024-02-09,110.97533739855704,71.75803161292744,159.13478982886474,133.51691137461697,256.7408661471504
2024-02-12,110.2524712874218,71.25863618534927,160.952099483949,132.43976060494492,254.76543566772705
2024-02-13,111.21700001424797,70.84924222390771,161.90522563503106,130.77366507120237,249.3144043085518
2024-02-14,109.77814837527909,70.27710529936142,159.8634776916303,130.7325492300004,250.31897826458805
2024-02-15,109.3760624879779,69.55169172078816,160.90716891903176,130.8261423374933,247.676497588267
2024-02-16,108.78172128984185,69.37133287709592,157.56728953449186,130.42331643269472,245.13116824858972
2024-02-19,108.77455577978905,68.55989029022655,157.27948475312795,132.0866771247739,241.8864269118185
2024-02-20,109.12195255673365,68.81750169996062,159.14312397327592,131.02082476288066,243.87159977176572
2024-02-21,108.07086378414125,68.8806351355951,159.23608149042084,131.4843633019408,245.71110916640077
2024-02-22,108.89999509291768,69.24045956932903,158.50696170137,131.62640359771711,250.3041633572544
2024-02-23,109.01222245547815,69.62074979457101,159.98690646582781,129.64506853212802,248.6931396424902
2024-02-26,107.01195380532344,70.06985833912329,161.6186415317787,127.9974283432749,249.33763934761274
2024-02-27,104.97840177571014,69.836628190532,163.81535221218758,128.0638903581612,246.24195446472132
2024-02-28,105.00746456179992,71.36232473698483,165.32005406247345,130.67865348885655,245.5165152992501
2024-02-29,104.81760721139821,71.55843413102896,167.18434478529528,131.49041785210272,244.34368124388124
2024-03-01,104.75115284080458,70.26610460394146,168.48153347633863,129.292545667595,245.57938697817104
2024-03-04,104.76374211257777,69.59312415016366,168.99707999970127,125.38296228412624,248.1889823493088
2024-03-05,105.04232227279302,68.41969635781557,169.21608821470215,126.35599596921179,250.7612142017885
2024-03-06,106.08491245286238,68.45893578480383,168.88262203977249,126.28498682321583,248.75613169351536
2024-03-07,104.95469546668326,68.40295569943954,166.91425651819608,127.78559402890124,251.35284395757012
2024-03-08,103.77333706386497,68.11052672682465,165.3934418320939,126.71578099600592,251.34257605900038
2024-03-11,102.68600436699886,69.52184639666629,164.99364972322493,127.21120779020794,250.62827980407585
2024-03-12,103.0243118200096,69.93252639590652,165.45868202832992,128.34352951282847,248.95838888971218
2024-03-13,104.35666167954692,70.47033577881517,167.92704585234003,127.82164027457401,247.6673243745591
2024-03-14,103.94907095776098,69.84518272288283,167.92402784778173,127.3290908088847,252.12110566977003
2024-03-15,101.42139636629197,69.178468708896,169.6854492900638,127.41221650049785,252.99852477719878
2024-03-18,99.74771515577393,69.23162198676272,171.59543453129572,128.15678445276708,253.54207263580076
2024-03-19,98.95980747241016,69.37924745506804,171.26723483105624,128.18968138876488,252.97920904930012
2024-03-20,98.4487879514167,68.1304792494498,172.3577081087483,129.49613255294673,259.34704161063763
2024-03-21,98.08678101851902,68.03495443204636,172.00726858299555,128.95089388676863,262.85885068106694
2024-03-22,98.1638890047321,68.0717522967792,174.36627126565048,127.30015361643581,261.0747011134815
2024-03-25,97.89749436093909,67.952629542214,175.5487052942116,129.89383539038874,260.4655031737685
2024-03-26,98.96976024982656,67.42911742606577,173.5406194582507,129.16247766335778,260.01205141932184
2024-03-27,98.34229296269355,67.09312516013483,173.8906992179894,128.48172904028033,260.49579039139667
2024-03-28,97.53692251711159,67.00136485562686,176.85108628480762,128.44858076407894,258.7790066807782
2024-03-29,98.04433302515663,67.08905999680688,176.6014939584397,128.58632718416078,260.0210545159024
2024-04-01,96.58885225642388,67.52304224539392,177.46490978074004,128.1413112657534,263.9298869039966
2024-04-02,97.00477950532212,68.28413586860617,178.50769086558674,128.17023102901356,260.5897174959717
2024-04-03,97.14316151742128,68.11067741082599,176.7374781664919,128.1705357779037,257.7694909172581
2024-04-04,97.03884453631788,67.82781957998426,177.71347047495698,128.44616680866642,256.6296907915697
2024-04-05,98.63183883382233,68.15257800450259,175.32373607442867,125.50367068452206,255.61341317822715
2024-04-08,98.0592653248549,68.59759219908352,174.29999856435842,127.93774388428103,260.8774761589117
2024-04-09,100.1405827063722,68.32771247642818,176.2555929016643,127.80055524334261,263.6092648247257
2024-04-10,99.95506263203451,68.89746365817194,176.9562871586242,128.5961807591467,266.21684217020675
2024-04-11,98.72621824315596,69.60352543266623,176.48889539586594,126.88689503098452,265.6202124724876
2024-04-12,98.83479735249949,70.53662535361939,177.3495367238747,126.34118902382639,264.9667593796961
2024-04-15,97.81591468736693,71.8309392884666,177.3139067951102,125.54483403275385,261.2524882610159
2024-04-16,97.122175986085,71.23976296649796,177.4071603052658,127.45459400370459,263.4081498930382
2024-04-17,97.54756109707363,71.27817027256496,178.6476833436559,126.76082455347866,264.8107118912842
2024-04-18,98.13027043262035,71.31472944902339,177.42392746874503,127.77652498536496,268.34547861705926
2024-04-19,97.5606473834929,71.27332646400208,177.56652074415433,126.99892666725225,267.8874561357659
2024-04-22,98.5681572358936,70.84040466944212,177.08372113703464,126.47598466348431,267.61494127530693
2024-04-23,99.75561432076519,69.82372874113791,174.3677522880678,126.21628007111818,268.1776452536052
2024-04-24,101.23923260292361,69.91643196308969,172.83926009881364,127.89829722988817,270.6884672015571
2024-04-25,101.8173467342989,69.40904171980307,175.641343473225,125.55411597434333,266.84459183181156
2024-04-26,103.25635471887841,69.49654770175985,176.38891965037294,123.96264039360767,268.92351201426965
2024-04-29,101.37300091950831,68.9744842386532,174.13928104916002,121.6206995251958,268.9759691490415
2024-04-30,101.09166981126319,68.247449206683,171.54607699647795,120.35336936299925,266.2499871906364
2024-05-01,100.25908389815332,68.4349078212732,171.42232731349972,119.42829622542727,260.86149902186366
2024-05-02,100.41884944813066,68.56568959771029,174.18921090283536,117.5626457884101,260.6099576060756
2024-05-03,99.88658985429342,68.9916220521065,173.93376155807957,116.7494131153517,264.5160696043693
2024-05-06,99.76065454347426,70.54449992870275,176.2924989765771,114.46655964983104,269.09079506324144
2024-05-07,101.69677700308246,70.76868571275509,176.9847993095268,113.35254594741639,270.156822071922
2024-05-08,101.56494167773266,71.14125647277416,177.89195184114394,114.76735067377575,275.6198798479806
2024-05-09,102.02688291422588,70.40693839458577,175.60183811371263,115.27757576211108,275.6117737578729
2024-05-10,101.83090497321454,69.53447972111553,177.32680356286744,115.54009343846556,278.36307707066425
2024-05-13,101.94880506139425,70.67211168001619,176.8045804886093,114.43303600221162,277.2207126021033
2024-05-14,101.99572931289114,70.05048786694802,178.40852094413472,112.73376353742324,275.9081435004348
2024-05-15,102.49501708439493,69.3507385700861,177.03266832036408,111.5014285755851,274.1547987360166
2024-05-16,103.73787231630854,69.35136347769296,177.4173338778595,111.4978496301805,268.6710090105542
2024-05-17,105.50319100140244,69.31656308896147,178.11418000380928,112.51505924971468,272.2602850001063
2024-05-20,105.87269690122774,68.72127411571715,177.91118625930574,113.5803762236461,270.6271963282195
2024-05-21,106.54131759984354,68.53942217961603,178.7038424378788,114.3446199603111,268.57436136597244
2024-05-22,105.36433734641703,69.41499032975935,178.29971979887327,113.5497766800071,265.5300746733453
2024-05-23,105.31390440781516,68.88530719963462,177.2170683098142,113.62309653192406,265.09400939416133
2024-05-24,106.35136225475723,67.95910874038145,180.15726964167035,113.30387569997933,269.9183318496717
2024-05-27,107.31925000286606,68.63016207218043,182.12981796180003,113.12138856551009,275.7396785914656
2024-05-28,107.58961567156955,68.99645231650643,180.82162911494487,115.49563721259626,271.3063318627024
2024-05-29,108.5909503630721,68.59707541345558,181.92518186802155,113.52382806968045,270.454554439569
2024-05-30,109.168847262079,67.54730932083888,180.65131292900983,113.30303847868512,267.7785949173404
2024-05-31,110.53130717831098,67.07302811311432,178.59521545821278,114.73022176515448,270.5464704346843
2024-06-03,110.89595232626831,67.06316612714505,180.52332130809796,113.10590133506095,271.4315021911893
2024-06-04,110.54640771627335,67.87662195472676,177.54409082672325,112.4250846425937,269.81704556891515
2024-06-05,110.9626684743646,67.20353527620043,179.26901168046518,111.8766248805322,270.1209579587466
2024-06-06,107.8011019868063,67.17362300087277,178.88807180879246,111.67175433642615,268.9419790048862
2024-06-07,108.25794274716552,67.65573341735032,178.58145846586783,109.94763772147668,273.4279433342273
2024-06-10,104.4211885218932,66.09013081354573,179.38643960267572,110.64834312282521,275.03757398319885
2024-06-11,102.67801007774801,66.80362132224936,180.50425436578917,111.43260460799537,276.99680039734676
2024-06-12,103.18419189288737,66.04476599546639,179.09043748907263,112.04535205807954,269.81506514998375
2024-06-13,103.71958456945931,66.29090708166486,180.45260582854095,111.11880915939113,269.74279493929845
2024-06-14,102.561915262371,66.48122461579543,180.72957930454325,111.25947540379985,275.53123648331706
2024-06-17,101.87490582407102,67.23308314614935,178.5451176382631,110.3073639767473,279.3211776024816
2024-06-18,103.32207559492058,67.63155600359178,178.3133836030372,109.98508003911635,274.31892738812644
2024-06-19,102.86431150407694,66.06914029992711,180.86580988929552,112.4242205826534,273.5698930700263
2024-06-20,105.23963194023,65.57889892832006,183.9973439520828,112.57687860479808,270.4107082999374
2024-06-21,105.27971497794495,65.69586808154415,185.3961351744749,111.29241289212143,275.18757627463543
2024-06-24,105.75246444145823,65.59413155594494,183.27566254884923,111.53789975704535,275.9709877963249
2024-06-25,107.5192462095917,65.93453403884982,184.2507204394131,110.0843050745208,273.9697744055501
2024-06-26,107.70329061379414,66.48364694464925,185.8994712067012,108.81578189599637,274.1730201082749
2024-06-27,106.67178575271446,66.91616211821336,187.32838195901397,107.73183679363476,267.22358689105926
2024-06-28,106.59743216027742,66.79964557418238,188.88014735708128,107.29714613430899,264.44574278934755
2024-07-01,106.60211110547439,65.60385140322087,189.6433691168863,108.35054328838511,264.6479722539455
2024-07-02,105.1992213862623,65.3318451608717,189.58191122602642,109.02265712365204,267.00230463844525
2024-07-03,104.97241257882965,65.63068026824237,188.50744561362615,109.63818064851279,261.9737083094283
2024-07-04,104.23788650695207,64.94487291897583,185.03743393420345,108.48332036138966,261.0814938825332
2024-07-05,105.24797525796568,65.38229795870257,185.7412484590934,107.94083880823455,263.83646305288704
2024-07-08,105.32653204754985,66.00532901265046,186.16159675871464,108.27814134029032,260.13869206893105
2024-07-09,105.07111390268666,66.11556205506209,187.2773840067214,107.642989589313,260.83988409550034
2024-07-10,105.00159881672953,64.14629617708626,184.863075349488,107.38671038994276,261.1164543876855
2024-07-11,105.27824494171969,63.35700449550885,186.13376551897682,107.90487176191981,265.737849971577
2024-07-12,105.97200326117029,64.58920944886268,190.07353728790173,107.57220485280645,265.2330661803999
2024-07-15,104.95984167489503,64.26286791216855,190.29881303476253,107.85879209639009,264.88424745232703
2024-07-16,103.9138240177045,63.02557209347641,190.25758865533024,109.63428836113486,267.26549456727986
2024-07-17,105.11013787859615,63.83445069518725,190.92275216537465,109.48982117250563,263.84954604467043
2024-07-18,104.71950177127847,63.86851903183738,194.92059637545591,110.83304453268087,263.3727179063382
2024-07-19,103.28756000120849,64.60397781443368,193.01266334607143,111.49933941765701,262.2800843953025
2024-07-22,103.78848914601639,64.8090705846154,193.4826548199176,109.91927650546738,262.02078666864395
2024-07-23,104.31224617396522,65.13298891838679,192.01841810466354,108.75796146359534,264.3589671293323
2024-07-24,102.76878052672649,65.39601053176158,191.04733944745976,107.8982784751695,265.93436185407273
2024-07-25,103.04609709034376,65.88008125439212,191.02901829794786,107.02265790323808,264.0563943508086
2024-07-26,103.84841248626648,67.4246341622532,193.6976769255494,106.96885001136192,264.5233923653392
2024-07-29,104.27963909316797,68.10975897754308,197.2966597713678,107.67141235346551,268.60290610232056
2024-07-30,104.98273866291132,67.06867626812554,198.262102366679,109.0749974178566,266.4856634530166
2024-07-31,103.56021717513705,67.39586921964937,197.59588444853395,109.45543129055979,266.9795635045456
2024-08-01,103.94518090882305,68.19686091691123,202.66438724200495,109.0122924524094,266.5709687808907
2024-08-02,103.6725584616345,69.04963157703654,201.88047235701276,106.80857763409352,266.5096511406433
2024-08-05,103.21452139536262,68.78319761591189,200.8110552075911,106.92676212442638,262.30393302552915
2024-08-06,104.15863884371012,69.61701033648457,197.35714608646032,106.99711119481141,266.13707874805385
2024-08-07,105.75317652586347,70.2939941088835,200.21182425772523,107.23590459179768,264.18985454098834
2024-08-08,107.7109829366704,72.1546359315132,202.24066179682606,109.56232072840588,267.02137473275815
2024-08-09,109.18018980439098,71.64415113355031,207.2729323688145,110.97439420825732,265.47347883380013
2024-08-12,109.10408043273658,71.31006732123566,204.49452553532262,111.89378812864364,263.92366082147134
2024-08-13,109.53339660909892,71.12054993140728,207.58126741755243,110.866783263376,267.2517586109893
2024-08-14,110.42071182282054,70.80106918857736,207.81001406498453,110.34362742511354,270.0291662506569
2024-08-15,110.59882916611915,70.2017959909795,209.57575447736113,110.2831264886485,270.70147225583264
2024-08-16,110.78785370576077,68.31621449945372,206.2331859327898,109.47507140897135,272.8789092168244
2024-08-19,111.74893195838398,68.04710220213717,209.3669213772726,110.06834711185304,272.2015033055882
2024-08-20,111.72738588478998,68.32622942449747,211.1045450376727,110.50608625976659,272.2876207182408
2024-08-21,110.95991169785087,68.01726071226209,211.10684601631823,109.3536932122603,270.60026439297104
2024-08-22,110.5451737402956,69.37421930935899,212.5581315970293,110.71459655363594,273.1670034200252
2024-08-23,111.29266501989493,69.41125824676821,211.0216127657357,110.87226702964708,271.38791254165227
2024-08-26,111.34052368672191,70.34131821476193,209.88634240193508,109.01528260060213,275.55872738526534
2024-08-27,111.76465725420756,70.55366116817903,208.99946902424819,109.00291785279354,274.79968958540906
2024-08-28,112.56109922357442,71.16759900660094,205.24500929574359,109.35360517572789,274.96601724766373
2024-08-29,112.18482829937277,71.39515859468463,207.10419367897993,110.46675758207097,277.17104222813487
2024-08-30,113.0816637139789,72.40808081052906,209.67064740273958,110.1386333330424,277.3481124463756
2024-09-02,113.55629117545864,72.47758198685952,208.2885779973127,111.09872917144735,276.6337302264197
2024-09-03,112.20757908665011,72.8671927714618,209.0987320427571,111.35136784779733,276.66133011163066
2024-09-04,113.88322582208367,73.16387853128833,208.62766119746317,109.94059030508083,279.256944690271
2024-09-05,113.35972177986979,72.98244858558223,209.39739905343347,108.43907169157312,277.5229921912784
2024-09-06,111.5435600433144,73.30793121070155,208.17063521493608,109.7070973195823,277.2837678331066
2024-09-09,110.42811326287773,74.9943417650088,206.4222552127986,111.0714740561948,277.4232398304003
2024-09-10,109.35006034110938,74.82175598735911,208.6888949959582,111.47529499642066,279.9441541055489
2024-09-11,109.45089838642697,75.16632667282273,208.6390856807568,113.20044128320232,279.7766706004567
2024-09-12,109.1952459459928,76.1481767800601,212.9861171648741,114.44863989742389,284.99586484845184
2024-09-13,108.87160012864004,77.05224277450814,213.1700247614898,115.27982686305035,284.6639281757169
2024-09-16,109.59220251517164,77.09210174016977,211.28951567624608,114.27974373404908,284.1017500154696
2024-09-17,110.00930802926665,75.3065372066118,213.98345821305557,116.32216457784021,283.7297292514493
2024-09-18,110.40169195079292,75.72693993302873,215.42368472236873,116.9944662596639,280.1305412283445
2024-09-19,110.89942882031039,74.09434637299329,217.08206119471606,116.59055287831428,277.3522737875568
2024-09-20,111.62947082967301,75.2216135914591,219.769979362137,115.86034564398801,275.99473124165
2024-09-23,109.34473055916753,75.37934836631528,218.4273550511377,116.20471111673542,279.2591138550332
2024-09-24,108.99054928683947,76.16713598309133,218.23685307785018,114.3247172033703,279.2783106205253
2024-09-25,106.68270700957889,75.51331301001765,217.9501695660119,115.17348175615756,278.03927253632037
2024-09-26,106.76388066483436,74.37976263438834,215.2411422166884,114.12608209413513,281.58313125773776
2024-09-27,106.80164655410607,74.60379976329477,214.76042184557386,114.59565643691339,286.0994537092857
2024-09-30,107.96732837687964,74.60857199276927,217.73677615307574,114.04506738848012,289.82964380669455
2024-10-01,109.30094163155076,74.27244328069881,218.34148135068685,113.78941588851991,287.48262259166313
2024-10-02,109.5666194145285,74.36508999501626,215.50834919461943,112.97656551557422,286.17683646090444
2024-10-03,109.06337660072236,76.48242456155972,212.26622349191922,112.83968765272299,291.53127495250686
2024-10-04,109.63764163114595,77.15421611646651,215.91590833682264,115.03793154910468,292.3520382861401
2024-10-07,109.10400315726345,77.99940603121807,215.80728891916402,116.68902727481924,291.6873227454766
2024-10-08,109.14613345222325,78.69192777476295,214.50042644765838,117.15025004548578,293.9077361998933
2024-10-09,110.2718875740168,79.89675207173323,213.99909987428956,117.16747911694716,297.0020040165335
2024-10-10,109.70240691357047,79.77693960407942,210.9452732339875,118.20806903709982,295.42777496250676
2024-10-11,110.63407062357145,78.18570827557475,214.05429178385847,119.59919043414784,296.19522776877153
2024-10-14,111.43061475343647,78.06962142092672,213.2998993046931,118.65829461837029,299.0720130997956
2024-10-15,110.41590492540334,78.73740811704191,216.32310979907862,118.61387861145734,295.74024530888977
2024-10-16,111.54109980549258,78.00870039878708,216.5214645218224,116.51894965419358,295.8950924172678
2024-10-17,112.36795450658275,77.90239559127791,219.72681078557858,117.8820960414303,292.7330429432069
2024-10-18,112.52754694784406,77.39630242040414,220.37969620473118,120.38984451484723,289.98386180805693
2024-10-21,111.7176625931497,78.59902538110367,222.3570175265737,120.53449863476982,288.47091656107654
2024-10-22,110.80620323963446,79.22198667135831,224.05133677805296,118.04736077379918,289.96651972694565
2024-10-23,110.25613211757562,79.77173757418875,225.5423888195841,118.81584953177553,289.149900592476
2024-10-24,110.9003530142121,80.30125816356843,226.41904483251443,117.79359759296007,287.3960011204602
2024-10-25,109.8895560886319,80.30346707875869,225.982814854651,117.06161563296192,287.6592457621524
2024-10-28,110.4155470149981,80.4944597776503,230.44524901437248,117.8445271771474,284.4925246747754
2024-10-29,109.09656342720866,79.57790775901744,228.45606884809828,118.19215481807662,285.82936591393656
2024-10-30,108.91771699544563,77.88801530190571,228.5573147741798,117.66371028800111,289.1972200570037
2024-10-31,109.08083193174181,78.03620651894616,228.68279488902417,116.94860755038785,289.0838652815945
2024-11-01,111.82559679860422,78.3207682814065,229.69682235070445,117.14271141039264,288.61405545896645
2024-11-04,110.34009067778597,79.30533903121118,228.80395592305896,116.71070798778939,289.8097725144667
2024-11-05,112.02112564204786,80.59356531601071,229.6170708986871,115.4694416253423,284.1039114735587
2024-11-06,112.23399124180816,81.90162208877625,229.32141683354413,115.13211424175837,285.74740786000046
2024-11-07,112.74150350827989,81.12073175525218,225.81251182158107,115.56997777749206,294.8677908624331
2024-11-08,112.9201687456132,80.86781516444009,225.92443481175275,115.41048179167154,294.62410606423543
2024-11-11,113.4688518193557,81.28969478138012,223.54101975469231,113.83614547347165,294.3910768453576
2024-11-12,113.33992793425858,83.40750554338658,219.78528075006554,115.0136411776054,296.707007979824
2024-11-13,115.04599635700885,84.6850678779772,220.17436626731688,111.95115117098536,301.74988336524973
2024-11-14,114.56785932208615,85.67261790287581,221.33970317382986,111.49714379063258,304.82814289846016
2024-11-15,115.91876580472791,85.37517638929758,222.59759178679914,110.85211212683532,298.44691657786035
2024-11-18,115.22030366181566,84.65831973052109,223.95325057542067,111.06090878151862,300.2531858269881
2024-11-19,115.1969717855426,85.36297565629798,219.75459293519916,111.73113407603938,308.19890590776663
2024-11-20,114.01429506150889,84.46234838519591,216.87068793799332,113.04240849683012,310.2473192406859
2024-11-21,114.5800921260926,84.29491056679984,221.28168488732035,112.28485559870253,306.80849687589813
2024-11-22,116.29444948906375,84.23190012345972,219.06410295961965,112.9906214644522,307.79748808881413
2024-11-25,116.2510144387338,85.61862418298541,220.49451182079434,113.25738854573717,304.00227593394413
2024-11-26,116.06877621271707,85.349608196892,219.0726540954536,111.37998121505703,307.8963575538447
2024-11-27,114.82815933328989,83.32622806159067,219.33498127735018,113.56246205912954,305.0892628939679
2024-11-28,114.61100365817467,83.78113047260132,218.0376194158054,111.98503662276012,305.43800712806683
2024-11-29,112.84507666165362,83.23080987226402,219.3531582158736,112.5007888376604,302.950381702525
2024-12-02,111.86436327086402,83.29961276546223,219.74126075647078,112.98553853455284,301.4199740101864
2024-12-03,112.16320023305025,83.26071701429663,218.8459087195246,113.34272586363214,306.05537854806937
2024-12-04,113.69791781373573,83.0663605895137,216.64631690093233,112.82866531965342,306.4947519981341
2024-12-05,116.98400267983067,83.75896580298927,217.3141255083112,113.8114302787717,304.907547631624
2024-12-06,116.3463298690681,82.51784479989253,214.78052693531714,112.0941657557361,301.5561783799262
2024-12-09,118.07551140173945,82.12516026721477,215.78693573325017,112.0652169292738,296.0828499277491
2024-12-10,118.41102938927486,82.7219353957872,221.61826201907724,111.47967073982711,292.5180889222984
2024-12-11,118.27937315140254,82.2484019011918,224.72064697602212,110.77147215682433,292.9629350981477
2024-12-12,118.83967784806131,80.96815203413502,226.4312893658626,111.29192984566257,295.9671407939971
2024-12-13,118.96085680911968,81.54389351646768,226.32804371910677,112.54256807387675,294.4310713060048
2024-12-16,119.13990345841734,82.49786319415186,222.0711756325765,112.20179322251795,299.2114034214904
2024-12-17,118.70187887394398,82.49374235750729,219.24176649136706,113.12640097304542,297.19109642196406
2024-12-18,117.10067485507626,80.9242866051513,222.1611470258385,113.22796692423616,296.60320545030083
2024-12-19,115.3530910763448,81.53021451054717,220.5017089607815,112.26654060221944,293.5357594274098
2024-12-20,116.15554876260018,80.22015583376002,219.0528279547074,112.02211978386877,296.5770610722774
2024-12-23,115.88093360941241,80.50045170801043,218.77775988274334,111.73181500133167,302.9846648721085
2024-12-24,115.23832100545603,79.82112210311129,216.55313767161965,111.00052064892665,297.81247908986046
2024-12-25,115.29423163408916,78.93224013330529,213.99834248045818,111.52175914223676,296.9020845956681
2024-12-26,116.26089021632286,78.6156402030951,213.97592931212205,111.82847039476846,300.80138649403807
2024-12-27,116.51736978866118,78.50306658859718,212.16159699827634,110.10777799024571,296.59890747655095
2024-12-30,115.80176530165744,78.03017464816747,210.67950572126622,108.34758361373484,298.4037947608423
2024-12-31,117.27747860585791,78.52229829191383,209.12374084808204,108.8522295878297,302.19191850616636
2025-01-01,119.19187553085764,78.20408979417383,210.30308253045197,108.01157597184694,302.5494077144829
2025-01-02,119.83072963139311,79.00600435390704,209.8994241708789,108.3816525602616,304.340526094379
2025-01-03,121.05158725344904,79.26015835789786,209.60876384158746,109.27505386030047,309.8710521050599
2025-01-06,122.61340975803185,78.74068725623445,210.9481192197069,107.93817454196848,316.09427747585113
2025-01-07,124.05653496129179,78.09301488946583,210.73297836838844,106.46786821411895,316.024847998668
2025-01-08,124.87064738433902,76.84770850824029,210.2314967427005,108.308923803981,314.4726361584104
2025-01-09,125.67030505472768,77.10229013760343,211.3073677228964,108.73386132757703,311.71747969899957
2025-01-10,126.37560400364731,76.86011705708475,212.80915347478256,108.32227925442352,314.9037086609421
2025-01-13,125.04642646160791,75.08832992191333,212.5814132133745,107.35825788922524,310.73770055161145
2025-01-14,125.9761132511399,74.71702696511151,212.83795760237635,106.85438692614015,310.07785445321036
2025-01-15,124.32935981794905,74.07644968904576,211.26498770896268,105.63199564336736,310.52061964870796
2025-01-16,123.3947020425479,75.28300707977408,209.53826692254688,106.61193181264387,309.0862245822667
2025-01-17,125.0637776048962,74.04156714153056,211.2406185548531,105.82935354222376,310.0763273956455
2025-01-20,126.16947333097637,73.01122128959304,212.26750104755308,107.03579064211243,318.25839564865544
2025-01-21,128.1113762519393,73.85567434129197,213.3214666484279,106.65048380807572,317.99880720880395
2025-01-22,127.81491855144773,74.8945012770584,214.00701707197695,105.58575638748704,316.74390464261825
2025-01-23,126.40117534654264,74.36836458704607,214.19157766837796,105.17866374277122,320.10430436599586
2025-01-24,126.14807411285966,73.92934102436203,215.77473202938648,102.49548981702856,321.0005158918459
2025-01-27,126.32737115778441,74.41608688111691,217.889062101193,102.41273909153846,325.7844896217586
2025-01-28,126.47777593972516,72.73343205338028,219.97157289035542,102.27956712375142,326.45201307518107
2025-01-29,127.97096640754633,71.4208044084271,219.83791937270465,103.16785743931645,325.77231988227254
2025-01-30,127.56049325736194,71.24907746205234,222.9974802364975,101.28054062770298,320.1409870250066
2025-01-31,128.0615558907166,72.39091273652825,223.59694509587618,102.50514166866765,315.1233458413318
2025-02-03,126.85247311432073,72.10500619594725,225.10542336331673,103.39110703293785,309.5151835916286
2025-02-04,127.47598003956927,72.20670032374773,225.83162955687968,104.73563239924842,310.81582712997636
2025-02-05,127.53094493283234,73.05924859779296,226.48071249155186,104.72230943309087,306.7331177571144
2025-02-06,126.62891841479646,74.64470451191488,224.9104373714239,105.83181076719583,310.73293703315755
2025-02-07,126.38118445861886,74.24504928680264,226.5840086367406,104.32788736815586,310.9512929320793
2025-02-10,126.19910473141407,74.26224886459914,233.21685273421724,105.11649153938525,310.3170188398677
2025-02-11,125.90898500947488,75.65800751703715,232.4373597777924,104.35072181943576,307.8325190023841
2025-02-12,128.21040675979373,74.5448748786816,232.69549619620892,102.68268783452963,309.87793227792326
2025-02-13,128.13549479615637,75.34496505857068,231.75219201344981,101.5754759218156,307.5179547250808
2025-02-14,127.87449767841754,74.61144747120792,230.71621848756257,101.6217349228967,304.6244464681725
2025-02-17,125.27042323898353,74.71782392708354,234.40091439387598,100.8278338101577,308.3893765332742
2025-02-18,124.20491139301004,74.566584655532,232.92191031211885,101.24822570244527,309.6087506423882
2025-02-19,123.92815204686507,73.88518719736807,231.91303303504628,99.47365212721931,309.00581991058385
2025-02-20,123.13033788562761,73.19165009404759,228.35182130716896,97.41905527822632,311.1186781728705
2025-02-21,124.89339430618462,73.42360576538636,226.71900750294444,98.80475244449202,311.2709516217849
2025-02-24,124.73745271298506,74.18788646310496,222.96780734777641,99.74168626237156,312.59045755488603
2025-02-25,126.405575740554,74.12134293185177,224.4707583503858,98.74005977386015,310.1715130672159
2025-02-26,126.53420146685494,74.20300523606961,230.93641631395437,98.77660070773491,316.7869286551435
2025-02-27,126.63195883607305,74.65790345445274,230.18322693985104,99.82870950750079,315.082087102783
2025-02-28,126.57018201216587,73.96560620302357,226.46899571970897,100.28817768175165,320.15119293192964
2025-03-03,126.62562714811705,74.54456460804386,228.60784033663109,100.4771209565489,319.6749421174863
2025-03-04,128.87241260885054,75.18791852784152,227.0428573066517,101.62418927495396,322.39440130003715
2025-03-05,125.967855348007,77.20211269424136,230.10420411108248,100.92467691243398,324.90014201454255
2025-03-06,123.52101464651828,76.94306873094318,229.54795850644945,100.99653910394257,328.77919884546003
2025-03-07,122.90105396925617,76.62205527993301,228.19346966613568,101.01891369067799,326.15742391569313
2025-03-10,122.96808758520912,77.24441550408409,227.87887658537062,100.78405343743964,329.8165247608072
2025-03-11,123.86916844664515,77.91088422912144,229.70411227839733,100.43212116199518,336.09737105220694
2025-03-12,124.50635856482954,77.52611071826755,229.27400256536407,100.54554112287941,335.36315283277486
2025-03-13,124.07848740123164,77.24507543576526,228.22923922082845,100.62038238265474,335.61378306123703
2025-03-14,125.39951558264903,77.69527725393588,227.86702679175872,99.61079765401941,333.9951851763884
2025-03-17,126.74874223738475,77.08576485689271,225.07725327148816,100.45285651050206,332.97326940832136
2025-03-18,127.03305110961203,76.80066442137488,226.06306458228866,99.51662104743716,338.85640809312633
2025-03-19,128.3131644685198,76.90025704623699,222.14864752156828,99.33940712000408,335.60473966070685
2025-03-20,128.71495726538078,77.70103719193774,221.25270873610452,99.08613642476797,332.59080123009454
2025-03-21,128.04547773853798,77.26357432792203,223.0284582472439,99.48138814719546,338.12711970696085
2025-03-24,128.99371265168827,75.88346249168097,223.79486736877286,97.43441972295747,340.3816209878411
2025-03-25,129.1881404904088,74.47271379420296,225.2099475446834,98.3456812299172,347.81513081656806
2025-03-26,129.2415577102502,73.57009828146188,225.15354926125067,97.72121972444035,346.3904887721507
2025-03-27,131.2117892360145,72.63936500995239,227.89387781461738,98.96026056254858,346.9669499564469
2025-03-28,128.0862683221158,72.55616017261333,230.10300681565806,98.5275999872106,344.8200755649146
2025-03-31,126.33374392410491,71.7273469996162,231.2243553428611,98.51888699971002,345.4527144332411
2025-04-01,124.89288653214787,71.25354226631133,233.47241479369583,100.46266203096216,339.51387178000283
2025-04-02,124.48980882518441,70.7323952436558,235.32514832830554,100.22450847487565,341.98413639297655
2025-04-03,124.22292999923094,70.44967298090299,234.38698528007183,101.51446017840067,343.22942187242114
2025-04-04,122.41348279345767,71.41612182946061,231.35065429163814,101.59473409242143,343.1691743942032
2025-04-07,121.26193248586516,71.91918914391441,232.41816039344454,102.05847081272279,341.96893586570496
2025-04-08,120.27063804874203,71.95956829548284,233.7843378006486,102.17075458911818,339.05839943433375
2025-04-09,123.31212729872641,71.65723649633303,236.44219914274115,103.08191820038144,341.6714119294155
2025-04-10,125.60426127948057,71.37601014091814,234.3323868817497,102.41863498598897,337.82857474815916
2025-04-11,125.13819500566015,71.63897612631108,232.31082865062103,101.45630296286276,339.6981912649544
2025-04-14,124.73392314766807,72.08752284848515,233.47505867168442,100.85082362509334,346.9574203849913
2025-04-15,123.35801441047923,71.46478428138496,233.4023028646596,100.99182116146584,352.29090871023965
2025-04-16,121.07491783485634,71.51946199470038,229.13376743861895,100.80937397603891,347.1670235612048
2025-04-17,120.98187098421005,70.10915696639157,230.08689730446363,101.56856583367752,345.44678888959834
2025-04-18,119.82857598085295,70.28585367012592,225.95431273285035,102.94361517687656,347.0445392353913
2025-04-21,119.77484427782046,70.85191841934045,223.91807699689622,101.98472319794175,346.93946338896086
2025-04-22,117.9206126802243,70.68202919862553,227.05608807602684,101.27945138656757,342.2550606430228
2025-04-23,117.07232188177818,72.0065168451821,231.33013848843459,99.87517411347118,343.7138259925147
2025-04-24,117.29336040568268,71.40331109746623,228.62641537119615,101.9645167035692,343.81689752071185
2025-04-25,117.77078631165479,71.58736889602187,227.96574629409952,102.31656364326747,350.60228683619647
2025-04-28,118.3107888730011,71.59035791242754,228.15417517707232,102.8497921814107,349.8554985950162
2025-04-29,116.80549041288448,71.54720360831884,232.34744906458312,101.52118659722748,354.10739468063446
2025-04-30,117.85522136188284,71.49404793112306,231.29759863428993,101.56061493966297,349.7887349819495
2025-05-01,116.9626691258232,71.59929666589882,230.2893005306187,102.11996928522586,346.3498061999522
2025-05-02,117.75231532144801,72.23789995176413,233.97718310341412,101.902932160457,348.9978928540863
2025-05-05,117.78689403567475,73.26933708841638,233.19516266477999,103.04623499361578,352.94180758959607
2025-05-06,116.22327597725042,73.29700130527927,234.97937117590718,105.49843115124058,349.7187517639307
2025-05-07,115.90271285459053,73.92661107630931,231.62653192747374,104.54582101673624,349.94291428114263
2025-05-08,116.37349397189315,73.43900438915377,231.32276144034861,103.52411507610519,345.2795046347127
2025-05-09,117.13585888033617,74.03328163755991,227.606441247027,102.6604582427245,344.7922456521221
2025-05-12,117.01762555002504,73.50069255686388,225.30694325319746,104.36444083652742,347.82910340510296
2025-05-13,118.87141445348321,74.33645133162456,227.29657858546508,105.50017013677433,346.4580321622401
2025-05-14,120.12314990953502,76.02846706903588,227.27406508547298,105.3994362485771,345.73457103933987
2025-05-15,119.8631798800815,75.96608555338989,226.64061453267453,105.4801606004529,341.98722786837175
2025-05-16,120.81399636670405,74.34835615139221,225.03997897895553,104.66423325248238,339.9130354532983
2025-05-19,123.22230448411389,73.97157026155874,224.63379759584748,105.64217958044355,346.08033008166655
2025-05-20,125.71216935655886,74.91840478275934,225.40136144361122,105.28370945339871,346.47136166410735
2025-05-21,124.22754506276273,75.36404864964318,227.71886133263388,105.05225948597969,343.1532317583538
2025-05-22,123.13109412411775,75.58210047371489,221.9074353267652,105.73604356232697,342.21163714360335
2025-05-23,125.02313267231044,76.37887651142603,220.15739562079042,105.57967530721687,336.92322705869145
2025-05-26,123.75650565922913,76.78050040073995,220.59615735650144,105.37403137732855,333.65699179102705
2025-05-27,122.17941262058861,77.75228648217352,220.46634579390184,105.4273379890999,338.36219073586136
2025-05-28,121.63546967574284,78.50185032457398,221.446011391301,106.31171968699458,338.0156065838422
2025-05-29,122.19655874590569,79.73743704595675,222.12809539229212,108.11986373329965,344.60518468702116
2025-05-30,122.12033590040181,80.05606173140787,221.54052793510886,108.79825801494005,344.414505939102
2025-06-02,121.37698518007876,80.81638704329178,220.46457208242342,109.71964884920804,344.42835617122444
2025-06-03,120.6096331077047,80.60079267766982,220.01197930418405,109.54439764400344,346.7815510203909
2025-06-04,119.80144974362705,80.14951886128378,222.6429616956875,108.81529965723635,337.77134413685854
2025-06-05,118.79991491057939,81.56184382795138,221.1075733703571,109.57308929192335,338.5996930446472
2025-06-06,121.59027845987713,81.77107700407242,221.0571517282289,109.8047970337944,338.5692661908306
2025-06-09,122.00135243102162,82.46487168333114,221.55141741160378,108.2970517306443,343.77558909385135
2025-06-10,123.1372664741689,82.60001028389868,225.12554055570058,107.98552973708777,347.24683987188854
2025-06-11,122.58552455714221,82.14981960182557,224.5402822505628,107.93921709312283,343.4697227143146
2025-06-12,122.4067333094101,82.19171263434227,226.79424315269046,107.43260119628346,347.90183285510585
2025-06-13,121.58502830368565,83.41385457944298,229.6974441295478,109.07994363779522,347.1292556397891
2025-06-16,118.45069003192788,83.9118479270179,229.64288766999204,109.64846017142824,344.14141842381815
2025-06-17,116.87636460806424,82.52094061503293,229.251178133037,111.2089852121787,344.95835702576494
2025-06-18,114.8251431087777,82.3764538805642,228.58947598233323,111.54693381797789,344.3973272468691
2025-06-19,112.31558573943283,83.8913559478634,228.09665900853244,111.68242044304282,349.87665044155415
2025-06-20,111.02540500119171,83.74568202888027,230.14553754486306,110.68555391851133,351.2108956504695
2025-06-23,112.55124238444809,82.28425890737024,230.7701008459821,110.7430473367171,352.074737164201
2025-06-24,112.54624953332902,83.89032688562126,231.4062624273762,110.80181645902658,355.402142947017
2025-06-25,114.05375607265458,84.49853851616912,228.90856457814647,109.34106452915975,359.45128544218665
2025-06-26,114.5692802291561,84.47318189441926,226.79527577679482,108.79623778862391,362.4239693248485
2025-06-27,115.51556650036432,84.19368619237872,231.80168729467306,108.48847310683729,367.7522020014138
2025-06-30,114.52536488291234,85.14395837797406,231.48242500125255,108.98156332666835,370.1454999179666
2025-07-01,115.17305638556576,84.71762080780026,229.78779044203552,109.52931444455314,370.91491104042956
2025-07-02,116.06181971234595,85.73028800597116,233.19318365126063,108.93801387581108,375.690026818303
2025-07-03,115.44064534801323,86.23086144474459,233.9448280304581,109.493779175086,375.4988637474178
2025-07-04,116.13483752275727,86.47669487711693,235.39544840907482,109.33832204799272,375.77400433717384
2025-07-07,116.84097077561245,86.63727084932717,235.16476316511154,106.28782526175647,382.45220054557103
2025-07-08,116.24711882547653,86.52041710114273,234.5103345334157,105.81621056040065,388.86137624627605
2025-07-09,114.99522152468053,87.46483467354903,234.20663791497708,107.00693152767234,388.9851479350793
2025-07-10,113.68702659979184,86.74592076315024,231.08287490246605,105.26442896075456,387.3798154471529
2025-07-11,113.83093799764062,85.38446226495266,230.9721494029635,105.42528125334181,393.2467911185477
2025-07-14,114.24947634254654,85.94508491358957,231.74959773392095,107.15271710732523,396.5656358991965
2025-07-15,113.39294636862476,86.52392177872515,236.17241280011729,106.38333620694438,397.9782589840734
2025-07-16,113.46847459157603,86.97522774838838,236.4701753816866,106.4281852559508,396.8580464079771
2025-07-17,114.16336076349776,87.3655135757692,231.1068877965374,105.09138219483735,398.3358990512055
2025-07-18,114.91725170203236,87.12076150815788,230.98215741411306,106.85818587079159,398.4087674861385
2025-07-21,116.7612346455426,87.84466168533271,237.49237275378934,106.81189144271318,395.92909825557217
2025-07-22,118.30912808254435,87.8397793033749,239.65470796625925,106.90445930051615,396.5989520315176
2025-07-23,117.17728145840442,87.44791243609045,237.81433903349892,108.40546864714761,397.8121122942852
2025-07-24,119.21443856974064,87.2104720955298,239.31994681648686,109.16858300025451,396.4801050859168
2025-07-25,118.63055821690654,89.02620935647988,237.64577200296074,108.26013984604192,400.23990121841695
2025-07-28,119.9245553102141,87.5299528183639,234.54398435641974,107.6046921251615,405.5939128090639
2025-07-29,120.0541277391562,88.00370657426438,233.82183657885952,108.18184561955609,409.71074930917047
2025-07-30,119.60817736441986,86.57298621866988,234.1295764499581,107.55177466158734,408.74395674545514
2025-07-31,117.51244503812612,86.51393472877955,229.87901587341238,105.3407067501565,412.0098069831754
2025-08-01,117.35794202322194,86.17406145934059,227.34337953006266,105.32675972266001,412.49610627549566
2025-08-04,115.58830297004621,84.42967491085206,227.45784290598263,103.8207016454188,407.593073004396
2025-08-05,116.75850689562508,84.79268812843979,226.62194386397297,105.55458433714165,410.5084857404628
2025-08-06,118.59041728236915,84.50485037115897,227.6094669938718,105.78366184321781,411.27328346571375
2025-08-07,117.69618193384832,82.78251521014168,224.95145266504326,104.87239569477597,422.2482439249002
2025-08-08,118.09935741931716,83.51385540120393,226.6542549605919,104.18394178175264,428.6180111880502
2025-08-11,117.29268203623526,84.75481957793922,224.07664522339005,102.27487401454718,431.8496982680089
2025-08-12,116.60445954120658,86.06164624306271,227.8791632062537,101.19703045739938,433.10028750143186
2025-08-13,117.55807499039383,86.4056805408527,224.09227739475233,102.2716639795719,433.9835085272205
2025-08-14,117.55979339419139,86.48007166636881,221.74595438277444,104.62164972962795,429.82134282847807
2025-08-15,119.67067134258569,87.67138542871247,222.762478505258,105.4265468170903,422.58041848097923
2025-08-18,119.14261724039343,89.19450228385895,226.5914049822173,105.3716944402689,419.07679183306004
2025-08-19,120.38736711265845,90.24742736234131,227.39733183302832,104.95948857213229,419.0444528487049
2025-08-20,120.5529092150557,89.43746939335682,228.7723552124826,104.00193393011139,410.47770443666184
2025-08-21,121.56468613529785,89.65358280698355,228.9040216123075,106.20881970653984,408.41278721114537
2025-08-22,121.07073247455146,90.08451858807051,226.657215330418,106.05095290747626,407.5657486214526
2025-08-25,121.05916007301407,88.50439000765262,225.63923715912117,108.3618364476155,406.8513968400121
2025-08-26,120.96779625753847,88.95634661981843,223.0103829920779,109.92641196875326,404.3297526474393
2025-08-27,120.00864626479908,91.03787969105949,220.2649701049665,108.07259697418851,403.11247863439945
2025-08-28,120.85416946815253,91.65898833792922,221.2401405466828,107.39822678435849,410.28603573821545
2025-08-29,121.6912498169872,93.05671748753763,218.8566480935156,106.72476388880602,413.1769772061861
2025-09-01,122.46467790140147,93.26438599404327,219.64497231710047,106.68224642219076,411.03279711379867
2025-09-02,124.41121155483181,93.23341027323472,216.89085466624167,106.66057692169821,410.9162949200524
2025-09-03,126.27799034625062,93.62700442439721,217.62166714895872,109.94871228303862,410.964320134408
2025-09-04,125.85573647635997,92.90343163896563,216.64742392635702,108.81418756630501,407.9835455535876
2025-09-05,126.37666161981443,92.04916461775608,219.80425778635703,109.10725897690313,405.01963276231254
2025-09-08,125.64127450089688,93.25949514021022,220.6051830805678,109.82591300818099,409.29688875588045
2025-09-09,125.72090014840423,94.58598370908132,223.43765595134658,109.86812501521808,407.7453911523313
2025-09-10,125.01914397284087,93.69063505262338,221.8443397609108,110.03324956162697,403.4675142056541
2025-09-11,127.11187198096599,94.63981133991446,222.0577308835387,108.9331618287938,403.45484413644243
2025-09-12,127.6260574372918,94.59537894113399,219.9777765370352,109.09285080481395,404.0928460595397
2025-09-15,127.39904801141063,94.95534345675095,219.15746135545197,109.69604917562337,396.35791400390985
2025-09-16,128.98040020087015,95.4315177472427,218.67124353435497,110.10003456471891,396.3549557666741
2025-09-17,126.2613925738357,96.42373676252856,217.1766002601944,110.77391990708408,399.9701670932472
2025-09-18,123.79330459345832,96.54213887406472,214.63862930079983,112.39477444920006,401.9397717651448
2025-09-19,124.83235322164978,97.95235678997416,211.7106844895115,113.49821513699092,411.1673079907773
2025-09-22,124.95783337310553,98.29521354538227,206.8974305070335,113.62460285516951,416.5103461064094
2025-09-23,125.32129635390241,98.95024780358476,204.80528551894997,112.34589650437267,422.7583089618416
2025-09-24,123.71949293834533,98.16841758666473,206.17692099866338,111.71851189108541,434.93713417055915
2025-09-25,123.74023784529278,100.35070900797822,202.98856647592604,111.51801077641505,438.42250298340593
2025-09-26,126.29489467652529,100.86362831736241,200.31045263630918,111.84450604723612,439.31371305665186
2025-09-29,127.39106440124259,101.62599554227518,204.01171362511175,111.3553278327198,443.78986311555985
2025-09-30,127.65849210991821,100.0447420016225,202.79841405163185,110.36233511427295,441.4915165486609
2025-10-01,127.15008099746284,99.264746285138,203.5319330058596,109.10240333131867,442.1440208315147
2025-10-02,126.70003966281367,100.54137382070142,204.92541485997205,107.35865483957139,439.46513779606147
2025-10-03,124.0804842370241,100.87057240925918,206.3701382837662,107.14956226634295,441.39414853636765
2025-10-06,124.45034807167394,98.99807806139273,203.3336451406361,105.62858038603704,438.70146441880314
2025-10-07,125.55722826853382,100.07134040783328,202.94552741540892,104.61884787490257,435.87254004144097
2025-10-08,123.6438757096783,99.56846596382843,199.76772816690692,104.24925419814977,437.85359398295054
2025-10-09,122.87791415182608,101.02405709416983,204.79684977141454,102.9069861947883,437.42596988061894
2025-10-10,121.5124404722407,100.97574310748885,201.63714262355109,103.3398483601085,429.246895951471
2025-10-13,120.393210044951,101.22314007714077,199.6151686524607,104.14928328371016,423.21346587280857
2025-10-14,120.50580819737667,102.46455494814298,197.62777707854667,103.6200678215371,418.55321329909697
2025-10-15,118.06719730039103,101.58968492702986,194.7698768440907,103.20948346147567,415.039756829874
2025-10-16,118.84220864011309,100.62628799459921,197.50120429614813,103.80716969300958,416.93008610719113
2025-10-17,119.78939822051164,100.46893260484802,202.42494199780842,103.10986699140341,418.0110790165415
